llama-mtp-vocab-v1 248320 32768
0
1
2
3
4
5
6
7
8
9
10
11
12
13
14
15
16
17
18
19
20
21
22
23
24
25
26
27
28
29
30
31
32
33
34
35
36
37
38
39
40
41
42
43
44
45
46
47
48
49
50
51
52
53
54
55
56
57
58
59
60
61
62
63
64
65
66
67
68
69
70
71
72
73
74
75
76
77
78
79
80
81
82
83
84
85
86
87
88
89
90
91
92
93
94
95
96
97
98
99
100
101
102
103
104
105
106
107
108
109
110
111
112
113
114
115
116
117
118
119
120
121
122
123
124
125
126
127
128
129
130
131
132
133
134
135
136
137
138
139
140
141
142
143
144
145
146
147
148
149
150
151
152
153
154
155
156
157
158
159
160
161
162
163
164
165
166
167
168
169
170
171
172
173
174
175
176
177
178
179
180
181
182
183
184
185
186
187
188
189
190
191
192
193
194
195
196
197
198
199
200
201
202
203
204
205
206
207
208
209
210
211
212
213
214
215
216
217
218
219
220
221
222
223
224
225
226
227
228
229
230
231
232
233
234
235
236
237
238
239
240
241
242
243
244
245
246
247
248
249
250
251
252
253
254
255
256
257
258
259
260
261
262
263
264
265
266
267
268
269
270
271
272
273
274
275
276
277
278
279
280
281
282
283
284
285
286
287
288
289
290
291
292
293
294
295
296
297
298
299
300
301
302
303
304
305
306
307
308
309
310
311
312
313
314
315
316
317
318
319
320
321
322
323
324
325
326
327
328
329
330
331
332
333
334
335
336
337
338
339
340
341
342
343
344
345
346
347
348
349
350
351
352
353
354
355
356
357
358
359
360
361
362
363
364
365
366
367
368
369
370
371
372
373
374
375
376
377
378
379
380
381
382
383
384
385
386
387
388
389
390
391
393
394
395
396
397
398
399
400
401
402
403
405
406
407
408
409
410
411
412
413
414
415
416
417
418
419
420
421
423
424
425
426
427
428
429
430
431
432
433
434
435
436
437
438
439
440
441
442
443
444
445
446
447
448
449
450
451
452
453
454
455
456
457
458
459
460
461
462
463
464
466
467
468
469
470
471
472
473
474
475
476
477
478
479
480
481
482
483
484
485
486
487
488
489
490
491
492
493
494
495
496
497
498
499
500
501
502
503
504
505
506
507
508
509
510
511
512
513
514
515
516
517
518
519
520
521
522
523
524
525
526
528
529
530
531
532
533
534
535
536
537
538
539
540
541
542
543
544
545
547
548
549
550
551
552
553
554
556
557
558
559
560
561
562
563
564
565
566
567
568
569
570
571
572
573
574
575
576
577
578
579
580
581
582
583
585
586
587
588
589
590
591
592
593
594
595
596
597
598
599
600
602
603
604
605
606
607
608
609
610
611
612
613
614
615
616
617
619
620
621
622
623
624
625
626
627
628
629
630
631
632
633
634
635
636
637
638
639
640
641
642
643
644
645
646
647
648
649
650
651
652
653
654
655
656
657
658
659
660
661
662
663
664
665
666
667
668
669
670
671
672
673
674
675
676
677
678
679
680
681
682
683
684
685
686
687
688
689
691
692
693
694
695
696
697
698
701
702
703
704
706
707
708
709
710
712
713
714
715
716
717
718
719
720
721
722
723
724
725
726
727
728
729
730
731
732
733
734
735
736
737
738
739
740
741
742
743
744
745
746
747
748
749
750
751
752
753
754
755
757
758
759
760
761
762
763
764
765
766
767
768
769
770
771
772
773
776
777
778
779
780
781
782
783
784
785
786
787
788
789
790
791
792
793
794
795
796
797
798
799
800
801
802
803
804
805
806
807
808
809
810
811
812
813
814
815
816
817
818
819
821
822
823
824
825
826
827
828
829
830
831
832
833
834
835
836
837
839
840
841
842
843
844
845
846
847
848
849
850
851
852
853
854
855
856
857
858
859
860
861
862
863
864
866
867
868
869
870
871
872
873
874
875
876
877
878
879
880
881
882
883
884
885
886
887
888
889
890
891
892
893
894
895
896
897
898
899
900
901
902
903
904
905
906
907
908
909
910
911
912
913
914
915
916
917
918
919
920
922
923
924
925
926
927
928
930
931
932
933
935
936
937
938
939
940
941
942
943
944
945
946
947
948
949
950
951
952
954
955
956
957
958
959
960
961
962
965
966
967
968
969
970
972
973
974
975
976
977
978
979
980
981
982
983
984
985
986
987
988
989
991
992
993
994
995
997
998
999
1000
1001
1002
1003
1004
1005
1006
1007
1008
1009
1010
1011
1012
1013
1014
1015
1016
1017
1018
1019
1020
1021
1022
1023
1024
1025
1026
1027
1028
1029
1030
1031
1032
1034
1035
1036
1037
1038
1039
1040
1041
1042
1043
1044
1045
1046
1047
1048
1049
1050
1051
1052
1053
1054
1055
1056
1057
1058
1059
1060
1061
1062
1063
1064
1065
1066
1067
1068
1070
1071
1072
1073
1074
1075
1076
1077
1078
1079
1080
1081
1082
1083
1085
1086
1087
1088
1089
1090
1091
1092
1093
1094
1095
1096
1097
1098
1099
1100
1101
1102
1103
1104
1105
1106
1107
1109
1110
1111
1112
1113
1114
1115
1116
1117
1118
1119
1120
1121
1122
1123
1124
1126
1128
1129
1130
1131
1132
1133
1134
1135
1136
1137
1138
1139
1140
1141
1142
1143
1144
1145
1146
1147
1148
1149
1150
1151
1152
1153
1154
1155
1156
1157
1158
1159
1160
1161
1162
1163
1164
1165
1166
1167
1170
1171
1172
1173
1174
1175
1176
1177
1178
1179
1180
1181
1182
1183
1184
1186
1187
1188
1189
1190
1191
1192
1193
1194
1195
1196
1197
1198
1199
1200
1201
1202
1203
1204
1205
1206
1208
1209
1210
1211
1212
1213
1214
1215
1216
1217
1218
1219
1220
1221
1222
1223
1224
1226
1227
1228
1229
1231
1232
1234
1235
1236
1237
1238
1240
1242
1243
1244
1245
1246
1247
1248
1249
1250
1251
1252
1253
1254
1255
1256
1257
1258
1259
1260
1261
1262
1264
1265
1266
1267
1268
1269
1270
1271
1272
1273
1274
1275
1277
1278
1280
1282
1283
1284
1285
1286
1287
1288
1289
1290
1291
1292
1293
1294
1295
1297
1298
1299
1300
1301
1302
1303
1304
1305
1306
1307
1308
1309
1310
1311
1312
1313
1314
1315
1316
1317
1318
1319
1320
1321
1322
1323
1324
1325
1326
1327
1328
1330
1331
1332
1333
1334
1335
1336
1338
1339
1340
1341
1342
1343
1344
1345
1346
1347
1348
1349
1350
1352
1353
1354
1355
1356
1357
1358
1360
1361
1362
1363
1364
1365
1366
1367
1368
1369
1370
1371
1372
1373
1374
1375
1376
1377
1378
1379
1380
1381
1382
1384
1385
1386
1387
1388
1389
1390
1391
1393
1394
1395
1396
1397
1401
1402
1404
1405
1406
1407
1409
1410
1411
1412
1413
1414
1416
1417
1418
1419
1420
1421
1422
1423
1425
1426
1427
1428
1429
1430
1432
1433
1434
1435
1436
1438
1439
1440
1441
1442
1444
1445
1446
1447
1448
1449
1451
1452
1453
1454
1455
1456
1457
1458
1459
1460
1461
1462
1463
1464
1465
1466
1467
1468
1469
1470
1471
1472
1473
1474
1475
1476
1477
1478
1479
1480
1481
1482
1483
1484
1485
1487
1488
1489
1490
1493
1494
1495
1496
1497
1498
1500
1501
1502
1503
1505
1506
1508
1509
1510
1511
1513
1514
1515
1516
1517
1518
1519
1520
1521
1523
1524
1525
1526
1527
1528
1529
1531
1532
1533
1534
1535
1536
1537
1538
1539
1540
1541
1542
1543
1544
1545
1546
1547
1548
1549
1550
1551
1552
1553
1555
1557
1558
1559
1560
1562
1563
1564
1565
1566
1567
1568
1569
1570
1572
1573
1574
1575
1576
1577
1578
1579
1580
1581
1582
1583
1584
1585
1586
1587
1588
1589
1590
1591
1592
1593
1594
1595
1596
1597
1598
1599
1600
1601
1602
1603
1604
1605
1606
1607
1608
1609
1610
1611
1612
1615
1616
1617
1618
1619
1620
1622
1623
1626
1627
1628
1630
1631
1632
1633
1634
1635
1637
1638
1639
1640
1642
1643
1644
1645
1646
1647
1648
1649
1650
1651
1652
1653
1654
1655
1656
1657
1658
1659
1660
1661
1662
1663
1664
1665
1666
1667
1668
1669
1670
1671
1672
1673
1674
1675
1676
1678
1679
1680
1681
1682
1683
1684
1685
1686
1687
1688
1689
1690
1691
1692
1693
1695
1696
1697
1698
1699
1700
1701
1702
1703
1704
1705
1707
1708
1710
1711
1712
1713
1714
1715
1716
1718
1719
1720
1721
1722
1723
1724
1725
1726
1727
1728
1730
1731
1732
1733
1734
1736
1737
1738
1740
1741
1742
1743
1744
1745
1746
1748
1749
1752
1753
1754
1755
1756
1757
1759
1760
1761
1762
1763
1764
1765
1766
1767
1768
1769
1770
1771
1772
1773
1774
1775
1777
1778
1779
1780
1781
1782
1783
1784
1785
1786
1787
1788
1789
1790
1791
1792
1793
1794
1795
1796
1797
1798
1799
1800
1801
1802
1803
1804
1805
1806
1807
1808
1809
1810
1811
1812
1814
1815
1816
1817
1818
1819
1820
1821
1822
1824
1825
1826
1827
1828
1829
1830
1831
1833
1834
1835
1836
1837
1838
1839
1841
1842
1844
1845
1846
1847
1848
1849
1850
1851
1852
1853
1854
1855
1856
1857
1858
1859
1860
1861
1864
1865
1866
1867
1868
1869
1870
1871
1873
1874
1875
1876
1877
1878
1879
1880
1881
1882
1883
1884
1885
1886
1887
1888
1889
1890
1891
1892
1893
1894
1895
1896
1897
1898
1899
1900
1901
1902
1904
1905
1906
1907
1908
1910
1911
1912
1916
1917
1918
1919
1920
1921
1922
1923
1924
1925
1926
1927
1928
1929
1930
1931
1932
1933
1934
1935
1936
1937
1938
1940
1941
1942
1943
1944
1945
1946
1947
1948
1949
1950
1951
1952
1953
1954
1955
1956
1957
1958
1959
1960
1962
1964
1965
1966
1967
1968
1969
1970
1971
1972
1973
1975
1977
1980
1981
1982
1983
1984
1985
1986
1987
1988
1989
1990
1992
1993
1994
1996
1998
1999
2000
2001
2002
2003
2004
2005
2006
2007
2009
2010
2011
2012
2014
2015
2017
2018
2019
2020
2021
2022
2024
2025
2026
2027
2028
2029
2030
2031
2032
2033
2034
2035
2036
2037
2038
2041
2043
2044
2046
2047
2048
2050
2052
2053
2054
2055
2056
2058
2059
2060
2061
2064
2065
2068
2069
2070
2071
2072
2073
2074
2075
2076
2077
2078
2080
2081
2082
2083
2084
2085
2086
2087
2088
2089
2091
2093
2094
2095
2096
2098
2099
2100
2101
2103
2104
2105
2107
2108
2109
2110
2112
2113
2114
2116
2117
2118
2119
2120
2121
2122
2123
2124
2126
2127
2128
2129
2131
2132
2133
2134
2135
2136
2138
2139
2140
2141
2142
2143
2144
2145
2146
2147
2148
2149
2150
2152
2153
2154
2155
2156
2158
2159
2160
2162
2163
2164
2166
2167
2168
2169
2170
2171
2172
2173
2174
2176
2177
2179
2180
2181
2182
2184
2185
2186
2187
2189
2190
2191
2192
2193
2194
2195
2196
2197
2198
2199
2200
2201
2202
2203
2204
2205
2206
2208
2209
2210
2211
2212
2213
2215
2216
2217
2218
2220
2221
2222
2224
2225
2226
2227
2228
2229
2230
2231
2232
2233
2234
2235
2236
2237
2238
2241
2243
2244
2246
2248
2250
2251
2252
2253
2254
2255
2256
2257
2258
2259
2260
2261
2262
2263
2264
2266
2267
2270
2271
2272
2274
2275
2276
2277
2278
2279
2280
2282
2283
2285
2286
2287
2288
2290
2291
2293
2294
2295
2297
2298
2299
2300
2301
2302
2303
2304
2305
2306
2307
2308
2309
2310
2311
2312
2313
2314
2315
2316
2317
2318
2319
2320
2321
2322
2323
2324
2325
2327
2329
2330
2331
2332
2333
2334
2335
2336
2337
2338
2339
2340
2341
2342
2343
2344
2346
2347
2348
2349
2350
2351
2353
2354
2355
2356
2357
2358
2359
2361
2362
2364
2365
2366
2367
2368
2369
2370
2372
2373
2374
2376
2377
2378
2379
2380
2381
2382
2383
2384
2385
2386
2387
2388
2389
2390
2391
2392
2393
2394
2395
2396
2397
2398
2399
2400
2402
2404
2405
2406
2407
2408
2410
2412
2413
2414
2415
2416
2418
2420
2421
2422
2423
2424
2425
2426
2427
2428
2429
2430
2431
2432
2433
2434
2435
2436
2437
2438
2439
2440
2441
2442
2443
2444
2445
2446
2447
2448
2449
2450
2452
2454
2456
2458
2459
2460
2461
2463
2464
2465
2466
2467
2468
2469
2470
2471
2472
2473
2475
2476
2477
2478
2479
2480
2481
2482
2483
2484
2485
2486
2487
2488
2489
2490
2491
2492
2493
2495
2496
2497
2498
2499
2500
2501
2502
2503
2504
2505
2506
2507
2508
2510
2511
2512
2513
2514
2515
2516
2518
2519
2521
2522
2523
2524
2525
2526
2527
2528
2530
2531
2532
2533
2534
2535
2536
2537
2538
2539
2540
2541
2542
2543
2544
2545
2548
2549
2551
2552
2553
2554
2556
2557
2558
2559
2560
2561
2562
2563
2564
2565
2566
2568
2569
2570
2571
2572
2573
2574
2575
2576
2577
2578
2579
2580
2581
2582
2583
2585
2586
2587
2588
2589
2590
2592
2594
2595
2596
2597
2598
2599
2600
2601
2602
2603
2604
2605
2606
2607
2608
2609
2610
2611
2612
2613
2614
2615
2617
2618
2619
2621
2622
2623
2624
2625
2626
2627
2629
2630
2631
2632
2634
2636
2638
2639
2640
2641
2643
2645
2646
2647
2648
2649
2651
2652
2653
2654
2655
2656
2657
2658
2659
2660
2661
2662
2663
2664
2665
2666
2668
2669
2670
2671
2672
2673
2674
2675
2676
2677
2678
2679
2680
2681
2682
2683
2684
2685
2686
2688
2689
2690
2691
2692
2693
2694
2695
2696
2697
2699
2700
2701
2702
2703
2704
2705
2706
2707
2708
2709
2711
2712
2713
2714
2715
2716
2717
2718
2719
2720
2721
2723
2724
2725
2726
2727
2730
2731
2732
2733
2734
2735
2736
2737
2738
2739
2740
2741
2742
2743
2744
2745
2746
2747
2748
2750
2751
2752
2754
2756
2757
2758
2759
2760
2761
2762
2763
2764
2765
2766
2767
2768
2769
2770
2771
2772
2773
2774
2776
2777
2779
2781
2782
2783
2784
2785
2786
2787
2788
2789
2790
2791
2792
2793
2794
2795
2796
2797
2798
2799
2800
2801
2803
2804
2805
2806
2807
2809
2812
2813
2814
2815
2816
2817
2818
2819
2820
2821
2822
2823
2824
2825
2827
2828
2829
2830
2831
2832
2833
2834
2835
2836
2837
2838
2839
2840
2841
2842
2843
2844
2845
2846
2847
2849
2850
2852
2854
2855
2856
2857
2858
2859
2861
2862
2863
2864
2865
2866
2867
2868
2869
2870
2871
2872
2873
2874
2875
2876
2877
2878
2879
2880
2881
2882
2883
2884
2885
2887
2890
2891
2892
2893
2894
2895
2896
2897
2898
2899
2900
2901
2902
2903
2904
2905
2906
2907
2908
2909
2910
2911
2912
2913
2914
2915
2916
2918
2919
2920
2921
2922
2923
2924
2925
2926
2928
2929
2930
2931
2932
2933
2934
2935
2936
2937
2938
2939
2940
2942
2943
2944
2945
2946
2948
2949
2950
2951
2952
2953
2954
2956
2957
2958
2959
2960
2961
2962
2963
2964
2965
2967
2968
2969
2972
2973
2974
2975
2977
2978
2979
2980
2981
2982
2983
2984
2985
2986
2987
2988
2989
2990
2991
2992
2993
2994
2995
2996
2997
2998
3000
3001
3002
3003
3004
3005
3006
3008
3009
3010
3012
3013
3014
3015
3016
3017
3018
3019
3021
3022
3023
3024
3025
3026
3028
3029
3032
3033
3034
3035
3036
3037
3038
3039
3040
3041
3042
3043
3044
3045
3046
3047
3048
3049
3050
3051
3052
3053
3054
3055
3056
3057
3058
3059
3060
3061
3062
3063
3064
3065
3066
3067
3069
3070
3071
3072
3074
3075
3076
3077
3078
3079
3081
3082
3083
3084
3085
3086
3087
3088
3089
3090
3091
3092
3094
3095
3096
3097
3098
3099
3101
3102
3103
3104
3105
3106
3107
3108
3109
3110
3111
3112
3113
3114
3115
3117
3118
3120
3122
3123
3124
3125
3126
3127
3128
3129
3130
3131
3132
3133
3134
3135
3136
3137
3138
3140
3141
3143
3144
3145
3146
3147
3148
3149
3150
3151
3152
3153
3154
3155
3156
3157
3158
3159
3160
3161
3162
3163
3164
3165
3166
3167
3168
3169
3170
3171
3172
3173
3175
3176
3177
3178
3179
3180
3181
3182
3183
3184
3186
3187
3189
3190
3191
3192
3193
3194
3195
3196
3197
3198
3199
3200
3201
3202
3203
3204
3205
3208
3209
3210
3212
3213
3214
3215
3216
3217
3218
3219
3221
3222
3223
3224
3225
3226
3227
3228
3229
3230
3231
3232
3233
3234
3235
3237
3238
3239
3240
3242
3244
3246
3248
3250
3251
3252
3253
3254
3255
3256
3257
3258
3260
3262
3263
3264
3265
3266
3267
3268
3269
3270
3272
3273
3274
3276
3277
3278
3281
3282
3283
3284
3285
3286
3287
3288
3289
3291
3292
3294
3295
3296
3297
3299
3300
3301
3302
3304
3305
3306
3307
3308
3309
3310
3311
3312
3313
3314
3315
3316
3317
3318
3319
3320
3322
3323
3325
3327
3328
3329
3330
3331
3332
3333
3334
3335
3336
3337
3338
3339
3340
3342
3343
3344
3345
3346
3347
3348
3349
3350
3351
3352
3353
3354
3355
3356
3357
3359
3360
3361
3362
3363
3364
3365
3366
3367
3369
3370
3371
3372
3373
3374
3375
3376
3377
3378
3379
3380
3381
3382
3383
3384
3385
3387
3388
3389
3390
3391
3392
3393
3394
3395
3397
3398
3399
3401
3402
3403
3404
3405
3406
3407
3408
3410
3411
3412
3413
3414
3415
3416
3417
3418
3420
3421
3422
3423
3424
3425
3426
3427
3428
3429
3430
3431
3432
3433
3434
3435
3436
3437
3438
3439
3440
3442
3443
3444
3445
3446
3447
3448
3449
3451
3455
3456
3457
3458
3459
3460
3462
3463
3464
3466
3467
3468
3469
3470
3471
3472
3473
3474
3476
3477
3478
3479
3480
3481
3482
3486
3487
3488
3489
3490
3491
3492
3493
3494
3495
3496
3497
3498
3499
3500
3501
3502
3503
3504
3505
3506
3507
3508
3510
3511
3512
3513
3514
3515
3516
3518
3519
3520
3521
3522
3523
3524
3525
3526
3527
3528
3529
3531
3533
3534
3535
3536
3537
3538
3539
3541
3542
3543
3544
3545
3546
3547
3548
3549
3550
3551
3552
3553
3554
3555
3556
3557
3558
3559
3560
3561
3562
3563
3564
3565
3566
3567
3568
3569
3570
3571
3572
3573
3574
3575
3576
3577
3578
3579
3580
3581
3583
3584
3585
3586
3587
3588
3589
3590
3591
3593
3594
3595
3596
3597
3598
3599
3600
3601
3602
3603
3604
3605
3606
3608
3609
3611
3613
3614
3615
3616
3618
3619
3620
3621
3622
3623
3624
3625
3626
3627
3628
3629
3630
3631
3632
3633
3634
3635
3636
3637
3638
3639
3641
3642
3643
3644
3645
3646
3648
3650
3651
3653
3654
3655
3656
3657
3658
3659
3660
3661
3662
3663
3664
3665
3667
3668
3669
3670
3671
3672
3673
3674
3675
3676
3677
3678
3679
3680
3681
3682
3683
3684
3686
3687
3689
3690
3691
3692
3693
3694
3695
3696
3697
3699
3700
3701
3702
3703
3704
3705
3706
3708
3709
3710
3711
3712
3713
3714
3715
3716
3717
3718
3719
3720
3721
3722
3723
3725
3726
3727
3728
3729
3730
3731
3732
3733
3736
3738
3739
3740
3741
3742
3743
3744
3745
3746
3747
3748
3749
3750
3751
3752
3753
3754
3755
3756
3757
3758
3759
3760
3761
3762
3763
3764
3765
3766
3768
3769
3770
3771
3772
3773
3774
3775
3776
3777
3778
3779
3780
3782
3783
3785
3786
3787
3788
3789
3790
3791
3793
3794
3795
3796
3797
3798
3799
3800
3801
3802
3803
3804
3805
3806
3807
3808
3809
3811
3812
3813
3814
3815
3816
3817
3818
3820
3822
3825
3826
3827
3829
3831
3833
3834
3835
3836
3837
3838
3839
3840
3841
3842
3843
3844
3845
3846
3847
3848
3849
3850
3851
3852
3853
3854
3855
3856
3858
3859
3860
3863
3864
3865
3866
3867
3868
3869
3870
3873
3874
3875
3876
3878
3879
3881
3882
3883
3884
3885
3886
3888
3889
3890
3891
3892
3894
3895
3896
3897
3899
3900
3902
3903
3905
3906
3908
3909
3911
3912
3913
3914
3915
3916
3918
3919
3920
3921
3922
3923
3924
3925
3926
3927
3928
3929
3930
3931
3934
3935
3936
3938
3940
3942
3943
3944
3945
3946
3947
3949
3950
3952
3953
3954
3955
3956
3957
3958
3959
3960
3962
3964
3965
3966
3967
3968
3969
3970
3971
3972
3974
3975
3976
3977
3978
3979
3980
3981
3982
3983
3984
3986
3988
3989
3990
3991
3992
3993
3994
3995
3996
3997
3998
3999
4000
4001
4002
4003
4004
4005
4006
4007
4008
4009
4010
4011
4012
4013
4014
4015
4016
4017
4018
4019
4020
4021
4022
4024
4025
4026
4028
4029
4030
4031
4034
4035
4036
4037
4038
4040
4041
4042
4043
4044
4045
4046
4047
4048
4050
4051
4052
4053
4054
4055
4056
4058
4059
4060
4062
4063
4064
4066
4067
4068
4069
4070
4071
4072
4073
4075
4076
4077
4079
4081
4082
4084
4086
4087
4088
4089
4090
4091
4092
4093
4095
4097
4098
4099
4100
4101
4102
4104
4105
4106
4107
4108
4109
4110
4111
4112
4114
4115
4117
4118
4119
4120
4121
4122
4123
4124
4125
4126
4127
4128
4129
4130
4131
4132
4133
4134
4135
4137
4138
4139
4140
4142
4143
4144
4145
4146
4147
4148
4149
4150
4151
4152
4154
4155
4156
4158
4159
4160
4161
4162
4164
4165
4166
4168
4169
4170
4171
4172
4173
4175
4176
4177
4178
4179
4180
4181
4182
4183
4184
4185
4186
4188
4189
4190
4191
4192
4193
4194
4195
4196
4197
4199
4202
4203
4204
4205
4206
4207
4209
4210
4211
4212
4213
4216
4217
4219
4220
4221
4222
4223
4224
4225
4226
4227
4228
4229
4230
4232
4233
4234
4235
4236
4237
4238
4240
4241
4242
4243
4244
4245
4246
4247
4248
4249
4252
4253
4254
4255
4256
4257
4258
4259
4260
4261
4262
4263
4264
4265
4266
4267
4268
4270
4271
4272
4273
4274
4275
4276
4277
4278
4279
4281
4282
4283
4284
4285
4286
4288
4289
4290
4291
4292
4293
4294
4296
4297
4299
4300
4302
4303
4304
4306
4307
4308
4309
4310
4311
4312
4313
4314
4315
4318
4319
4321
4322
4324
4325
4326
4327
4329
4330
4331
4332
4334
4335
4336
4337
4338
4339
4340
4341
4342
4343
4344
4345
4346
4350
4351
4354
4356
4357
4360
4361
4362
4364
4368
4369
4370
4371
4372
4373
4374
4375
4377
4378
4379
4380
4381
4382
4383
4384
4385
4386
4387
4390
4391
4392
4393
4394
4395
4396
4397
4399
4400
4404
4405
4406
4408
4409
4410
4412
4413
4415
4416
4417
4418
4420
4421
4422
4424
4425
4426
4427
4428
4429
4430
4431
4432
4433
4434
4435
4437
4438
4439
4440
4441
4442
4443
4444
4447
4448
4449
4450
4451
4452
4454
4455
4456
4459
4460
4461
4462
4463
4464
4465
4466
4467
4468
4469
4470
4471
4472
4473
4474
4475
4477
4478
4479
4480
4481
4482
4483
4486
4487
4489
4490
4492
4493
4494
4496
4497
4498
4499
4500
4501
4502
4503
4505
4506
4507
4508
4512
4514
4515
4516
4517
4518
4519
4520
4523
4524
4525
4526
4528
4530
4531
4532
4534
4535
4536
4537
4540
4541
4542
4543
4544
4545
4546
4547
4548
4549
4551
4552
4554
4555
4556
4557
4558
4559
4560
4561
4562
4563
4564
4565
4566
4567
4568
4570
4573
4574
4575
4577
4578
4580
4581
4582
4583
4584
4586
4587
4588
4589
4590
4591
4592
4593
4594
4595
4598
4599
4600
4601
4602
4603
4606
4609
4610
4611
4612
4613
4614
4615
4616
4617
4618
4619
4620
4621
4623
4625
4626
4627
4628
4629
4630
4631
4633
4634
4635
4637
4638
4639
4642
4643
4644
4645
4648
4649
4650
4651
4652
4653
4654
4657
4659
4660
4661
4662
4663
4664
4665
4666
4667
4668
4670
4671
4672
4673
4674
4675
4676
4677
4678
4679
4680
4681
4682
4684
4686
4687
4688
4689
4690
4691
4692
4693
4694
4695
4696
4697
4699
4700
4701
4702
4703
4704
4706
4707
4708
4710
4711
4712
4713
4714
4715
4716
4717
4718
4719
4720
4721
4722
4723
4725
4726
4727
4729
4732
4734
4735
4736
4737
4738
4741
4742
4744
4745
4746
4747
4748
4749
4750
4751
4752
4754
4755
4756
4757
4758
4759
4761
4762
4763
4764
4766
4767
4769
4770
4771
4773
4774
4775
4776
4777
4778
4779
4780
4781
4782
4783
4786
4788
4790
4791
4792
4793
4794
4795
4796
4797
4798
4799
4800
4801
4802
4803
4804
4805
4806
4807
4808
4809
4810
4811
4816
4818
4820
4821
4822
4823
4825
4826
4827
4829
4830
4831
4833
4834
4836
4837
4838
4839
4840
4841
4842
4843
4844
4845
4846
4847
4848
4849
4850
4851
4852
4853
4855
4856
4858
4859
4860
4861
4862
4863
4864
4866
4868
4871
4872
4873
4874
4875
4876
4878
4879
4880
4881
4883
4884
4885
4886
4887
4888
4889
4890
4891
4892
4893
4895
4896
4897
4898
4899
4900
4903
4904
4906
4907
4908
4909
4910
4911
4912
4913
4914
4916
4917
4918
4919
4920
4921
4922
4923
4924
4925
4926
4927
4928
4929
4931
4932
4933
4934
4935
4936
4937
4938
4939
4941
4942
4944
4945
4946
4947
4948
4949
4950
4951
4952
4953
4954
4955
4956
4958
4959
4960
4961
4962
4963
4965
4967
4968
4969
4970
4971
4972
4973
4974
4976
4977
4978
4979
4980
4981
4982
4983
4984
4985
4986
4987
4989
4990
4992
4993
4994
4995
4996
4997
4998
5000
5001
5003
5004
5008
5010
5011
5012
5013
5014
5015
5016
5017
5018
5019
5020
5022
5024
5025
5026
5028
5029
5031
5032
5033
5034
5036
5037
5038
5039
5040
5041
5042
5043
5044
5045
5046
5048
5049
5052
5053
5054
5055
5056
5057
5058
5059
5060
5061
5062
5064
5065
5066
5067
5068
5069
5070
5071
5072
5073
5074
5075
5076
5077
5078
5079
5080
5081
5082
5083
5084
5085
5087
5088
5089
5090
5091
5093
5094
5095
5096
5097
5098
5099
5101
5102
5104
5106
5108
5109
5110
5111
5112
5115
5116
5117
5118
5119
5120
5121
5122
5124
5125
5126
5127
5128
5129
5130
5131
5132
5133
5134
5135
5136
5137
5138
5140
5141
5142
5143
5144
5145
5146
5147
5148
5149
5150
5151
5152
5154
5157
5158
5160
5161
5162
5163
5164
5165
5166
5167
5168
5169
5170
5171
5173
5174
5175
5176
5177
5181
5182
5183
5184
5186
5187
5188
5189
5190
5192
5193
5194
5197
5198
5199
5200
5201
5202
5203
5204
5205
5206
5207
5208
5210
5211
5212
5213
5214
5215
5216
5217
5218
5219
5221
5222
5223
5224
5225
5226
5227
5228
5229
5230
5231
5232
5233
5235
5236
5237
5238
5242
5243
5245
5246
5247
5248
5251
5252
5253
5254
5255
5257
5258
5259
5260
5261
5262
5263
5264
5265
5266
5267
5268
5269
5270
5271
5272
5273
5274
5275
5276
5279
5280
5281
5282
5283
5284
5285
5286
5287
5288
5289
5290
5291
5292
5295
5297
5298
5299
5300
5302
5303
5304
5305
5306
5307
5308
5309
5310
5312
5313
5314
5315
5316
5317
5318
5319
5320
5323
5324
5326
5327
5328
5330
5331
5332
5333
5334
5335
5337
5339
5340
5342
5343
5344
5346
5348
5350
5351
5352
5353
5354
5356
5357
5358
5359
5361
5362
5363
5364
5365
5367
5368
5369
5370
5371
5372
5373
5374
5375
5376
5378
5379
5380
5381
5382
5383
5384
5385
5386
5387
5388
5391
5392
5394
5395
5396
5398
5399
5400
5401
5402
5403
5404
5405
5406
5407
5408
5409
5411
5412
5414
5415
5416
5417
5418
5419
5423
5424
5425
5426
5427
5428
5429
5430
5432
5433
5434
5435
5436
5437
5438
5439
5440
5441
5442
5443
5444
5445
5446
5447
5448
5449
5450
5452
5453
5454
5455
5456
5457
5458
5459
5460
5461
5462
5466
5467
5468
5469
5471
5473
5474
5475
5477
5478
5479
5480
5482
5483
5484
5486
5487
5488
5489
5490
5491
5492
5493
5494
5495
5496
5497
5498
5499
5500
5501
5502
5503
5505
5506
5508
5511
5512
5513
5514
5515
5516
5517
5518
5521
5522
5523
5524
5526
5527
5529
5530
5531
5532
5533
5534
5535
5536
5540
5542
5545
5546
5548
5549
5550
5551
5552
5553
5555
5557
5558
5559
5560
5561
5562
5564
5565
5566
5567
5568
5570
5571
5572
5574
5575
5576
5577
5578
5579
5581
5582
5584
5585
5586
5587
5588
5589
5590
5593
5594
5595
5596
5597
5598
5599
5600
5601
5602
5603
5604
5605
5606
5607
5608
5609
5610
5611
5612
5614
5615
5616
5617
5618
5619
5620
5621
5623
5626
5627
5628
5629
5631
5632
5633
5634
5636
5637
5638
5639
5640
5642
5643
5645
5646
5647
5648
5649
5650
5651
5652
5653
5654
5655
5656
5657
5658
5659
5661
5662
5663
5665
5666
5667
5668
5670
5671
5672
5673
5674
5675
5676
5677
5678
5680
5681
5682
5683
5684
5685
5686
5687
5689
5690
5691
5692
5693
5694
5695
5696
5697
5698
5699
5701
5702
5704
5705
5706
5707
5708
5709
5711
5712
5713
5714
5715
5716
5717
5721
5722
5723
5724
5725
5726
5727
5728
5730
5731
5732
5733
5734
5736
5737
5738
5740
5741
5742
5743
5744
5745
5746
5748
5749
5750
5751
5752
5753
5755
5756
5757
5758
5759
5761
5762
5763
5764
5767
5768
5769
5770
5772
5773
5774
5775
5776
5777
5779
5780
5781
5784
5785
5786
5787
5788
5789
5790
5791
5792
5793
5794
5799
5800
5801
5802
5805
5808
5810
5812
5813
5815
5816
5817
5818
5819
5820
5821
5822
5823
5824
5826
5827
5828
5829
5830
5832
5833
5834
5836
5837
5838
5839
5840
5842
5843
5844
5846
5847
5848
5849
5850
5851
5852
5853
5854
5855
5857
5858
5860
5861
5862
5864
5865
5867
5868
5869
5870
5871
5872
5874
5875
5876
5877
5878
5879
5880
5882
5883
5886
5887
5888
5889
5891
5893
5894
5895
5896
5898
5899
5901
5902
5903
5904
5908
5909
5910
5911
5912
5913
5914
5915
5916
5917
5918
5919
5920
5921
5922
5923
5924
5925
5927
5928
5930
5931
5933
5934
5935
5936
5937
5938
5939
5940
5941
5943
5944
5945
5946
5947
5948
5949
5951
5952
5953
5954
5955
5956
5958
5960
5961
5963
5964
5966
5968
5969
5970
5971
5972
5975
5976
5978
5979
5981
5982
5983
5984
5985
5987
5988
5989
5990
5991
5992
5995
5996
5998
5999
6000
6001
6004
6005
6006
6007
6008
6009
6010
6011
6012
6013
6014
6015
6016
6017
6018
6019
6020
6021
6022
6025
6026
6027
6028
6030
6031
6032
6033
6035
6037
6038
6040
6041
6042
6043
6044
6045
6046
6047
6051
6052
6053
6054
6056
6057
6058
6059
6060
6061
6062
6063
6064
6065
6066
6067
6068
6069
6070
6072
6073
6074
6075
6076
6077
6078
6079
6080
6081
6082
6083
6084
6085
6086
6087
6088
6090
6092
6093
6094
6095
6096
6097
6101
6103
6104
6105
6106
6107
6108
6110
6112
6113
6115
6117
6121
6122
6124
6125
6126
6127
6129
6130
6131
6132
6133
6134
6135
6136
6138
6139
6140
6141
6142
6143
6144
6146
6148
6149
6150
6151
6152
6153
6154
6156
6157
6158
6159
6160
6161
6162
6163
6164
6165
6167
6169
6170
6171
6172
6173
6175
6176
6177
6178
6179
6180
6181
6182
6183
6184
6185
6186
6187
6188
6189
6190
6193
6194
6195
6196
6197
6198
6199
6202
6203
6204
6205
6206
6207
6208
6209
6210
6211
6212
6213
6214
6217
6218
6219
6220
6221
6222
6223
6224
6225
6226
6227
6228
6229
6231
6232
6233
6234
6235
6236
6237
6238
6239
6241
6243
6244
6245
6246
6247
6248
6249
6250
6251
6252
6253
6254
6255
6256
6257
6258
6259
6260
6261
6262
6263
6264
6265
6266
6267
6268
6269
6271
6273
6275
6276
6277
6278
6279
6280
6281
6282
6283
6284
6286
6289
6290
6292
6295
6297
6298
6299
6301
6302
6304
6305
6306
6308
6309
6310
6311
6312
6313
6314
6316
6317
6318
6319
6320
6321
6322
6323
6324
6325
6326
6327
6328
6329
6330
6331
6332
6333
6334
6335
6336
6337
6338
6339
6340
6342
6343
6344
6345
6347
6348
6349
6350
6351
6352
6353
6354
6355
6356
6357
6358
6359
6361
6362
6363
6364
6365
6368
6369
6371
6373
6374
6375
6376
6378
6379
6380
6381
6383
6384
6385
6386
6387
6391
6392
6394
6395
6396
6397
6398
6399
6400
6401
6403
6404
6405
6406
6407
6408
6409
6411
6414
6415
6416
6418
6419
6420
6424
6425
6426
6427
6428
6429
6430
6433
6434
6435
6436
6437
6438
6440
6441
6443
6445
6446
6447
6448
6449
6450
6451
6452
6453
6454
6455
6456
6457
6458
6459
6463
6464
6465
6466
6468
6469
6470
6471
6472
6473
6474
6475
6476
6477
6478
6479
6480
6481
6483
6486
6487
6488
6489
6491
6492
6494
6496
6497
6498
6500
6501
6502
6503
6504
6505
6507
6508
6509
6510
6511
6512
6513
6515
6516
6517
6518
6519
6520
6521
6522
6523
6525
6526
6527
6528
6529
6530
6531
6532
6533
6534
6535
6536
6540
6541
6542
6543
6544
6545
6546
6547
6549
6550
6551
6552
6553
6554
6555
6556
6557
6558
6559
6560
6561
6562
6563
6564
6566
6568
6569
6570
6571
6572
6573
6574
6575
6576
6577
6578
6579
6580
6581
6584
6585
6586
6587
6588
6589
6590
6591
6592
6593
6594
6596
6599
6600
6601
6602
6603
6604
6605
6607
6608
6609
6611
6612
6614
6616
6618
6620
6621
6622
6623
6624
6625
6627
6628
6629
6630
6631
6632
6633
6634
6635
6636
6637
6638
6639
6641
6642
6643
6644
6645
6646
6647
6648
6649
6650
6651
6652
6653
6654
6655
6656
6657
6659
6660
6661
6662
6663
6664
6665
6666
6667
6668
6669
6670
6672
6673
6674
6675
6676
6677
6679
6681
6683
6684
6685
6686
6687
6688
6692
6694
6695
6696
6697
6699
6700
6701
6702
6703
6704
6705
6707
6708
6709
6710
6711
6712
6713
6714
6715
6716
6717
6718
6720
6721
6724
6725
6728
6729
6730
6731
6734
6735
6737
6738
6739
6741
6742
6743
6744
6745
6746
6747
6748
6749
6750
6751
6752
6754
6755
6756
6757
6758
6759
6761
6762
6763
6764
6765
6766
6767
6768
6769
6771
6774
6775
6776
6777
6778
6779
6780
6781
6783
6784
6785
6786
6788
6789
6790
6791
6792
6794
6795
6796
6797
6799
6800
6801
6802
6803
6804
6805
6806
6807
6808
6810
6811
6812
6813
6816
6817
6818
6819
6820
6821
6823
6824
6825
6826
6829
6830
6832
6833
6835
6836
6838
6841
6842
6843
6844
6846
6847
6848
6849
6850
6851
6852
6853
6854
6855
6856
6857
6859
6860
6861
6862
6863
6864
6865
6866
6867
6868
6869
6870
6871
6872
6873
6875
6876
6878
6879
6880
6881
6885
6886
6889
6891
6892
6893
6895
6898
6899
6900
6901
6902
6903
6905
6906
6907
6908
6909
6910
6913
6914
6915
6916
6918
6920
6921
6922
6923
6924
6925
6926
6929
6930
6931
6933
6934
6936
6937
6941
6942
6943
6944
6945
6946
6948
6949
6951
6952
6953
6954
6957
6958
6960
6961
6962
6964
6966
6967
6968
6969
6970
6971
6972
6973
6974
6975
6976
6977
6978
6979
6980
6982
6983
6984
6986
6987
6988
6989
6990
6991
6992
6993
6994
6995
6999
7001
7002
7003
7004
7005
7006
7007
7008
7009
7010
7012
7013
7014
7016
7018
7019
7020
7021
7022
7023
7024
7025
7026
7027
7028
7029
7030
7031
7032
7033
7035
7036
7037
7038
7040
7041
7042
7043
7044
7047
7048
7049
7050
7051
7052
7054
7055
7056
7057
7059
7060
7061
7062
7063
7064
7065
7066
7068
7070
7071
7072
7073
7075
7077
7078
7080
7081
7082
7083
7086
7087
7088
7090
7091
7092
7093
7094
7095
7096
7098
7099
7101
7102
7106
7107
7108
7110
7111
7112
7113
7116
7117
7118
7119
7120
7121
7123
7124
7125
7127
7128
7129
7130
7131
7132
7133
7134
7135
7136
7137
7139
7141
7142
7143
7144
7145
7146
7147
7148
7150
7151
7153
7154
7155
7156
7157
7160
7161
7162
7164
7165
7166
7167
7168
7169
7170
7171
7172
7174
7176
7177
7179
7182
7183
7185
7186
7187
7188
7189
7190
7191
7192
7193
7194
7196
7197
7198
7199
7201
7202
7203
7204
7205
7206
7207
7209
7210
7211
7213
7214
7216
7217
7219
7220
7221
7222
7225
7226
7227
7228
7229
7230
7231
7233
7234
7236
7237
7239
7241
7242
7244
7245
7246
7247
7248
7249
7250
7251
7252
7253
7255
7256
7258
7260
7261
7262
7263
7265
7267
7268
7270
7271
7272
7274
7276
7277
7278
7279
7280
7281
7283
7284
7285
7286
7287
7288
7289
7290
7294
7295
7297
7298
7300
7302
7303
7304
7305
7308
7309
7310
7313
7314
7315
7316
7317
7318
7319
7320
7321
7322
7324
7325
7326
7327
7328
7329
7330
7331
7332
7333
7334
7335
7336
7337
7338
7339
7341
7342
7343
7344
7345
7346
7348
7350
7353
7354
7355
7359
7361
7362
7363
7365
7366
7367
7368
7369
7370
7371
7372
7373
7374
7376
7377
7379
7380
7381
7383
7384
7385
7386
7387
7388
7390
7391
7392
7393
7395
7397
7398
7401
7402
7403
7404
7407
7408
7409
7410
7413
7415
7418
7419
7421
7423
7424
7426
7427
7428
7429
7430
7431
7432
7433
7434
7435
7436
7437
7438
7439
7440
7441
7442
7443
7444
7445
7448
7449
7450
7453
7454
7455
7457
7458
7459
7460
7461
7462
7463
7464
7465
7466
7467
7468
7469
7470
7472
7473
7474
7477
7478
7479
7480
7481
7484
7489
7491
7493
7494
7495
7496
7497
7498
7499
7500
7501
7502
7503
7505
7506
7507
7508
7509
7511
7512
7514
7515
7516
7517
7518
7519
7520
7521
7522
7523
7524
7525
7526
7527
7528
7529
7531
7532
7533
7534
7535
7536
7537
7538
7539
7541
7542
7543
7544
7545
7547
7551
7552
7553
7554
7555
7556
7557
7559
7560
7561
7563
7564
7565
7566
7569
7571
7573
7574
7575
7576
7577
7578
7579
7580
7581
7582
7583
7584
7585
7586
7587
7588
7589
7590
7591
7592
7593
7594
7595
7596
7598
7599
7601
7602
7604
7605
7606
7607
7608
7609
7610
7611
7612
7613
7614
7615
7616
7617
7618
7620
7621
7622
7624
7625
7626
7627
7628
7629
7632
7633
7634
7635
7636
7637
7638
7639
7641
7642
7643
7644
7645
7646
7647
7649
7650
7652
7653
7654
7655
7656
7657
7658
7659
7660
7661
7662
7663
7664
7665
7666
7667
7669
7670
7671
7673
7674
7675
7676
7677
7678
7679
7682
7683
7685
7686
7687
7689
7690
7691
7692
7693
7694
7695
7696
7697
7698
7699
7700
7701
7702
7703
7705
7706
7708
7709
7711
7712
7713
7714
7715
7716
7717
7718
7719
7720
7722
7723
7724
7725
7726
7727
7728
7729
7730
7731
7732
7733
7734
7736
7737
7738
7739
7741
7742
7743
7744
7745
7747
7748
7749
7751
7752
7757
7759
7760
7761
7762
7763
7764
7765
7767
7768
7770
7771
7772
7773
7774
7776
7778
7779
7780
7782
7783
7784
7785
7786
7787
7788
7789
7790
7791
7792
7793
7794
7795
7796
7799
7800
7803
7804
7806
7807
7808
7810
7811
7812
7813
7815
7818
7819
7820
7821
7824
7825
7827
7830
7831
7832
7833
7834
7836
7837
7838
7839
7840
7842
7847
7848
7849
7850
7852
7853
7854
7855
7856
7857
7858
7859
7860
7861
7862
7863
7865
7867
7869
7870
7871
7872
7873
7874
7875
7876
7877
7878
7879
7880
7881
7883
7884
7885
7886
7888
7889
7890
7891
7892
7894
7895
7896
7897
7898
7899
7900
7902
7903
7904
7905
7906
7907
7909
7910
7911
7912
7913
7914
7915
7916
7917
7918
7919
7920
7922
7923
7924
7926
7928
7929
7930
7931
7932
7933
7934
7935
7936
7937
7940
7941
7942
7943
7944
7945
7946
7947
7948
7949
7950
7953
7954
7955
7956
7957
7960
7964
7965
7966
7967
7968
7969
7972
7973
7974
7975
7976
7977
7978
7979
7980
7981
7982
7984
7987
7988
7993
7994
7995
7998
7999
8001
8003
8004
8005
8006
8007
8008
8009
8010
8012
8013
8014
8015
8016
8017
8018
8019
8020
8021
8023
8024
8026
8027
8028
8029
8030
8032
8033
8034
8037
8038
8040
8041
8042
8043
8044
8045
8046
8047
8048
8049
8053
8054
8056
8057
8058
8059
8060
8061
8063
8064
8065
8066
8068
8069
8070
8071
8072
8073
8074
8075
8077
8078
8079
8080
8081
8082
8083
8084
8085
8086
8087
8088
8089
8090
8091
8092
8093
8094
8096
8097
8098
8099
8100
8102
8103
8105
8106
8107
8108
8109
8110
8112
8113
8114
8115
8117
8118
8119
8120
8121
8122
8123
8124
8125
8127
8129
8130
8132
8134
8135
8136
8137
8139
8141
8142
8144
8145
8146
8148
8150
8151
8152
8153
8155
8156
8158
8159
8160
8162
8163
8165
8166
8167
8168
8169
8172
8173
8174
8177
8178
8179
8180
8181
8182
8184
8185
8187
8189
8190
8191
8193
8194
8195
8196
8197
8198
8199
8200
8201
8202
8203
8204
8205
8206
8207
8209
8210
8211
8213
8214
8215
8217
8218
8220
8221
8222
8223
8224
8225
8228
8229
8230
8231
8232
8233
8234
8235
8236
8237
8238
8239
8240
8241
8242
8243
8245
8246
8249
8250
8251
8252
8253
8255
8256
8259
8260
8261
8262
8263
8264
8265
8266
8268
8273
8274
8275
8276
8279
8280
8282
8283
8284
8285
8286
8287
8288
8289
8290
8291
8292
8293
8294
8296
8297
8298
8299
8301
8302
8303
8305
8306
8307
8308
8310
8311
8312
8313
8314
8315
8317
8318
8319
8320
8322
8323
8324
8327
8328
8329
8330
8332
8333
8334
8335
8336
8337
8338
8339
8340
8341
8343
8344
8346
8347
8348
8349
8351
8352
8354
8355
8357
8358
8359
8360
8362
8363
8364
8365
8366
8368
8369
8371
8373
8376
8378
8379
8380
8381
8385
8386
8387
8388
8389
8390
8391
8393
8394
8395
8396
8397
8398
8400
8401
8403
8404
8405
8406
8407
8409
8410
8412
8413
8415
8416
8417
8418
8419
8420
8421
8422
8423
8424
8425
8426
8427
8428
8429
8430
8431
8432
8433
8434
8435
8436
8439
8440
8441
8442
8443
8445
8446
8448
8449
8451
8452
8453
8454
8455
8456
8457
8458
8460
8461
8462
8464
8465
8466
8467
8468
8469
8470
8471
8472
8474
8475
8476
8478
8479
8481
8482
8483
8484
8485
8486
8487
8488
8489
8490
8491
8492
8494
8495
8496
8497
8499
8500
8502
8505
8506
8507
8509
8510
8511
8512
8513
8516
8518
8519
8520
8522
8523
8524
8525
8526
8528
8529
8530
8532
8533
8534
8535
8536
8540
8541
8543
8545
8546
8547
8548
8549
8550
8551
8552
8553
8554
8555
8556
8557
8558
8559
8560
8561
8563
8564
8565
8566
8569
8570
8573
8574
8577
8578
8580
8581
8583
8584
8585
8586
8588
8589
8591
8592
8593
8594
8597
8598
8600
8601
8602
8605
8606
8608
8609
8610
8611
8612
8613
8614
8615
8617
8618
8619
8621
8623
8625
8626
8627
8628
8629
8630
8632
8634
8635
8636
8637
8638
8639
8640
8642
8643
8644
8645
8646
8647
8648
8649
8651
8652
8653
8656
8657
8658
8659
8660
8661
8662
8663
8664
8665
8669
8670
8671
8672
8673
8675
8677
8678
8679
8680
8681
8683
8684
8685
8686
8687
8689
8691
8692
8693
8694
8695
8696
8697
8698
8699
8701
8702
8703
8704
8705
8707
8708
8709
8710
8712
8714
8716
8717
8719
8720
8722
8723
8724
8725
8726
8727
8728
8729
8731
8732
8733
8734
8735
8736
8737
8739
8742
8743
8744
8745
8746
8747
8748
8749
8750
8751
8752
8753
8754
8755
8756
8757
8758
8760
8761
8762
8765
8767
8768
8770
8771
8772
8773
8774
8775
8776
8778
8779
8782
8783
8785
8786
8790
8791
8792
8794
8796
8797
8798
8799
8800
8801
8803
8804
8805
8806
8807
8808
8809
8812
8813
8814
8815
8816
8817
8818
8820
8823
8824
8825
8826
8827
8830
8831
8833
8834
8835
8836
8837
8838
8839
8841
8842
8843
8844
8845
8846
8847
8848
8850
8851
8852
8853
8854
8855
8856
8857
8858
8860
8862
8863
8864
8866
8868
8869
8871
8872
8873
8874
8876
8877
8878
8879
8881
8882
8883
8884
8885
8886
8887
8889
8890
8891
8892
8896
8897
8898
8899
8900
8901
8902
8903
8904
8905
8906
8907
8908
8910
8911
8912
8913
8914
8916
8917
8918
8919
8920
8921
8922
8923
8924
8925
8926
8928
8930
8931
8932
8933
8934
8936
8937
8938
8940
8941
8944
8947
8949
8950
8952
8953
8955
8956
8957
8958
8959
8960
8961
8962
8963
8964
8968
8969
8971
8972
8973
8976
8977
8978
8979
8980
8981
8982
8983
8984
8985
8987
8989
8990
8991
8992
8993
8995
8996
8997
8998
9001
9002
9003
9005
9006
9008
9009
9010
9011
9012
9013
9014
9015
9016
9017
9018
9019
9020
9021
9023
9024
9026
9027
9028
9029
9030
9031
9032
9033
9034
9035
9036
9037
9038
9039
9040
9041
9042
9043
9044
9045
9046
9047
9048
9049
9050
9051
9052
9053
9054
9055
9057
9059
9060
9061
9063
9064
9065
9066
9067
9069
9070
9071
9073
9075
9077
9078
9079
9081
9082
9084
9085
9086
9087
9088
9089
9090
9092
9093
9095
9097
9098
9100
9101
9102
9103
9104
9105
9107
9108
9109
9110
9111
9112
9113
9114
9115
9116
9117
9118
9121
9122
9123
9124
9125
9128
9129
9131
9132
9133
9134
9135
9138
9139
9140
9141
9142
9144
9146
9147
9149
9150
9153
9154
9155
9156
9158
9159
9162
9163
9164
9165
9166
9167
9168
9169
9170
9171
9172
9173
9174
9175
9176
9178
9180
9182
9183
9184
9185
9186
9188
9189
9190
9191
9192
9193
9194
9195
9196
9197
9200
9201
9202
9205
9206
9207
9208
9209
9210
9212
9214
9215
9216
9218
9219
9220
9221
9222
9223
9226
9227
9228
9229
9230
9231
9232
9233
9236
9237
9238
9239
9240
9241
9242
9243
9245
9247
9249
9251
9252
9253
9254
9255
9257
9261
9262
9263
9264
9265
9266
9267
9268
9272
9273
9274
9277
9278
9280
9281
9283
9284
9286
9287
9290
9293
9297
9298
9299
9300
9301
9302
9303
9304
9305
9306
9307
9310
9311
9313
9315
9317
9319
9321
9323
9324
9325
9327
9328
9331
9333
9334
9336
9337
9338
9339
9340
9341
9342
9343
9344
9345
9347
9348
9350
9351
9353
9356
9357
9358
9361
9362
9363
9364
9366
9367
9368
9369
9370
9371
9372
9373
9374
9375
9376
9377
9378
9380
9381
9383
9384
9385
9386
9387
9389
9390
9391
9392
9393
9395
9397
9398
9399
9400
9402
9403
9404
9405
9407
9409
9410
9411
9412
9414
9415
9416
9417
9418
9419
9420
9421
9422
9423
9424
9425
9427
9428
9430
9431
9432
9433
9434
9435
9437
9439
9440
9441
9444
9446
9447
9449
9450
9452
9454
9455
9457
9459
9461
9462
9463
9464
9465
9466
9467
9468
9469
9471
9472
9474
9475
9476
9477
9478
9480
9481
9482
9483
9485
9487
9488
9490
9492
9493
9494
9495
9496
9497
9499
9500
9501
9502
9503
9504
9505
9506
9507
9509
9511
9512
9513
9514
9515
9516
9517
9518
9519
9520
9521
9522
9524
9525
9526
9527
9528
9529
9532
9533
9534
9535
9536
9537
9538
9539
9540
9541
9542
9543
9545
9546
9548
9550
9551
9553
9554
9555
9556
9557
9558
9561
9562
9563
9564
9565
9566
9568
9569
9571
9572
9574
9575
9576
9578
9579
9580
9581
9582
9584
9585
9586
9588
9589
9590
9592
9593
9596
9598
9599
9602
9603
9605
9607
9609
9610
9611
9612
9613
9616
9617
9618
9620
9621
9625
9626
9627
9628
9632
9633
9634
9635
9637
9638
9639
9640
9641
9642
9643
9646
9648
9650
9652
9653
9655
9657
9658
9659
9660
9662
9663
9664
9665
9666
9667
9668
9669
9670
9671
9672
9675
9676
9677
9678
9679
9680
9681
9682
9684
9685
9686
9687
9688
9689
9690
9691
9692
9694
9695
9696
9697
9698
9699
9700
9703
9704
9705
9707
9708
9709
9710
9711
9712
9714
9715
9716
9721
9722
9724
9726
9727
9728
9729
9730
9731
9733
9734
9735
9737
9738
9739
9740
9741
9742
9743
9744
9745
9748
9749
9750
9751
9752
9753
9758
9760
9761
9763
9764
9766
9768
9770
9771
9774
9775
9777
9778
9780
9781
9785
9786
9787
9788
9789
9790
9791
9797
9798
9799
9801
9802
9803
9806
9807
9808
9809
9811
9813
9814
9815
9816
9817
9819
9820
9822
9823
9825
9826
9827
9828
9829
9830
9831
9832
9833
9834
9839
9840
9842
9843
9845
9847
9848
9849
9853
9854
9856
9857
9858
9859
9861
9862
9863
9864
9865
9867
9868
9870
9871
9872
9874
9875
9876
9877
9878
9879
9880
9881
9883
9884
9885
9886
9887
9888
9889
9890
9891
9892
9893
9894
9896
9897
9900
9906
9907
9908
9909
9910
9911
9915
9919
9920
9922
9923
9925
9926
9927
9928
9930
9931
9933
9935
9936
9938
9939
9940
9943
9944
9945
9946
9947
9948
9949
9951
9952
9954
9955
9956
9958
9959
9960
9962
9963
9964
9966
9968
9969
9970
9971
9973
9974
9975
9976
9977
9978
9979
9981
9982
9986
9987
9988
9989
9990
9991
9992
9995
9996
9997
9998
10000
10002
10003
10006
10007
10008
10009
10010
10012
10014
10015
10016
10017
10018
10020
10021
10022
10023
10024
10025
10027
10028
10029
10030
10031
10032
10033
10034
10035
10036
10037
10038
10039
10040
10041
10042
10046
10047
10050
10052
10053
10054
10059
10060
10063
10065
10066
10069
10070
10071
10072
10073
10074
10076
10077
10078
10079
10080
10082
10083
10084
10087
10088
10089
10090
10092
10093
10095
10098
10099
10101
10102
10103
10104
10105
10106
10108
10109
10110
10111
10112
10114
10115
10116
10118
10119
10121
10122
10123
10124
10125
10126
10128
10130
10132
10133
10134
10135
10137
10140
10141
10142
10143
10144
10146
10150
10151
10152
10153
10155
10156
10158
10159
10160
10162
10163
10165
10166
10168
10169
10172
10173
10174
10175
10179
10181
10182
10183
10184
10185
10186
10187
10188
10189
10190
10191
10192
10193
10194
10195
10196
10197
10198
10199
10201
10202
10203
10204
10206
10207
10208
10209
10212
10213
10215
10217
10218
10219
10220
10222
10223
10225
10226
10227
10229
10230
10231
10232
10233
10234
10235
10236
10238
10240
10242
10243
10244
10245
10246
10247
10248
10249
10250
10251
10252
10253
10254
10255
10256
10257
10258
10260
10263
10264
10266
10268
10269
10270
10272
10273
10274
10275
10277
10278
10279
10281
10283
10284
10286
10287
10288
10289
10290
10291
10292
10293
10294
10296
10297
10298
10299
10300
10301
10302
10304
10306
10307
10308
10309
10310
10311
10312
10313
10315
10316
10318
10320
10321
10322
10324
10325
10326
10327
10329
10330
10331
10332
10333
10334
10335
10337
10338
10339
10340
10341
10342
10343
10344
10345
10346
10349
10350
10351
10352
10355
10356
10357
10358
10361
10362
10365
10366
10367
10368
10369
10371
10372
10373
10374
10376
10377
10378
10379
10380
10381
10382
10383
10384
10385
10386
10390
10391
10392
10393
10396
10397
10398
10399
10400
10401
10402
10403
10404
10405
10406
10407
10408
10410
10412
10413
10415
10416
10417
10419
10421
10424
10425
10426
10428
10429
10431
10432
10433
10434
10435
10436
10437
10439
10442
10446
10447
10450
10451
10452
10453
10454
10456
10457
10458
10459
10460
10461
10462
10463
10464
10466
10467
10468
10470
10471
10472
10474
10476
10478
10479
10480
10481
10482
10483
10484
10485
10486
10487
10488
10489
10490
10491
10492
10493
10494
10495
10497
10498
10499
10500
10501
10502
10503
10504
10505
10507
10509
10511
10512
10516
10517
10518
10519
10520
10521
10522
10524
10525
10528
10530
10531
10533
10534
10535
10536
10537
10538
10539
10542
10545
10548
10550
10551
10552
10553
10557
10558
10559
10560
10561
10562
10564
10565
10569
10570
10571
10572
10573
10577
10578
10579
10580
10582
10583
10584
10586
10587
10588
10589
10590
10591
10592
10593
10594
10596
10597
10598
10599
10601
10603
10604
10605
10606
10607
10609
10610
10611
10612
10613
10614
10615
10616
10619
10620
10621
10623
10625
10626
10628
10629
10630
10631
10632
10633
10634
10635
10636
10637
10638
10639
10640
10641
10642
10643
10644
10646
10647
10649
10650
10653
10654
10655
10657
10660
10661
10662
10663
10665
10666
10667
10669
10671
10672
10673
10674
10675
10677
10678
10679
10680
10681
10682
10684
10686
10690
10691
10694
10695
10696
10698
10699
10700
10701
10702
10705
10706
10708
10709
10710
10711
10712
10713
10714
10715
10717
10720
10721
10723
10724
10725
10727
10728
10729
10730
10731
10732
10733
10734
10736
10737
10738
10739
10741
10743
10744
10746
10747
10749
10751
10752
10755
10756
10757
10758
10759
10760
10761
10762
10765
10766
10768
10771
10774
10775
10776
10778
10779
10781
10782
10784
10785
10787
10789
10790
10791
10792
10793
10794
10795
10796
10797
10800
10801
10804
10806
10807
10808
10810
10811
10813
10814
10817
10818
10819
10820
10822
10824
10825
10828
10829
10830
10832
10834
10835
10836
10837
10838
10839
10840
10841
10842
10843
10845
10846
10849
10851
10853
10856
10857
10858
10859
10860
10861
10862
10865
10866
10867
10868
10869
10870
10872
10873
10875
10876
10877
10878
10882
10883
10884
10885
10886
10889
10891
10892
10893
10894
10895
10896
10897
10898
10899
10901
10902
10903
10905
10906
10910
10911
10912
10913
10917
10918
10919
10921
10922
10923
10924
10925
10926
10927
10928
10929
10930
10931
10932
10933
10934
10936
10937
10938
10948
10949
10950
10951
10952
10955
10957
10958
10959
10960
10961
10962
10963
10964
10965
10966
10967
10968
10969
10970
10971
10972
10973
10976
10977
10978
10984
10985
10986
10987
10988
10991
10992
10993
10994
10997
10999
11000
11003
11004
11006
11007
11008
11009
11010
11012
11013
11014
11016
11018
11019
11021
11023
11024
11025
11026
11028
11030
11031
11033
11034
11036
11039
11040
11041
11044
11045
11046
11048
11049
11051
11052
11053
11054
11055
11057
11058
11061
11062
11063
11064
11065
11067
11068
11069
11072
11073
11074
11075
11076
11077
11078
11079
11080
11081
11085
11086
11087
11088
11090
11091
11093
11094
11095
11096
11098
11099
11100
11101
11102
11105
11106
11107
11109
11112
11114
11116
11117
11118
11119
11120
11121
11122
11124
11125
11126
11127
11128
11129
11130
11132
11133
11134
11135
11136
11137
11139
11140
11141
11142
11143
11144
11145
11146
11147
11148
11149
11151
11152
11153
11154
11155
11156
11158
11159
11162
11163
11164
11166
11167
11168
11169
11171
11173
11174
11175
11176
11177
11179
11180
11181
11182
11183
11185
11187
11188
11189
11190
11192
11194
11195
11196
11197
11198
11201
11202
11205
11206
11208
11209
11210
11212
11214
11217
11218
11219
11220
11222
11223
11225
11227
11228
11229
11230
11231
11232
11233
11234
11235
11236
11238
11239
11240
11241
11242
11243
11244
11245
11246
11247
11248
11249
11250
11252
11253
11256
11257
11258
11261
11262
11263
11264
11266
11267
11268
11269
11270
11271
11272
11273
11278
11279
11280
11282
11283
11284
11285
11286
11287
11288
11289
11290
11291
11292
11293
11294
11295
11296
11298
11299
11300
11301
11304
11305
11306
11307
11308
11311
11312
11313
11314
11315
11316
11319
11320
11321
11322
11323
11324
11325
11326
11327
11329
11330
11331
11332
11336
11337
11338
11339
11340
11341
11342
11343
11344
11346
11347
11348
11350
11351
11352
11354
11355
11356
11357
11359
11360
11361
11362
11363
11365
11368
11369
11370
11376
11377
11378
11379
11381
11382
11384
11385
11386
11388
11389
11390
11391
11393
11394
11395
11396
11397
11399
11400
11401
11402
11406
11407
11409
11411
11413
11414
11415
11419
11420
11421
11422
11425
11426
11427
11428
11429
11431
11432
11433
11434
11435
11436
11438
11439
11440
11441
11442
11444
11447
11448
11449
11450
11451
11452
11453
11454
11455
11456
11457
11459
11461
11463
11465
11466
11469
11470
11472
11473
11477
11480
11481
11482
11483
11484
11488
11489
11490
11491
11492
11493
11494
11496
11497
11498
11500
11503
11504
11505
11507
11509
11510
11511
11513
11514
11516
11518
11519
11521
11523
11524
11525
11526
11527
11528
11530
11531
11532
11533
11534
11535
11537
11538
11540
11541
11543
11544
11545
11546
11547
11549
11550
11552
11553
11554
11555
11557
11559
11560
11561
11565
11567
11568
11569
11570
11572
11573
11574
11576
11579
11580
11585
11587
11590
11591
11592
11593
11594
11595
11596
11597
11598
11600
11602
11604
11605
11606
11607
11609
11610
11611
11615
11616
11617
11618
11619
11621
11622
11625
11627
11628
11629
11630
11633
11635
11636
11639
11640
11641
11642
11644
11645
11646
11648
11649
11650
11652
11653
11654
11655
11656
11658
11659
11660
11661
11663
11665
11666
11667
11668
11669
11670
11671
11672
11673
11674
11675
11677
11678
11679
11680
11681
11683
11684
11686
11687
11689
11690
11691
11692
11693
11694
11696
11697
11698
11699
11701
11702
11706
11708
11710
11712
11715
11716
11717
11719
11721
11722
11723
11727
11728
11729
11733
11734
11743
11744
11745
11746
11747
11748
11750
11751
11752
11753
11754
11756
11759
11760
11761
11762
11763
11765
11766
11767
11768
11770
11774
11776
11778
11779
11781
11782
11783
11784
11786
11787
11789
11790
11791
11792
11794
11795
11797
11798
11799
11800
11801
11803
11804
11806
11807
11808
11810
11811
11813
11814
11815
11816
11817
11820
11821
11822
11823
11825
11827
11832
11833
11834
11835
11836
11838
11839
11840
11842
11844
11845
11846
11847
11848
11851
11852
11853
11855
11856
11857
11858
11859
11861
11862
11863
11864
11865
11868
11870
11871
11872
11873
11874
11875
11876
11877
11878
11879
11881
11882
11883
11884
11886
11888
11889
11890
11893
11894
11895
11896
11897
11898
11899
11900
11901
11902
11904
11905
11906
11908
11909
11910
11911
11912
11914
11917
11918
11920
11921
11924
11925
11927
11930
11931
11932
11933
11936
11937
11938
11939
11941
11942
11943
11944
11946
11947
11948
11949
11950
11951
11952
11953
11955
11956
11957
11960
11961
11962
11963
11964
11965
11966
11967
11969
11971
11973
11974
11976
11982
11983
11984
11985
11986
11987
11988
11990
11991
11992
11993
11995
11997
11998
12000
12001
12004
12008
12009
12013
12017
12019
12021
12022
12023
12024
12025
12026
12028
12029
12030
12031
12033
12034
12035
12036
12037
12039
12041
12043
12044
12045
12046
12050
12051
12052
12053
12054
12055
12058
12059
12060
12061
12062
12064
12065
12066
12067
12068
12069
12070
12071
12073
12076
12077
12078
12079
12080
12081
12082
12083
12084
12086
12087
12088
12089
12090
12091
12092
12096
12097
12098
12099
12100
12101
12102
12103
12104
12105
12106
12109
12110
12112
12115
12116
12117
12118
12119
12121
12123
12124
12125
12126
12128
12131
12132
12133
12134
12137
12138
12140
12141
12143
12147
12149
12150
12151
12152
12153
12156
12159
12160
12162
12163
12164
12165
12167
12168
12169
12171
12172
12173
12174
12176
12177
12178
12179
12180
12181
12182
12183
12184
12185
12187
12188
12189
12190
12192
12193
12194
12195
12197
12201
12204
12205
12207
12208
12210
12211
12213
12214
12215
12216
12217
12218
12219
12221
12222
12223
12224
12225
12227
12229
12230
12234
12235
12236
12237
12238
12239
12241
12242
12243
12244
12247
12249
12250
12253
12254
12255
12258
12259
12261
12262
12263
12264
12265
12266
12268
12269
12270
12272
12275
12277
12278
12279
12280
12281
12282
12283
12285
12286
12287
12288
12291
12293
12294
12295
12296
12297
12298
12300
12301
12304
12305
12306
12307
12309
12311
12312
12313
12314
12315
12316
12317
12320
12321
12322
12323
12325
12331
12333
12334
12335
12336
12339
12340
12343
12345
12346
12347
12348
12350
12351
12354
12355
12356
12358
12361
12362
12363
12364
12366
12367
12368
12375
12376
12379
12380
12383
12385
12386
12387
12388
12389
12390
12391
12393
12394
12395
12397
12399
12401
12402
12404
12405
12406
12408
12410
12411
12412
12413
12415
12416
12417
12418
12419
12420
12421
12423
12424
12426
12427
12429
12430
12431
12433
12435
12436
12437
12439
12440
12443
12444
12448
12449
12450
12452
12453
12454
12456
12458
12459
12460
12461
12462
12463
12464
12465
12466
12473
12477
12478
12480
12481
12482
12483
12484
12485
12486
12488
12489
12490
12491
12492
12494
12495
12497
12499
12500
12501
12502
12503
12505
12506
12507
12508
12509
12510
12511
12512
12513
12515
12516
12517
12518
12520
12521
12523
12524
12525
12526
12527
12528
12529
12536
12538
12539
12540
12541
12544
12546
12549
12550
12551
12552
12553
12554
12556
12557
12558
12559
12560
12561
12563
12564
12566
12567
12568
12569
12570
12571
12572
12573
12575
12576
12577
12578
12579
12580
12581
12583
12584
12585
12587
12588
12594
12595
12597
12601
12603
12606
12607
12608
12609
12610
12611
12613
12615
12617
12619
12620
12621
12622
12623
12624
12626
12629
12630
12634
12636
12637
12639
12640
12641
12642
12643
12644
12645
12646
12647
12648
12649
12650
12653
12654
12655
12659
12661
12662
12663
12664
12665
12668
12669
12670
12672
12673
12674
12675
12678
12679
12680
12681
12682
12684
12685
12687
12688
12692
12693
12694
12695
12698
12700
12702
12704
12706
12707
12709
12711
12717
12718
12719
12720
12721
12722
12723
12726
12727
12731
12734
12735
12736
12738
12739
12740
12741
12744
12745
12747
12748
12749
12750
12752
12753
12754
12755
12756
12757
12759
12760
12761
12765
12766
12767
12769
12771
12772
12774
12775
12777
12779
12780
12781
12782
12784
12785
12786
12787
12788
12789
12791
12792
12793
12794
12795
12796
12798
12801
12802
12804
12805
12806
12807
12808
12811
12813
12815
12816
12817
12819
12822
12825
12826
12828
12829
12830
12832
12833
12834
12836
12837
12838
12840
12841
12844
12846
12847
12849
12850
12851
12852
12854
12855
12856
12857
12858
12861
12863
12864
12865
12866
12867
12868
12870
12871
12873
12876
12877
12878
12880
12881
12882
12883
12884
12887
12888
12889
12890
12891
12893
12894
12895
12896
12898
12899
12900
12901
12904
12906
12908
12909
12910
12911
12912
12917
12919
12921
12922
12924
12925
12926
12927
12928
12929
12931
12932
12934
12935
12936
12937
12938
12939
12942
12943
12945
12948
12949
12950
12951
12952
12953
12954
12955
12960
12961
12963
12964
12965
12966
12967
12968
12972
12975
12976
12977
12982
12985
12986
12991
12993
12994
12995
12996
12997
12998
12999
13000
13001
13002
13004
13007
13011
13013
13014
13015
13016
13017
13019
13021
13022
13023
13024
13026
13027
13029
13030
13031
13033
13035
13038
13039
13041
13042
13043
13044
13046
13047
13048
13049
13050
13051
13053
13054
13057
13059
13061
13062
13063
13064
13065
13066
13067
13068
13069
13071
13073
13076
13077
13079
13080
13081
13082
13083
13085
13086
13087
13088
13089
13091
13092
13093
13094
13095
13096
13099
13101
13102
13106
13107
13109
13110
13111
13112
13114
13118
13121
13122
13123
13125
13126
13128
13129
13131
13136
13138
13139
13140
13141
13142
13145
13146
13151
13152
13153
13154
13155
13157
13158
13159
13160
13161
13162
13165
13171
13173
13175
13176
13177
13178
13179
13180
13181
13182
13183
13184
13185
13186
13187
13188
13190
13192
13193
13194
13198
13199
13200
13201
13202
13204
13205
13208
13209
13211
13212
13213
13214
13215
13216
13218
13219
13221
13224
13228
13229
13230
13232
13234
13235
13236
13237
13238
13239
13240
13241
13245
13246
13248
13249
13250
13251
13254
13255
13258
13259
13260
13262
13263
13264
13266
13268
13271
13272
13273
13274
13275
13276
13278
13280
13281
13282
13283
13284
13286
13288
13289
13290
13293
13295
13296
13297
13299
13300
13301
13303
13305
13308
13309
13310
13311
13314
13316
13317
13319
13322
13323
13325
13329
13330
13331
13332
13333
13335
13336
13338
13340
13343
13345
13348
13351
13352
13354
13356
13358
13359
13362
13363
13364
13365
13366
13369
13371
13372
13375
13376
13379
13380
13382
13383
13384
13385
13386
13387
13388
13389
13390
13392
13393
13394
13395
13398
13399
13400
13402
13403
13405
13410
13412
13414
13415
13416
13418
13419
13421
13423
13424
13425
13426
13427
13428
13429
13432
13433
13434
13435
13437
13438
13441
13442
13444
13447
13448
13449
13451
13452
13453
13454
13455
13457
13458
13459
13460
13462
13464
13468
13469
13470
13473
13474
13475
13477
13478
13479
13480
13481
13483
13486
13488
13491
13492
13494
13497
13498
13501
13503
13505
13507
13508
13510
13511
13512
13513
13514
13515
13518
13519
13520
13522
13523
13524
13529
13533
13534
13535
13537
13538
13539
13540
13541
13542
13543
13545
13548
13550
13553
13554
13555
13556
13557
13558
13559
13560
13562
13563
13564
13565
13568
13569
13571
13572
13573
13578
13579
13580
13581
13582
13584
13585
13587
13592
13594
13595
13596
13597
13598
13600
13601
13602
13604
13605
13606
13607
13608
13609
13610
13611
13612
13613
13615
13616
13617
13618
13623
13624
13626
13627
13628
13629
13630
13631
13632
13633
13634
13635
13637
13638
13640
13642
13643
13644
13646
13648
13650
13651
13652
13653
13657
13660
13661
13662
13663
13665
13666
13667
13668
13669
13670
13671
13672
13673
13674
13675
13677
13679
13681
13682
13683
13684
13685
13687
13688
13690
13693
13694
13695
13696
13697
13699
13701
13702
13703
13704
13705
13706
13708
13709
13715
13717
13721
13723
13724
13725
13726
13727
13731
13732
13733
13734
13736
13741
13744
13745
13746
13747
13749
13750
13751
13753
13754
13755
13756
13759
13760
13761
13762
13763
13764
13765
13766
13767
13769
13772
13773
13775
13777
13779
13780
13781
13783
13784
13787
13789
13791
13792
13794
13795
13797
13799
13802
13803
13804
13805
13806
13808
13809
13812
13813
13814
13816
13817
13818
13819
13820
13822
13826
13827
13830
13831
13832
13834
13835
13838
13839
13840
13842
13843
13846
13847
13848
13849
13851
13852
13853
13854
13855
13857
13859
13860
13861
13862
13863
13864
13866
13867
13868
13870
13873
13874
13875
13876
13878
13879
13880
13881
13884
13885
13888
13890
13891
13893
13894
13895
13897
13899
13900
13901
13902
13907
13908
13909
13910
13911
13912
13914
13917
13921
13924
13926
13927
13928
13929
13932
13933
13934
13935
13936
13938
13942
13943
13945
13946
13947
13948
13951
13954
13955
13957
13959
13962
13963
13964
13965
13968
13969
13971
13972
13974
13975
13976
13977
13983
13984
13985
13987
13988
13989
13990
13991
13992
13995
13996
13998
13999
14000
14003
14004
14005
14006
14007
14008
14009
14010
14011
14012
14014
14016
14018
14020
14023
14024
14025
14026
14029
14030
14031
14032
14034
14036
14037
14038
14039
14040
14045
14046
14047
14048
14050
14053
14055
14056
14058
14059
14060
14061
14064
14065
14066
14067
14071
14072
14074
14075
14076
14077
14078
14080
14081
14082
14084
14086
14087
14089
14090
14092
14094
14095
14096
14098
14100
14103
14105
14107
14108
14109
14110
14114
14115
14116
14117
14118
14120
14121
14122
14124
14128
14129
14130
14131
14133
14134
14135
14136
14137
14141
14142
14143
14144
14145
14147
14148
14149
14151
14152
14153
14155
14156
14157
14158
14159
14161
14162
14164
14166
14167
14168
14169
14170
14172
14174
14176
14177
14178
14180
14181
14182
14183
14185
14186
14189
14190
14192
14193
14194
14195
14197
14198
14199
14200
14202
14203
14204
14205
14206
14208
14210
14211
14212
14213
14214
14215
14217
14218
14221
14222
14223
14224
14226
14228
14229
14230
14231
14233
14235
14238
14239
14241
14242
14243
14244
14245
14246
14247
14248
14250
14251
14252
14255
14256
14257
14258
14259
14260
14261
14262
14263
14264
14265
14266
14267
14268
14269
14271
14272
14273
14274
14275
14276
14280
14282
14283
14284
14285
14287
14288
14289
14290
14292
14293
14294
14296
14297
14301
14304
14305
14307
14308
14311
14312
14314
14315
14318
14320
14322
14323
14328
14330
14332
14333
14334
14335
14336
14340
14341
14343
14344
14345
14347
14349
14351
14352
14354
14356
14362
14367
14371
14372
14374
14375
14377
14378
14379
14380
14382
14383
14384
14385
14386
14387
14388
14390
14391
14392
14393
14394
14395
14400
14402
14403
14404
14405
14406
14408
14410
14411
14413
14414
14415
14418
14419
14420
14421
14423
14426
14427
14428
14429
14430
14431
14432
14434
14435
14436
14441
14442
14443
14445
14447
14448
14449
14450
14452
14453
14454
14455
14456
14457
14458
14459
14460
14461
14465
14466
14467
14468
14469
14470
14471
14472
14473
14475
14476
14477
14481
14482
14485
14486
14488
14489
14493
14496
14497
14500
14501
14502
14505
14507
14508
14512
14515
14516
14517
14519
14520
14522
14523
14524
14525
14526
14527
14531
14532
14533
14536
14537
14538
14540
14541
14542
14545
14546
14547
14548
14549
14552
14553
14554
14555
14556
14559
14560
14561
14562
14563
14565
14566
14567
14569
14570
14572
14573
14575
14577
14578
14580
14581
14583
14585
14586
14588
14589
14590
14593
14594
14595
14596
14601
14603
14605
14606
14607
14608
14609
14610
14611
14616
14619
14623
14624
14625
14626
14627
14629
14630
14631
14632
14634
14637
14639
14641
14642
14645
14646
14647
14648
14649
14650
14652
14653
14654
14658
14660
14661
14663
14664
14665
14669
14670
14671
14673
14674
14676
14677
14680
14681
14683
14685
14687
14688
14689
14690
14691
14692
14693
14695
14696
14697
14698
14701
14702
14703
14704
14705
14706
14707
14708
14711
14712
14713
14714
14717
14720
14726
14727
14728
14730
14733
14734
14736
14737
14738
14739
14741
14744
14746
14748
14749
14750
14751
14752
14754
14756
14759
14760
14762
14763
14764
14765
14770
14771
14773
14775
14777
14778
14779
14780
14782
14783
14784
14785
14786
14788
14789
14791
14794
14796
14799
14801
14802
14803
14805
14807
14808
14809
14810
14811
14812
14813
14816
14818
14821
14822
14823
14824
14826
14827
14829
14830
14832
14833
14834
14835
14836
14837
14838
14839
14840
14843
14844
14845
14846
14848
14849
14850
14852
14854
14855
14856
14857
14859
14860
14861
14862
14863
14865
14866
14867
14868
14870
14872
14873
14874
14876
14880
14882
14883
14884
14885
14886
14887
14888
14889
14890
14892
14893
14894
14897
14898
14901
14903
14905
14906
14907
14908
14910
14911
14912
14913
14914
14915
14921
14922
14923
14928
14931
14933
14934
14936
14938
14939
14943
14944
14945
14947
14950
14951
14952
14953
14955
14957
14958
14960
14963
14964
14965
14970
14971
14973
14976
14978
14979
14980
14981
14984
14985
14988
14989
14991
14992
14993
14995
14996
14997
15000
15001
15002
15003
15005
15006
15007
15008
15009
15010
15011
15013
15015
15016
15018
15019
15020
15025
15027
15028
15029
15030
15031
15032
15036
15038
15039
15041
15043
15044
15047
15048
15049
15050
15051
15057
15058
15059
15060
15062
15063
15064
15065
15066
15067
15069
15072
15077
15078
15083
15086
15087
15090
15092
15094
15095
15096
15099
15103
15108
15114
15115
15116
15119
15121
15123
15124
15127
15128
15129
15130
15131
15132
15133
15135
15137
15140
15141
15142
15144
15146
15150
15152
15155
15156
15161
15162
15164
15165
15167
15168
15170
15171
15173
15174
15175
15176
15177
15178
15183
15184
15185
15186
15190
15191
15192
15193
15194
15196
15197
15198
15199
15200
15201
15202
15203
15204
15205
15206
15207
15208
15209
15211
15213
15214
15215
15216
15217
15218
15220
15221
15222
15224
15226
15227
15228
15229
15230
15232
15233
15234
15235
15236
15238
15239
15240
15243
15246
15248
15250
15251
15252
15254
15257
15259
15260
15262
15263
15264
15265
15267
15268
15269
15270
15271
15272
15273
15275
15278
15279
15280
15284
15285
15286
15288
15289
15290
15291
15292
15294
15296
15297
15298
15299
15301
15304
15305
15306
15308
15312
15313
15314
15316
15318
15319
15321
15322
15324
15325
15327
15328
15329
15330
15331
15333
15334
15336
15337
15338
15339
15340
15342
15344
15346
15347
15349
15350
15352
15354
15359
15360
15361
15363
15365
15369
15371
15372
15373
15374
15375
15376
15377
15380
15382
15384
15388
15389
15390
15391
15392
15394
15395
15397
15398
15399
15400
15402
15403
15407
15408
15409
15410
15411
15412
15414
15415
15417
15420
15421
15422
15423
15425
15426
15428
15429
15430
15433
15435
15436
15439
15440
15441
15443
15444
15448
15449
15450
15451
15452
15455
15460
15462
15463
15464
15466
15470
15473
15474
15475
15476
15477
15483
15484
15485
15486
15488
15489
15491
15492
15494
15495
15497
15499
15500
15501
15503
15504
15506
15507
15511
15512
15513
15514
15515
15518
15519
15521
15522
15523
15528
15529
15530
15532
15535
15537
15540
15541
15542
15544
15545
15546
15547
15548
15550
15551
15555
15557
15559
15560
15561
15562
15563
15564
15567
15569
15571
15572
15574
15575
15577
15578
15579
15580
15582
15584
15586
15587
15588
15589
15591
15592
15594
15596
15600
15602
15603
15604
15605
15606
15609
15610
15612
15614
15615
15616
15617
15618
15619
15620
15621
15622
15623
15625
15626
15627
15628
15631
15632
15633
15634
15638
15639
15640
15644
15646
15647
15648
15649
15653
15656
15661
15662
15663
15664
15665
15666
15667
15668
15672
15673
15674
15675
15676
15679
15680
15683
15684
15686
15687
15688
15689
15690
15692
15693
15694
15695
15696
15697
15698
15699
15700
15701
15704
15705
15706
15707
15708
15710
15711
15714
15715
15716
15717
15719
15720
15721
15722
15724
15725
15726
15727
15728
15731
15732
15733
15734
15735
15736
15737
15738
15739
15740
15741
15742
15745
15746
15747
15749
15750
15751
15752
15754
15756
15758
15759
15764
15765
15766
15767
15768
15769
15771
15773
15775
15777
15778
15780
15781
15782
15783
15784
15785
15787
15790
15792
15793
15795
15796
15797
15799
15802
15803
15804
15805
15806
15808
15811
15812
15813
15814
15815
15816
15818
15820
15821
15822
15823
15824
15825
15827
15831
15832
15833
15835
15836
15837
15838
15839
15840
15842
15843
15845
15846
15847
15848
15849
15854
15855
15859
15860
15861
15862
15865
15866
15867
15868
15872
15873
15875
15876
15877
15878
15879
15880
15882
15884
15885
15886
15887
15888
15889
15891
15893
15895
15896
15897
15898
15899
15902
15903
15906
15907
15910
15911
15915
15917
15918
15919
15920
15922
15924
15926
15932
15933
15934
15936
15938
15941
15943
15944
15946
15947
15948
15953
15955
15956
15957
15958
15959
15962
15964
15965
15968
15969
15971
15972
15975
15977
15979
15981
15982
15983
15985
15988
15992
15998
15999
16000
16001
16002
16004
16005
16007
16009
16010
16011
16015
16018
16019
16021
16022
16023
16024
16025
16026
16028
16030
16031
16034
16035
16036
16037
16038
16040
16041
16042
16043
16044
16045
16047
16050
16051
16053
16054
16055
16056
16058
16059
16060
16061
16064
16065
16066
16067
16068
16070
16073
16074
16075
16077
16078
16079
16081
16082
16083
16086
16087
16088
16089
16091
16093
16095
16097
16099
16100
16104
16106
16107
16109
16110
16111
16112
16113
16115
16116
16117
16121
16122
16126
16129
16133
16134
16136
16137
16138
16140
16141
16144
16145
16146
16147
16148
16150
16152
16153
16155
16156
16158
16159
16160
16162
16163
16164
16166
16168
16169
16171
16172
16174
16175
16177
16183
16184
16185
16187
16188
16190
16191
16192
16195
16196
16197
16198
16199
16200
16201
16202
16203
16205
16208
16211
16213
16217
16218
16219
16221
16222
16224
16229
16231
16232
16233
16234
16236
16239
16240
16242
16243
16247
16248
16249
16250
16251
16252
16253
16257
16258
16260
16261
16262
16267
16268
16270
16271
16272
16274
16275
16276
16277
16278
16279
16282
16283
16284
16288
16293
16296
16297
16298
16299
16300
16302
16305
16306
16307
16308
16309
16310
16311
16312
16315
16318
16319
16321
16323
16324
16327
16329
16330
16332
16335
16336
16337
16338
16341
16343
16345
16346
16347
16348
16349
16350
16351
16352
16355
16357
16358
16359
16360
16364
16365
16366
16368
16369
16371
16376
16377
16379
16382
16384
16385
16386
16388
16390
16391
16394
16397
16398
16399
16400
16401
16402
16403
16405
16406
16407
16408
16410
16411
16412
16413
16415
16417
16418
16420
16421
16424
16427
16429
16432
16433
16434
16435
16436
16438
16439
16442
16449
16450
16451
16454
16456
16457
16465
16468
16469
16471
16472
16473
16475
16477
16478
16481
16482
16484
16487
16488
16490
16491
16492
16493
16494
16496
16501
16502
16503
16505
16508
16512
16514
16515
16519
16520
16521
16522
16523
16524
16525
16526
16528
16531
16532
16534
16535
16539
16540
16542
16543
16545
16546
16547
16548
16551
16552
16555
16556
16560
16561
16563
16568
16569
16570
16573
16574
16575
16576
16577
16579
16580
16581
16583
16584
16585
16586
16587
16590
16591
16593
16594
16598
16602
16603
16604
16609
16610
16612
16614
16615
16617
16618
16622
16626
16628
16629
16630
16631
16632
16634
16638
16640
16642
16643
16644
16648
16653
16654
16656
16657
16659
16661
16662
16665
16668
16672
16673
16674
16675
16676
16677
16681
16682
16683
16684
16686
16687
16691
16693
16694
16697
16698
16699
16703
16704
16705
16706
16707
16710
16711
16713
16714
16715
16720
16721
16722
16724
16725
16731
16732
16733
16734
16738
16739
16740
16743
16744
16746
16747
16748
16749
16750
16752
16753
16754
16756
16757
16758
16759
16760
16761
16762
16764
16765
16767
16769
16771
16772
16775
16776
16777
16778
16779
16782
16783
16784
16786
16793
16794
16796
16798
16799
16800
16802
16803
16805
16808
16809
16810
16812
16813
16815
16820
16821
16823
16825
16827
16828
16829
16833
16834
16838
16839
16840
16842
16845
16847
16848
16849
16850
16851
16853
16855
16856
16858
16859
16860
16863
16864
16865
16866
16867
16870
16871
16872
16873
16874
16876
16880
16883
16884
16885
16888
16893
16896
16899
16902
16903
16904
16905
16906
16908
16909
16910
16916
16917
16921
16922
16923
16924
16927
16928
16932
16935
16936
16937
16939
16940
16941
16944
16945
16947
16948
16949
16952
16954
16955
16957
16958
16963
16964
16965
16966
16968
16969
16970
16971
16974
16975
16976
16979
16981
16983
16984
16985
16987
16988
16989
16991
16993
16995
16996
16998
16999
17000
17001
17002
17003
17005
17006
17008
17009
17010
17011
17017
17020
17022
17023
17024
17025
17027
17030
17032
17033
17034
17038
17039
17040
17041
17043
17044
17046
17047
17049
17051
17052
17058
17061
17062
17064
17066
17068
17070
17073
17075
17076
17077
17079
17082
17083
17084
17085
17086
17087
17092
17093
17094
17096
17098
17099
17102
17104
17108
17109
17110
17111
17112
17113
17116
17117
17118
17120
17122
17126
17128
17129
17130
17132
17133
17140
17145
17149
17150
17152
17154
17155
17156
17157
17158
17161
17163
17164
17166
17167
17168
17169
17171
17172
17174
17175
17176
17177
17180
17181
17182
17184
17185
17187
17188
17189
17190
17191
17197
17198
17200
17201
17207
17208
17209
17210
17211
17219
17220
17225
17227
17228
17231
17233
17234
17235
17237
17238
17239
17240
17241
17244
17248
17249
17251
17254
17257
17259
17261
17263
17264
17265
17266
17268
17269
17270
17272
17273
17275
17277
17278
17280
17283
17284
17286
17287
17289
17290
17291
17293
17294
17295
17297
17299
17300
17304
17305
17306
17307
17310
17311
17312
17313
17315
17317
17318
17319
17322
17323
17324
17325
17326
17328
17332
17334
17335
17340
17342
17345
17346
17347
17349
17351
17355
17358
17360
17363
17366
17367
17369
17371
17373
17374
17376
17377
17378
17380
17381
17382
17384
17385
17386
17388
17389
17390
17391
17393
17394
17396
17397
17399
17401
17404
17405
17407
17410
17413
17415
17418
17420
17422
17424
17425
17426
17427
17429
17430
17431
17432
17435
17437
17439
17440
17443
17445
17447
17448
17450
17451
17452
17454
17455
17456
17457
17458
17459
17461
17462
17463
17464
17465
17466
17467
17468
17469
17470
17471
17473
17474
17476
17477
17479
17481
17482
17483
17485
17487
17488
17489
17492
17494
17495
17496
17498
17501
17502
17503
17504
17507
17508
17509
17510
17513
17514
17515
17516
17517
17518
17519
17523
17524
17525
17526
17527
17529
17531
17532
17533
17534
17535
17537
17538
17539
17541
17544
17546
17548
17549
17554
17557
17560
17561
17564
17565
17566
17571
17572
17573
17574
17576
17579
17582
17583
17585
17587
17588
17589
17591
17592
17593
17596
17597
17600
17602
17603
17605
17606
17607
17608
17609
17610
17612
17614
17617
17620
17621
17622
17623
17628
17629
17631
17634
17636
17637
17638
17639
17640
17642
17643
17645
17648
17649
17650
17651
17652
17655
17656
17657
17658
17659
17661
17662
17664
17666
17669
17670
17671
17673
17674
17675
17676
17677
17682
17683
17689
17693
17694
17695
17696
17697
17699
17701
17703
17704
17708
17710
17715
17720
17721
17722
17723
17724
17726
17733
17735
17736
17737
17740
17741
17742
17743
17745
17748
17750
17751
17752
17754
17755
17756
17758
17759
17760
17761
17762
17763
17764
17765
17768
17771
17773
17774
17775
17778
17780
17782
17784
17785
17786
17788
17789
17791
17792
17793
17795
17796
17800
17801
17803
17805
17806
17807
17809
17812
17817
17818
17820
17822
17823
17824
17827
17828
17829
17830
17831
17832
17833
17834
17835
17839
17840
17843
17845
17848
17852
17853
17854
17855
17856
17857
17861
17863
17864
17865
17866
17867
17872
17875
17876
17877
17878
17880
17881
17882
17883
17884
17885
17887
17888
17891
17892
17894
17895
17896
17897
17898
17899
17900
17902
17903
17905
17907
17908
17915
17918
17919
17920
17921
17923
17927
17930
17931
17932
17933
17936
17937
17938
17939
17940
17942
17943
17952
17953
17954
17955
17957
17958
17959
17960
17961
17962
17963
17967
17969
17970
17971
17972
17973
17977
17981
17982
17983
17987
17988
17989
17991
17992
17994
17995
17999
18000
18002
18004
18005
18006
18008
18009
18010
18011
18013
18015
18016
18017
18018
18020
18021
18022
18028
18029
18030
18034
18035
18036
18037
18038
18040
18041
18043
18044
18046
18047
18048
18049
18050
18051
18052
18053
18054
18055
18056
18057
18059
18065
18066
18069
18070
18071
18073
18075
18076
18078
18080
18082
18083
18084
18085
18087
18088
18089
18090
18091
18092
18093
18100
18101
18105
18106
18107
18109
18112
18115
18117
18118
18120
18126
18128
18131
18135
18136
18137
18139
18140
18141
18142
18143
18144
18146
18147
18148
18150
18151
18153
18154
18155
18156
18157
18158
18160
18162
18163
18165
18166
18167
18169
18170
18172
18173
18175
18176
18177
18180
18182
18184
18185
18186
18188
18191
18194
18195
18197
18199
18200
18202
18203
18204
18205
18206
18207
18209
18210
18211
18212
18213
18214
18215
18216
18218
18219
18221
18222
18223
18225
18227
18230
18231
18232
18233
18234
18235
18236
18237
18240
18242
18243
18251
18252
18253
18254
18255
18258
18259
18261
18264
18266
18267
18270
18275
18280
18282
18284
18285
18290
18291
18295
18296
18299
18303
18304
18305
18306
18307
18308
18311
18313
18322
18324
18326
18329
18331
18332
18334
18335
18336
18342
18344
18347
18349
18350
18351
18352
18353
18356
18357
18358
18364
18367
18369
18370
18376
18377
18379
18381
18382
18383
18388
18393
18394
18396
18401
18402
18404
18405
18407
18408
18412
18413
18414
18417
18420
18422
18423
18425
18426
18427
18428
18430
18431
18432
18433
18436
18438
18440
18443
18445
18448
18450
18452
18453
18455
18456
18458
18459
18461
18464
18465
18468
18473
18475
18476
18479
18483
18484
18485
18486
18488
18490
18491
18492
18498
18499
18503
18506
18508
18509
18512
18513
18515
18516
18519
18520
18521
18522
18525
18526
18527
18528
18529
18533
18534
18535
18536
18537
18539
18540
18541
18544
18546
18547
18548
18549
18550
18552
18553
18554
18555
18556
18557
18559
18560
18561
18562
18563
18564
18567
18568
18569
18573
18574
18575
18576
18577
18578
18579
18583
18586
18588
18589
18591
18593
18594
18597
18598
18600
18601
18605
18607
18608
18609
18610
18611
18612
18615
18616
18618
18620
18622
18625
18630
18631
18632
18633
18635
18637
18639
18641
18643
18644
18645
18647
18648
18650
18652
18654
18656
18657
18658
18660
18661
18662
18664
18667
18673
18674
18675
18676
18677
18681
18682
18683
18685
18687
18688
18689
18690
18693
18695
18698
18700
18702
18704
18705
18706
18707
18709
18710
18712
18713
18714
18715
18716
18717
18718
18721
18722
18724
18725
18729
18730
18738
18739
18740
18743
18746
18747
18748
18750
18751
18756
18758
18759
18761
18762
18763
18764
18765
18766
18767
18770
18772
18773
18776
18777
18778
18779
18781
18782
18783
18787
18788
18791
18794
18795
18796
18805
18809
18810
18811
18814
18816
18818
18820
18821
18824
18826
18828
18830
18831
18834
18835
18837
18838
18839
18842
18843
18844
18847
18850
18854
18856
18857
18859
18863
18864
18865
18866
18867
18868
18869
18877
18879
18880
18881
18882
18884
18887
18890
18892
18893
18894
18895
18897
18899
18900
18904
18905
18907
18910
18913
18915
18916
18918
18919
18921
18922
18926
18927
18931
18933
18934
18935
18936
18937
18939
18940
18941
18942
18943
18944
18946
18947
18948
18950
18953
18955
18957
18959
18961
18962
18964
18966
18967
18971
18973
18975
18978
18979
18981
18982
18983
18985
18986
18987
18988
18989
18990
18991
18992
18997
18998
19000
19008
19009
19011
19012
19013
19014
19018
19019
19020
19021
19023
19024
19025
19027
19028
19030
19032
19033
19034
19038
19039
19040
19041
19042
19047
19048
19050
19051
19052
19053
19055
19059
19060
19070
19072
19074
19075
19076
19077
19078
19079
19080
19083
19084
19086
19087
19088
19089
19094
19095
19097
19100
19101
19102
19104
19107
19108
19110
19111
19113
19114
19115
19119
19123
19128
19130
19132
19133
19135
19136
19137
19139
19140
19141
19142
19145
19146
19147
19148
19149
19150
19152
19153
19155
19157
19159
19162
19163
19166
19172
19174
19175
19176
19177
19178
19181
19182
19185
19186
19187
19192
19193
19194
19197
19198
19200
19201
19204
19208
19210
19211
19212
19213
19214
19216
19217
19221
19222
19226
19227
19229
19231
19232
19233
19235
19239
19241
19242
19246
19248
19249
19251
19252
19255
19258
19260
19261
19262
19264
19265
19268
19269
19270
19272
19274
19275
19278
19281
19284
19285
19287
19290
19292
19296
19298
19299
19302
19303
19304
19306
19307
19308
19310
19312
19313
19314
19315
19317
19318
19319
19320
19321
19324
19329
19330
19333
19334
19335
19337
19340
19342
19344
19345
19346
19347
19348
19349
19351
19352
19353
19354
19361
19363
19364
19366
19367
19373
19375
19379
19381
19382
19383
19386
19387
19388
19389
19390
19392
19395
19396
19398
19399
19401
19402
19403
19404
19405
19407
19409
19410
19411
19412
19413
19417
19418
19421
19424
19425
19427
19432
19434
19435
19438
19441
19444
19446
19447
19448
19449
19451
19455
19457
19458
19463
19464
19465
19468
19470
19471
19473
19474
19478
19480
19481
19482
19483
19484
19488
19489
19490
19492
19496
19498
19500
19503
19504
19505
19515
19518
19521
19522
19528
19530
19535
19536
19537
19538
19541
19542
19545
19546
19549
19551
19556
19558
19560
19561
19562
19564
19565
19566
19567
19568
19570
19572
19573
19577
19580
19581
19583
19584
19588
19591
19592
19593
19598
19600
19601
19603
19605
19608
19610
19613
19615
19623
19626
19627
19628
19629
19631
19633
19635
19636
19638
19639
19641
19643
19644
19646
19649
19650
19651
19652
19654
19657
19659
19660
19661
19662
19666
19667
19668
19669
19670
19671
19673
19674
19678
19679
19681
19682
19684
19690
19691
19693
19694
19695
19697
19699
19700
19703
19708
19710
19712
19713
19715
19716
19717
19719
19720
19721
19723
19724
19726
19727
19729
19730
19735
19739
19742
19743
19744
19747
19748
19749
19752
19755
19757
19763
19765
19766
19767
19768
19771
19776
19777
19781
19786
19787
19789
19792
19794
19796
19797
19798
19800
19805
19808
19809
19810
19813
19814
19815
19816
19818
19820
19821
19822
19823
19825
19831
19832
19833
19835
19838
19839
19844
19845
19846
19849
19850
19852
19857
19858
19859
19860
19861
19865
19867
19868
19869
19872
19873
19874
19878
19882
19883
19887
19888
19890
19892
19893
19895
19896
19899
19900
19902
19904
19912
19913
19914
19916
19919
19921
19922
19923
19926
19927
19930
19934
19936
19941
19942
19943
19946
19948
19949
19950
19951
19953
19954
19956
19959
19960
19962
19963
19965
19966
19969
19973
19974
19976
19980
19986
19987
19988
19996
19997
20001
20002
20003
20006
20007
20010
20013
20016
20017
20018
20021
20022
20025
20026
20028
20029
20032
20034
20036
20038
20040
20042
20043
20045
20046
20048
20049
20050
20051
20052
20058
20060
20062
20066
20068
20069
20070
20071
20072
20073
20075
20076
20077
20078
20079
20086
20087
20089
20094
20095
20098
20099
20100
20101
20103
20104
20105
20106
20112
20113
20115
20117
20122
20123
20124
20125
20133
20134
20135
20137
20139
20140
20144
20149
20155
20159
20160
20161
20162
20163
20164
20165
20166
20167
20169
20170
20171
20172
20173
20174
20178
20181
20182
20185
20187
20188
20189
20195
20196
20200
20201
20204
20209
20213
20214
20216
20218
20220
20225
20226
20227
20229
20230
20233
20235
20236
20239
20240
20245
20250
20252
20254
20259
20260
20263
20266
20269
20270
20271
20275
20279
20282
20283
20285
20286
20294
20296
20297
20302
20307
20308
20309
20310
20312
20316
20318
20319
20321
20323
20327
20328
20329
20330
20331
20334
20335
20337
20338
20340
20341
20342
20343
20344
20346
20348
20351
20352
20353
20356
20357
20358
20359
20361
20362
20365
20366
20367
20368
20372
20374
20377
20378
20380
20382
20384
20385
20386
20388
20391
20392
20394
20398
20400
20406
20407
20408
20409
20412
20413
20416
20417
20420
20421
20422
20424
20426
20427
20428
20430
20431
20434
20438
20439
20440
20441
20444
20446
20454
20455
20456
20457
20458
20459
20460
20461
20464
20465
20467
20468
20469
20470
20471
20472
20473
20475
20476
20477
20479
20480
20482
20483
20484
20485
20488
20489
20491
20494
20495
20496
20497
20498
20499
20500
20501
20502
20503
20504
20505
20506
20507
20509
20510
20512
20513
20514
20516
20519
20522
20524
20529
20531
20533
20536
20537
20539
20541
20542
20543
20549
20550
20552
20554
20555
20560
20561
20562
20564
20565
20566
20568
20569
20570
20572
20574
20576
20580
20586
20587
20588
20589
20590
20592
20596
20600
20604
20607
20609
20610
20611
20612
20616
20618
20619
20621
20622
20623
20624
20626
20629
20630
20631
20633
20634
20635
20636
20641
20643
20644
20645
20646
20648
20651
20653
20654
20655
20657
20659
20660
20661
20663
20665
20668
20669
20670
20671
20672
20677
20678
20679
20680
20683
20684
20685
20689
20692
20695
20696
20699
20701
20703
20707
20708
20711
20714
20715
20716
20718
20720
20722
20723
20724
20728
20729
20730
20732
20733
20734
20735
20736
20738
20740
20741
20742
20747
20750
20751
20752
20753
20754
20755
20757
20759
20762
20764
20770
20771
20772
20773
20775
20776
20778
20781
20782
20784
20785
20789
20791
20796
20797
20798
20800
20801
20803
20804
20805
20810
20814
20815
20817
20818
20819
20822
20826
20827
20833
20834
20836
20837
20839
20843
20844
20845
20848
20850
20851
20852
20857
20858
20860
20861
20863
20864
20868
20869
20872
20873
20874
20878
20884
20886
20887
20888
20889
20890
20891
20893
20895
20897
20903
20904
20905
20906
20908
20915
20916
20918
20922
20923
20924
20926
20933
20934
20937
20942
20945
20946
20947
20950
20951
20952
20956
20958
20960
20961
20965
20967
20968
20969
20970
20971
20973
20974
20978
20980
20981
20984
20986
20988
20991
20993
20994
20999
21000
21003
21004
21006
21007
21008
21010
21015
21018
21019
21022
21024
21025
21027
21029
21030
21031
21033
21035
21040
21041
21042
21043
21046
21047
21048
21049
21050
21052
21054
21057
21059
21061
21063
21066
21068
21070
21072
21076
21077
21078
21079
21080
21081
21083
21085
21088
21093
21094
21095
21099
21100
21102
21103
21105
21106
21107
21110
21112
21113
21115
21116
21117
21118
21121
21126
21127
21128
21129
21130
21131
21133
21134
21135
21136
21138
21143
21144
21146
21148
21149
21152
21154
21155
21156
21158
21159
21163
21164
21165
21172
21173
21179
21180
21181
21186
21188
21189
21190
21192
21197
21200
21203
21205
21206
21207
21208
21213
21217
21218
21219
21220
21221
21223
21226
21227
21228
21229
21234
21235
21237
21238
21239
21241
21242
21244
21248
21250
21251
21252
21254
21257
21258
21259
21260
21261
21264
21265
21270
21273
21276
21278
21281
21282
21284
21285
21286
21292
21295
21297
21299
21300
21301
21306
21308
21311
21312
21314
21318
21320
21321
21322
21323
21324
21325
21330
21332
21333
21335
21337
21341
21342
21343
21344
21345
21348
21349
21351
21354
21356
21359
21360
21362
21365
21367
21368
21370
21371
21372
21374
21376
21377
21378
21384
21387
21388
21395
21397
21398
21399
21400
21402
21403
21405
21408
21409
21412
21414
21415
21417
21419
21420
21422
21426
21427
21433
21435
21436
21443
21449
21450
21452
21453
21454
21459
21460
21461
21463
21464
21466
21470
21472
21473
21475
21477
21479
21481
21482
21483
21484
21485
21487
21489
21490
21495
21496
21497
21498
21500
21502
21503
21504
21510
21512
21513
21515
21516
21517
21518
21519
21520
21527
21531
21532
21533
21535
21537
21538
21539
21541
21542
21543
21546
21547
21549
21551
21553
21555
21556
21557
21559
21561
21562
21563
21564
21567
21568
21569
21571
21572
21574
21575
21576
21578
21579
21581
21582
21588
21589
21591
21592
21593
21595
21597
21598
21599
21600
21602
21603
21605
21609
21610
21613
21614
21615
21616
21618
21620
21621
21622
21623
21628
21631
21633
21634
21635
21637
21639
21640
21641
21643
21645
21647
21648
21649
21650
21652
21654
21655
21657
21658
21661
21664
21665
21666
21672
21675
21676
21678
21680
21681
21682
21683
21684
21685
21688
21689
21690
21692
21693
21694
21695
21697
21698
21699
21700
21701
21703
21704
21705
21706
21708
21709
21711
21716
21717
21721
21722
21725
21727
21729
21730
21733
21736
21738
21739
21740
21742
21746
21748
21753
21754
21755
21756
21759
21761
21762
21764
21765
21766
21767
21769
21772
21773
21774
21777
21778
21780
21782
21784
21786
21790
21792
21793
21794
21796
21798
21800
21804
21805
21808
21809
21812
21813
21814
21816
21817
21819
21820
21822
21824
21825
21826
21827
21828
21831
21833
21835
21842
21846
21848
21849
21850
21851
21853
21854
21857
21858
21861
21863
21864
21867
21870
21871
21873
21874
21876
21878
21879
21880
21882
21884
21887
21890
21891
21892
21893
21896
21898
21901
21902
21907
21908
21910
21912
21915
21916
21917
21921
21924
21926
21927
21928
21931
21934
21941
21945
21947
21948
21955
21962
21963
21965
21966
21970
21971
21973
21976
21977
21979
21984
21986
21988
21989
21990
21992
21995
21996
21997
21998
21999
22000
22001
22002
22003
22005
22006
22009
22015
22017
22019
22021
22022
22024
22028
22030
22031
22032
22033
22034
22038
22040
22041
22044
22045
22048
22049
22050
22052
22054
22055
22056
22057
22059
22060
22062
22063
22064
22066
22070
22072
22076
22080
22081
22082
22084
22088
22090
22091
22092
22093
22094
22096
22101
22103
22107
22108
22113
22116
22117
22121
22124
22128
22129
22131
22132
22134
22136
22137
22141
22142
22147
22149
22150
22151
22152
22155
22157
22158
22159
22162
22163
22164
22165
22166
22167
22168
22169
22172
22175
22176
22177
22179
22182
22183
22184
22185
22186
22187
22188
22191
22193
22196
22200
22203
22207
22217
22219
22222
22223
22225
22226
22227
22229
22230
22232
22233
22235
22236
22238
22240
22242
22246
22247
22249
22250
22251
22258
22262
22263
22265
22267
22268
22269
22270
22273
22281
22283
22285
22287
22290
22291
22293
22294
22295
22296
22299
22302
22303
22305
22306
22308
22310
22312
22313
22315
22316
22319
22320
22324
22326
22327
22328
22330
22334
22335
22338
22339
22341
22344
22347
22349
22350
22351
22353
22354
22355
22361
22365
22367
22371
22372
22373
22374
22375
22380
22381
22382
22384
22385
22386
22389
22392
22397
22405
22408
22409
22411
22413
22416
22417
22419
22424
22425
22426
22428
22430
22431
22433
22434
22435
22437
22440
22441
22444
22445
22446
22447
22448
22449
22451
22452
22456
22459
22460
22463
22465
22466
22467
22468
22469
22471
22472
22475
22477
22481
22482
22483
22484
22487
22491
22496
22497
22499
22502
22506
22512
22513
22515
22516
22518
22521
22523
22524
22525
22527
22530
22539
22541
22542
22544
22546
22550
22551
22556
22557
22558
22561
22562
22564
22565
22567
22568
22569
22570
22572
22573
22576
22578
22579
22580
22581
22582
22583
22584
22585
22586
22588
22589
22590
22591
22594
22595
22597
22598
22599
22600
22602
22603
22606
22616
22621
22624
22626
22627
22629
22632
22633
22634
22637
22641
22643
22644
22645
22649
22651
22654
22656
22663
22664
22666
22670
22671
22672
22676
22677
22682
22684
22685
22686
22687
22690
22691
22695
22699
22700
22701
22702
22703
22706
22707
22709
22712
22716
22717
22718
22727
22728
22729
22730
22736
22737
22738
22740
22741
22743
22744
22746
22747
22749
22753
22754
22756
22759
22761
22763
22764
22767
22768
22770
22771
22773
22774
22775
22777
22778
22779
22783
22784
22785
22787
22788
22791
22792
22793
22796
22799
22800
22802
22805
22807
22809
22811
22812
22815
22817
22819
22822
22825
22826
22830
22832
22833
22835
22838
22839
22840
22841
22842
22843
22845
22846
22847
22857
22858
22862
22865
22866
22868
22869
22870
22873
22878
22880
22881
22882
22885
22887
22888
22889
22890
22892
22893
22898
22903
22904
22905
22906
22907
22910
22914
22916
22918
22921
22924
22927
22928
22930
22931
22933
22934
22935
22937
22939
22940
22947
22950
22952
22956
22957
22958
22962
22963
22966
22967
22973
22974
22977
22979
22980
22982
22983
22984
22985
22987
22993
22994
22997
23000
23001
23002
23007
23009
23010
23011
23014
23016
23017
23021
23022
23023
23024
23025
23027
23028
23032
23037
23038
23043
23044
23046
23050
23057
23061
23064
23065
23066
23067
23070
23072
23074
23075
23077
23079
23080
23082
23083
23085
23086
23090
23092
23093
23094
23095
23097
23098
23104
23105
23107
23109
23110
23111
23113
23114
23117
23120
23122
23129
23130
23133
23135
23141
23143
23144
23145
23146
23150
23152
23156
23157
23159
23163
23164
23165
23167
23168
23171
23173
23174
23176
23177
23181
23185
23187
23191
23194
23195
23197
23198
23201
23202
23204
23209
23210
23211
23214
23218
23219
23221
23222
23223
23229
23233
23238
23239
23240
23241
23242
23243
23245
23246
23250
23251
23255
23259
23263
23268
23270
23271
23274
23275
23277
23279
23280
23281
23282
23283
23285
23287
23288
23290
23294
23295
23296
23297
23298
23299
23304
23307
23310
23311
23312
23314
23315
23316
23317
23323
23326
23327
23329
23330
23331
23336
23339
23342
23343
23344
23345
23353
23354
23356
23357
23358
23360
23362
23367
23369
23371
23377
23378
23379
23380
23382
23383
23384
23388
23394
23396
23397
23398
23399
23400
23402
23405
23407
23409
23410
23412
23414
23417
23419
23420
23423
23424
23426
23428
23431
23437
23438
23439
23443
23444
23449
23455
23459
23469
23470
23471
23472
23474
23475
23476
23478
23479
23483
23484
23487
23493
23494
23495
23497
23506
23507
23508
23510
23513
23515
23516
23517
23522
23524
23526
23527
23531
23532
23533
23535
23536
23538
23539
23540
23544
23547
23548
23551
23553
23556
23557
23559
23562
23564
23570
23571
23573
23574
23575
23577
23578
23579
23581
23582
23584
23585
23586
23587
23592
23595
23596
23598
23600
23603
23606
23609
23611
23615
23617
23618
23619
23620
23622
23625
23628
23632
23633
23636
23638
23641
23643
23644
23645
23648
23650
23662
23665
23668
23669
23672
23673
23674
23676
23679
23680
23681
23683
23684
23686
23690
23693
23697
23698
23703
23705
23706
23708
23709
23713
23716
23719
23720
23722
23723
23729
23734
23735
23737
23738
23740
23741
23744
23745
23747
23748
23749
23751
23753
23756
23757
23758
23759
23763
23769
23770
23772
23773
23775
23776
23777
23783
23791
23795
23796
23799
23801
23804
23805
23806
23810
23812
23813
23814
23815
23818
23820
23821
23822
23823
23825
23826
23827
23830
23833
23835
23837
23838
23840
23841
23846
23848
23850
23851
23853
23856
23857
23859
23860
23864
23866
23868
23870
23872
23873
23874
23875
23877
23878
23879
23880
23883
23885
23890
23894
23895
23896
23897
23898
23899
23900
23906
23907
23912
23915
23917
23918
23919
23926
23927
23928
23931
23932
23934
23938
23940
23941
23944
23945
23946
23950
23951
23952
23953
23954
23956
23957
23958
23959
23961
23962
23964
23966
23967
23969
23975
23977
23978
23979
23982
23985
23986
23991
23992
23995
23996
24001
24004
24005
24006
24007
24009
24010
24012
24013
24014
24015
24016
24022
24023
24024
24025
24028
24030
24033
24034
24037
24038
24040
24041
24046
24051
24053
24054
24056
24057
24059
24062
24063
24065
24066
24076
24079
24080
24081
24083
24084
24086
24090
24091
24092
24093
24094
24095
24096
24097
24098
24100
24101
24102
24104
24109
24110
24112
24115
24116
24121
24122
24123
24124
24125
24127
24128
24133
24138
24139
24141
24147
24148
24151
24156
24157
24160
24161
24163
24164
24165
24167
24170
24171
24175
24177
24178
24183
24186
24188
24191
24193
24195
24197
24199
24200
24201
24204
24207
24209
24210
24213
24214
24216
24217
24219
24220
24224
24225
24226
24227
24228
24229
24230
24231
24233
24235
24236
24237
24238
24240
24241
24242
24243
24244
24245
24246
24252
24253
24254
24255
24261
24265
24268
24270
24272
24273
24274
24275
24276
24277
24279
24281
24283
24285
24288
24290
24293
24295
24297
24298
24300
24302
24304
24305
24308
24315
24318
24319
24321
24323
24330
24331
24332
24333
24334
24336
24337
24338
24339
24340
24342
24344
24346
24347
24348
24350
24351
24354
24358
24360
24363
24366
24367
24369
24371
24372
24380
24382
24385
24387
24389
24391
24393
24397
24398
24401
24402
24403
24407
24409
24411
24412
24414
24415
24418
24420
24423
24425
24426
24434
24435
24437
24438
24439
24442
24443
24446
24447
24451
24453
24455
24456
24457
24459
24460
24461
24464
24466
24468
24469
24470
24479
24480
24481
24485
24491
24493
24496
24500
24501
24502
24504
24505
24507
24508
24509
24510
24512
24518
24519
24522
24523
24526
24528
24529
24530
24531
24537
24542
24544
24546
24547
24548
24551
24553
24554
24555
24556
24557
24558
24560
24561
24562
24566
24569
24571
24572
24574
24575
24578
24579
24580
24582
24583
24587
24590
24593
24596
24600
24603
24604
24606
24608
24609
24613
24614
24616
24617
24619
24621
24624
24627
24628
24630
24634
24637
24638
24639
24647
24649
24651
24652
24655
24656
24657
24660
24661
24663
24665
24667
24670
24672
24674
24679
24681
24687
24689
24690
24693
24696
24698
24699
24702
24708
24710
24712
24714
24715
24716
24717
24718
24719
24720
24721
24722
24723
24724
24725
24726
24729
24731
24732
24733
24734
24735
24739
24741
24746
24747
24749
24751
24752
24755
24762
24763
24764
24765
24767
24769
24772
24773
24776
24777
24779
24781
24782
24785
24787
24788
24790
24791
24792
24795
24797
24799
24804
24806
24807
24811
24812
24816
24818
24821
24822
24824
24826
24828
24830
24831
24832
24834
24836
24837
24840
24842
24845
24848
24850
24856
24858
24860
24863
24864
24865
24868
24869
24874
24875
24876
24881
24886
24891
24894
24899
24900
24903
24904
24907
24911
24915
24917
24918
24919
24921
24924
24927
24928
24930
24932
24933
24934
24935
24936
24938
24939
24942
24944
24949
24952
24955
24958
24959
24960
24962
24963
24964
24965
24968
24974
24979
24980
24983
24985
24987
24988
24990
24991
24992
24993
24995
25003
25004
25006
25012
25015
25016
25018
25020
25025
25029
25030
25034
25041
25042
25044
25045
25047
25050
25053
25054
25055
25056
25060
25062
25063
25064
25065
25067
25068
25074
25075
25076
25077
25081
25082
25083
25084
25091
25092
25095
25096
25098
25101
25103
25105
25108
25111
25113
25114
25115
25117
25118
25122
25124
25126
25128
25130
25133
25137
25141
25143
25144
25146
25147
25148
25149
25151
25152
25153
25155
25157
25162
25163
25164
25165
25168
25170
25171
25174
25178
25181
25187
25189
25190
25191
25193
25198
25199
25201
25204
25206
25208
25209
25210
25212
25213
25215
25216
25217
25219
25221
25222
25223
25224
25225
25228
25232
25234
25241
25243
25244
25250
25252
25253
25255
25256
25261
25262
25263
25264
25267
25273
25274
25275
25276
25277
25278
25283
25284
25285
25286
25287
25289
25291
25292
25293
25294
25296
25299
25300
25303
25304
25307
25311
25314
25316
25317
25318
25320
25322
25325
25328
25331
25334
25337
25339
25340
25343
25344
25346
25347
25348
25349
25351
25353
25366
25367
25368
25374
25375
25377
25378
25383
25385
25391
25393
25395
25398
25399
25400
25401
25402
25405
25406
25407
25408
25411
25413
25416
25418
25419
25423
25425
25427
25428
25429
25430
25432
25434
25435
25436
25439
25440
25442
25445
25446
25447
25449
25450
25456
25457
25459
25460
25462
25463
25464
25465
25466
25467
25471
25472
25476
25478
25479
25487
25490
25493
25498
25499
25500
25503
25504
25510
25511
25519
25522
25524
25530
25531
25532
25535
25540
25543
25545
25546
25547
25549
25550
25551
25552
25553
25555
25556
25557
25558
25559
25565
25568
25569
25570
25580
25583
25585
25586
25587
25591
25593
25597
25598
25600
25602
25605
25610
25611
25615
25617
25619
25621
25622
25624
25625
25626
25627
25628
25629
25632
25633
25635
25640
25642
25643
25645
25652
25654
25656
25658
25659
25662
25663
25665
25668
25675
25681
25682
25685
25689
25690
25692
25694
25695
25696
25698
25700
25702
25704
25705
25707
25708
25710
25711
25712
25715
25716
25718
25719
25720
25721
25723
25725
25730
25736
25737
25738
25744
25749
25756
25762
25766
25770
25771
25773
25774
25776
25778
25779
25780
25781
25786
25790
25791
25792
25793
25794
25798
25806
25807
25812
25816
25817
25822
25823
25824
25826
25827
25830
25831
25832
25833
25835
25841
25848
25849
25852
25854
25855
25856
25863
25864
25866
25868
25869
25870
25880
25881
25883
25884
25888
25889
25891
25893
25894
25896
25898
25899
25901
25902
25903
25905
25907
25908
25914
25917
25918
25924
25930
25932
25933
25936
25940
25941
25944
25946
25952
25953
25954
25958
25961
25962
25968
25969
25970
25971
25977
25978
25984
25989
25996
25997
25998
26000
26003
26008
26012
26014
26019
26023
26025
26026
26029
26030
26033
26034
26035
26038
26042
26043
26049
26050
26051
26052
26054
26055
26058
26059
26061
26062
26063
26065
26067
26068
26075
26076
26077
26079
26080
26091
26094
26097
26098
26099
26101
26103
26104
26108
26109
26112
26115
26118
26119
26120
26121
26122
26124
26126
26128
26132
26137
26140
26147
26148
26151
26153
26156
26157
26158
26162
26163
26164
26167
26168
26170
26172
26173
26177
26178
26180
26182
26183
26184
26186
26189
26190
26192
26193
26195
26200
26202
26205
26207
26208
26209
26211
26214
26216
26222
26223
26227
26228
26230
26236
26239
26241
26242
26247
26248
26253
26254
26256
26257
26258
26259
26260
26263
26264
26266
26267
26270
26271
26274
26277
26280
26281
26285
26288
26289
26291
26294
26295
26297
26298
26299
26303
26305
26306
26307
26308
26312
26314
26317
26320
26321
26324
26328
26329
26331
26334
26336
26338
26343
26344
26346
26347
26348
26349
26351
26352
26353
26355
26357
26358
26359
26362
26370
26372
26375
26377
26382
26383
26384
26386
26388
26389
26396
26397
26398
26401
26404
26406
26407
26410
26412
26417
26418
26425
26427
26432
26434
26436
26437
26439
26441
26442
26446
26450
26453
26456
26458
26463
26464
26467
26469
26470
26471
26472
26473
26477
26480
26482
26483
26487
26490
26492
26493
26496
26497
26501
26502
26503
26504
26507
26508
26510
26512
26515
26516
26517
26521
26526
26527
26530
26531
26532
26533
26535
26539
26540
26542
26543
26545
26547
26548
26549
26552
26554
26555
26556
26561
26564
26565
26568
26569
26570
26574
26577
26578
26587
26588
26589
26590
26591
26592
26593
26595
26596
26597
26599
26600
26602
26604
26605
26606
26608
26609
26610
26612
26613
26614
26616
26617
26619
26621
26622
26628
26629
26634
26636
26637
26640
26642
26643
26644
26646
26649
26651
26653
26654
26655
26657
26661
26666
26671
26674
26676
26677
26678
26679
26680
26681
26684
26685
26688
26691
26696
26699
26701
26702
26703
26708
26709
26710
26711
26713
26716
26722
26723
26728
26729
26731
26732
26738
26739
26745
26748
26750
26756
26760
26763
26770
26771
26772
26774
26775
26778
26782
26783
26785
26791
26793
26796
26802
26805
26806
26807
26808
26812
26813
26817
26820
26823
26824
26825
26829
26832
26834
26837
26841
26843
26845
26846
26847
26849
26857
26858
26859
26863
26864
26865
26878
26879
26880
26884
26886
26887
26889
26893
26895
26896
26898
26899
26900
26901
26902
26903
26907
26909
26910
26912
26913
26917
26920
26926
26928
26930
26931
26932
26933
26934
26935
26943
26944
26946
26949
26951
26952
26953
26955
26960
26961
26963
26964
26970
26972
26974
26976
26978
26982
26987
26988
26989
26990
26996
26998
27000
27005
27007
27008
27009
27011
27012
27016
27017
27018
27022
27025
27026
27027
27028
27030
27031
27034
27038
27039
27041
27043
27044
27047
27050
27051
27054
27056
27059
27063
27066
27069
27070
27073
27074
27078
27079
27085
27086
27090
27094
27095
27097
27102
27107
27109
27116
27118
27119
27120
27123
27124
27127
27129
27130
27131
27132
27134
27135
27137
27140
27141
27142
27149
27150
27152
27153
27154
27158
27160
27161
27163
27164
27167
27168
27177
27180
27183
27184
27187
27188
27189
27190
27191
27194
27196
27198
27199
27204
27210
27212
27213
27215
27218
27222
27223
27224
27226
27227
27228
27229
27230
27232
27233
27235
27236
27237
27238
27241
27245
27247
27248
27251
27258
27259
27262
27263
27264
27266
27271
27273
27275
27277
27278
27279
27280
27281
27282
27283
27286
27292
27293
27294
27296
27305
27310
27315
27317
27323
27325
27327
27329
27330
27335
27344
27345
27350
27351
27354
27355
27356
27357
27358
27360
27362
27363
27365
27367
27370
27371
27372
27374
27376
27379
27380
27386
27389
27391
27392
27393
27394
27396
27401
27403
27404
27406
27410
27412
27413
27416
27419
27421
27423
27424
27425
27427
27430
27431
27433
27435
27437
27443
27445
27446
27447
27453
27458
27462
27464
27467
27469
27470
27471
27472
27475
27477
27478
27480
27481
27482
27484
27489
27491
27494
27502
27504
27510
27512
27513
27514
27517
27519
27523
27525
27526
27528
27530
27532
27533
27534
27538
27541
27545
27549
27551
27553
27558
27560
27562
27565
27566
27567
27568
27570
27571
27572
27573
27577
27583
27584
27586
27588
27591
27593
27597
27599
27600
27601
27604
27605
27608
27609
27610
27611
27615
27619
27622
27625
27629
27632
27639
27642
27643
27647
27649
27651
27653
27654
27655
27661
27662
27664
27666
27670
27673
27674
27676
27679
27681
27685
27686
27687
27690
27692
27693
27695
27698
27700
27701
27704
27706
27707
27712
27714
27718
27719
27723
27724
27729
27730
27731
27733
27734
27735
27736
27738
27742
27743
27747
27749
27750
27751
27753
27757
27758
27763
27764
27765
27770
27771
27775
27779
27780
27781
27782
27784
27786
27787
27794
27799
27803
27804
27805
27806
27808
27810
27811
27820
27821
27822
27823
27833
27837
27840
27841
27843
27849
27852
27853
27857
27858
27859
27860
27864
27867
27868
27869
27877
27879
27882
27891
27894
27896
27897
27900
27903
27905
27906
27912
27915
27916
27920
27923
27925
27926
27927
27928
27929
27930
27942
27948
27949
27950
27952
27953
27955
27958
27960
27962
27963
27965
27966
27967
27971
27974
27976
27977
27978
27980
27982
27984
27986
27991
27993
27995
27999
28001
28011
28012
28013
28014
28015
28016
28025
28028
28032
28037
28040
28041
28042
28043
28048
28049
28051
28052
28053
28055
28058
28060
28062
28065
28068
28069
28072
28073
28074
28078
28079
28080
28087
28089
28091
28092
28097
28098
28101
28103
28104
28105
28106
28107
28111
28112
28113
28115
28118
28120
28121
28122
28125
28133
28136
28137
28147
28148
28151
28154
28161
28164
28168
28173
28177
28180
28183
28184
28185
28186
28187
28190
28191
28192
28193
28197
28198
28201
28203
28210
28211
28213
28215
28216
28217
28219
28226
28232
28238
28239
28240
28241
28244
28247
28250
28253
28254
28256
28258
28260
28261
28263
28265
28266
28267
28271
28272
28274
28275
28279
28282
28285
28286
28288
28295
28297
28299
28302
28306
28308
28310
28314
28315
28317
28320
28321
28326
28327
28328
28329
28336
28338
28342
28348
28356
28359
28360
28365
28370
28377
28378
28380
28384
28390
28394
28397
28404
28407
28408
28409
28412
28416
28425
28427
28428
28430
28431
28432
28434
28435
28440
28444
28445
28450
28452
28454
28456
28457
28458
28459
28465
28466
28470
28471
28473
28475
28476
28477
28481
28486
28488
28493
28494
28495
28496
28498
28504
28508
28509
28510
28513
28515
28516
28519
28522
28525
28528
28530
28531
28535
28536
28538
28539
28543
28544
28546
28547
28552
28556
28560
28562
28565
28566
28581
28584
28586
28589
28592
28593
28595
28604
28606
28607
28609
28621
28625
28627
28628
28632
28635
28637
28639
28645
28647
28648
28649
28650
28657
28658
28662
28663
28665
28666
28671
28675
28677
28678
28685
28686
28687
28689
28694
28695
28701
28705
28707
28709
28712
28714
28715
28721
28726
28727
28728
28729
28731
28732
28733
28738
28739
28741
28746
28750
28755
28758
28759
28760
28761
28762
28763
28766
28767
28771
28777
28778
28782
28789
28790
28792
28803
28804
28808
28817
28819
28829
28833
28835
28837
28840
28844
28847
28851
28853
28856
28857
28862
28868
28869
28873
28876
28883
28884
28885
28889
28892
28893
28898
28899
28902
28905
28907
28909
28911
28912
28913
28915
28919
28920
28921
28924
28926
28928
28933
28934
28936
28943
28945
28946
28947
28949
28953
28954
28958
28959
28962
28964
28969
28970
28973
28974
28976
28979
28983
28985
28988
28990
28994
28995
28997
28999
29001
29005
29006
29007
29008
29010
29012
29013
29014
29015
29016
29017
29018
29022
29029
29031
29033
29034
29035
29039
29041
29044
29045
29046
29048
29051
29055
29057
29059
29064
29066
29068
29069
29071
29077
29080
29085
29089
29094
29096
29097
29100
29101
29102
29103
29104
29108
29109
29110
29112
29113
29115
29116
29122
29123
29125
29128
29129
29130
29131
29136
29138
29140
29142
29144
29146
29149
29154
29155
29157
29159
29164
29166
29169
29171
29172
29174
29178
29179
29182
29183
29184
29193
29199
29201
29202
29203
29208
29211
29214
29216
29221
29222
29223
29231
29233
29234
29237
29238
29246
29247
29249
29254
29256
29257
29259
29261
29262
29263
29265
29269
29270
29273
29274
29280
29281
29282
29283
29284
29285
29287
29288
29292
29293
29296
29297
29298
29299
29300
29302
29309
29310
29311
29313
29314
29315
29316
29317
29318
29320
29321
29322
29324
29327
29330
29331
29337
29339
29344
29346
29347
29348
29350
29353
29358
29362
29364
29369
29370
29371
29374
29377
29378
29380
29381
29382
29385
29387
29390
29391
29392
29393
29394
29395
29396
29397
29398
29400
29404
29408
29412
29413
29420
29421
29422
29424
29426
29427
29428
29430
29434
29435
29436
29438
29440
29442
29445
29447
29448
29449
29454
29456
29457
29458
29463
29464
29468
29471
29478
29481
29482
29485
29487
29489
29490
29492
29493
29496
29501
29503
29505
29506
29510
29511
29512
29527
29528
29533
29536
29539
29541
29542
29543
29545
29547
29549
29551
29552
29554
29559
29560
29562
29563
29564
29566
29567
29569
29571
29574
29579
29581
29582
29584
29587
29588
29591
29592
29593
29594
29595
29596
29607
29611
29615
29616
29617
29618
29619
29621
29622
29625
29627
29629
29634
29635
29640
29642
29643
29644
29648
29649
29650
29651
29653
29654
29655
29657
29658
29659
29664
29665
29666
29667
29668
29672
29681
29682
29683
29684
29685
29687
29689
29691
29693
29694
29695
29696
29697
29706
29707
29708
29711
29712
29715
29717
29723
29726
29728
29729
29730
29732
29735
29738
29748
29749
29752
29754
29760
29762
29763
29765
29768
29772
29773
29776
29778
29780
29781
29783
29784
29786
29793
29794
29796
29797
29804
29806
29809
29812
29815
29818
29821
29822
29823
29828
29830
29832
29833
29835
29838
29840
29843
29844
29845
29847
29850
29853
29856
29860
29865
29868
29873
29877
29879
29880
29885
29889
29890
29891
29893
29895
29896
29897
29899
29902
29903
29907
29908
29910
29912
29913
29915
29916
29919
29921
29922
29925
29926
29927
29928
29933
29935
29936
29941
29951
29955
29958
29964
29969
29971
29973
29976
29977
29978
29982
29983
29986
29991
29992
29993
29997
29999
30001
30003
30004
30007
30008
30012
30021
30022
30026
30027
30030
30035
30036
30038
30039
30040
30043
30047
30049
30053
30054
30056
30057
30059
30064
30066
30067
30070
30074
30076
30084
30087
30090
30091
30096
30097
30098
30100
30101
30104
30107
30108
30111
30114
30116
30117
30118
30119
30123
30125
30126
30129
30132
30135
30137
30138
30139
30140
30141
30146
30147
30148
30152
30155
30171
30177
30179
30181
30182
30183
30184
30185
30191
30192
30195
30198
30200
30203
30205
30211
30214
30217
30218
30219
30220
30222
30223
30226
30227
30231
30237
30239
30240
30241
30245
30246
30251
30253
30260
30261
30262
30264
30265
30269
30270
30276
30277
30278
30289
30290
30291
30293
30294
30296
30299
30303
30308
30310
30312
30316
30324
30327
30331
30332
30333
30334
30337
30339
30344
30345
30347
30351
30358
30362
30366
30367
30370
30371
30373
30374
30376
30377
30379
30394
30396
30399
30401
30404
30405
30407
30411
30412
30413
30417
30419
30421
30423
30430
30437
30439
30451
30452
30456
30458
30459
30461
30462
30463
30465
30467
30470
30473
30474
30475
30478
30479
30484
30486
30487
30488
30489
30491
30492
30494
30498
30499
30505
30506
30510
30511
30512
30515
30516
30519
30520
30521
30523
30535
30538
30551
30553
30557
30558
30561
30563
30564
30566
30567
30571
30573
30576
30578
30581
30586
30594
30596
30598
30599
30600
30601
30603
30606
30615
30623
30624
30629
30631
30637
30642
30644
30646
30647
30650
30653
30659
30662
30663
30666
30668
30670
30672
30673
30674
30675
30678
30684
30686
30687
30692
30695
30697
30700
30701
30705
30714
30717
30719
30722
30724
30730
30731
30738
30740
30742
30743
30744
30745
30746
30747
30748
30749
30753
30755
30756
30758
30760
30761
30762
30763
30764
30766
30775
30783
30787
30790
30794
30797
30798
30800
30809
30810
30812
30815
30816
30821
30823
30824
30825
30832
30835
30836
30838
30841
30851
30852
30854
30858
30862
30863
30864
30869
30870
30871
30875
30876
30877
30882
30883
30887
30888
30889
30895
30900
30901
30902
30906
30912
30914
30915
30916
30917
30927
30928
30937
30938
30939
30941
30954
30957
30959
30960
30964
30966
30967
30969
30976
30977
30979
30980
30982
30987
30992
30993
30996
30998
30999
31000
31001
31005
31007
31008
31011
31012
31015
31022
31023
31024
31028
31030
31032
31038
31039
31043
31046
31049
31051
31052
31057
31058
31061
31062
31063
31071
31073
31076
31078
31081
31083
31084
31085
31086
31088
31092
31097
31100
31103
31104
31105
31108
31109
31114
31117
31118
31120
31128
31129
31130
31133
31134
31135
31136
31137
31138
31141
31142
31143
31144
31150
31151
31153
31154
31162
31167
31168
31173
31174
31178
31179
31183
31184
31187
31190
31192
31195
31199
31205
31207
31209
31211
31213
31215
31219
31226
31227
31228
31230
31233
31235
31240
31243
31244
31247
31248
31251
31253
31255
31256
31259
31264
31265
31267
31268
31270
31271
31276
31277
31281
31285
31286
31287
31288
31291
31300
31302
31304
31312
31314
31315
31317
31318
31319
31324
31326
31334
31335
31337
31338
31340
31341
31343
31347
31349
31350
31351
31354
31355
31356
31358
31360
31361
31363
31367
31372
31376
31377
31378
31379
31381
31388
31389
31391
31392
31393
31404
31410
31411
31412
31417
31420
31422
31428
31434
31435
31436
31437
31438
31439
31443
31445
31446
31447
31456
31460
31462
31464
31465
31467
31468
31470
31471
31472
31474
31479
31483
31484
31485
31487
31488
31489
31490
31494
31498
31500
31502
31504
31507
31508
31511
31519
31520
31521
31526
31529
31532
31534
31540
31541
31546
31547
31548
31551
31559
31563
31564
31565
31566
31572
31575
31579
31588
31590
31591
31592
31593
31595
31599
31600
31604
31607
31611
31612
31615
31617
31619
31620
31621
31625
31626
31627
31629
31632
31634
31637
31639
31644
31649
31656
31659
31660
31661
31663
31665
31666
31671
31672
31677
31681
31683
31685
31686
31692
31695
31697
31699
31701
31703
31706
31708
31712
31713
31719
31724
31726
31728
31730
31731
31733
31734
31735
31738
31746
31751
31752
31765
31766
31768
31776
31777
31779
31781
31784
31788
31789
31790
31791
31793
31799
31800
31802
31805
31809
31815
31816
31820
31824
31826
31829
31838
31841
31852
31853
31855
31859
31860
31871
31872
31874
31878
31879
31881
31884
31886
31887
31888
31902
31906
31909
31911
31913
31918
31920
31921
31925
31928
31929
31930
31940
31941
31945
31946
31949
31950
31954
31955
31959
31961
31964
31965
31966
31968
31970
31972
31973
31978
31979
31980
31984
31985
31986
31987
31988
31992
31995
31996
31997
32001
32002
32004
32006
32007
32009
32011
32015
32017
32020
32023
32026
32031
32039
32042
32048
32049
32052
32058
32065
32066
32074
32077
32079
32082
32087
32090
32094
32095
32096
32107
32110
32114
32117
32122
32127
32128
32130
32139
32142
32144
32147
32148
32153
32154
32157
32160
32163
32168
32170
32171
32174
32175
32176
32177
32178
32184
32190
32191
32193
32194
32195
32205
32211
32224
32227
32228
32233
32235
32236
32237
32238
32239
32241
32248
32249
32251
32253
32254
32256
32258
32261
32264
32269
32280
32283
32284
32286
32288
32290
32291
32294
32296
32298
32300
32303
32305
32306
32310
32313
32315
32318
32323
32327
32328
32332
32335
32336
32341
32343
32344
32345
32346
32354
32358
32362
32364
32365
32367
32368
32370
32375
32379
32380
32381
32384
32386
32387
32388
32391
32393
32394
32396
32400
32405
32410
32412
32418
32425
32427
32433
32439
32443
32449
32450
32451
32462
32464
32468
32469
32471
32472
32477
32478
32480
32483
32485
32487
32493
32496
32497
32499
32500
32503
32504
32508
32514
32516
32519
32521
32524
32525
32527
32530
32532
32537
32541
32543
32549
32550
32555
32556
32557
32559
32561
32563
32567
32570
32572
32573
32577
32579
32582
32588
32590
32591
32595
32597
32599
32603
32607
32616
32624
32627
32630
32631
32633
32634
32635
32639
32641
32645
32650
32651
32653
32654
32655
32658
32662
32663
32665
32666
32671
32676
32677
32680
32681
32687
32689
32690
32691
32696
32700
32711
32713
32714
32718
32722
32726
32732
32735
32740
32743
32745
32749
32751
32752
32753
32760
32766
32767
32769
32770
32773
32774
32775
32777
32781
32783
32785
32788
32790
32793
32797
32798
32811
32814
32817
32819
32822
32827
32829
32831
32832
32833
32835
32836
32837
32844
32848
32850
32853
32856
32863
32866
32870
32871
32872
32877
32878
32879
32880
32881
32886
32889
32894
32895
32897
32898
32907
32915
32916
32919
32921
32923
32924
32927
32929
32930
32932
32933
32939
32940
32941
32942
32944
32946
32947
32952
32956
32957
32958
32961
32964
32967
32969
32971
32974
32975
32979
32983
32985
32990
32995
32998
33005
33006
33007
33010
33011
33019
33021
33025
33026
33028
33030
33033
33038
33041
33042
33045
33047
33055
33056
33057
33060
33061
33066
33068
33072
33073
33075
33086
33087
33088
33089
33090
33093
33094
33095
33096
33098
33101
33105
33107
33108
33109
33110
33111
33114
33115
33119
33120
33124
33125
33126
33129
33132
33134
33140
33146
33147
33152
33153
33155
33156
33157
33161
33164
33165
33167
33170
33172
33180
33182
33185
33186
33187
33188
33190
33191
33193
33194
33199
33203
33204
33205
33208
33211
33213
33218
33222
33226
33229
33231
33236
33240
33241
33242
33244
33249
33251
33254
33256
33258
33260
33261
33265
33267
33270
33273
33278
33283
33284
33286
33287
33289
33291
33293
33295
33298
33299
33301
33303
33310
33311
33312
33313
33314
33320
33325
33326
33330
33333
33335
33337
33339
33340
33343
33347
33350
33351
33355
33357
33358
33360
33363
33367
33368
33371
33373
33382
33388
33389
33393
33394
33395
33400
33401
33404
33408
33410
33413
33416
33419
33421
33427
33431
33433
33435
33436
33438
33439
33441
33444
33446
33447
33449
33450
33451
33454
33457
33461
33462
33468
33470
33476
33480
33486
33488
33490
33496
33501
33503
33508
33509
33510
33513
33515
33517
33520
33524
33528
33532
33533
33534
33536
33539
33541
33544
33545
33548
33550
33555
33556
33557
33565
33567
33569
33572
33576
33578
33580
33582
33583
33585
33586
33590
33591
33592
33593
33601
33602
33603
33604
33607
33613
33617
33625
33629
33633
33635
33640
33642
33649
33652
33655
33660
33661
33662
33666
33667
33671
33673
33681
33684
33685
33686
33687
33689
33691
33692
33694
33700
33702
33705
33713
33714
33718
33723
33724
33729
33730
33731
33733
33734
33740
33741
33742
33744
33746
33748
33750
33752
33753
33757
33760
33761
33763
33767
33769
33771
33774
33776
33777
33779
33782
33786
33789
33791
33792
33793
33794
33795
33796
33800
33801
33803
33805
33807
33808
33826
33829
33832
33833
33837
33838
33847
33848
33850
33853
33857
33860
33861
33862
33871
33872
33876
33877
33880
33887
33889
33893
33894
33899
33901
33902
33905
33910
33911
33912
33914
33915
33917
33922
33924
33926
33930
33931
33932
33939
33944
33948
33949
33954
33955
33957
33963
33969
33970
33972
33973
33974
33979
33980
33983
33987
33990
33991
33992
33993
33998
34002
34005
34008
34009
34015
34016
34017
34018
34021
34023
34024
34030
34032
34036
34044
34045
34049
34051
34052
34057
34058
34063
34072
34082
34085
34088
34091
34093
34094
34098
34099
34100
34105
34112
34124
34125
34126
34127
34129
34131
34135
34136
34142
34150
34154
34156
34157
34158
34163
34164
34167
34169
34171
34176
34178
34181
34185
34186
34188
34189
34191
34195
34205
34209
34215
34217
34225
34227
34228
34237
34238
34243
34244
34245
34249
34252
34254
34261
34264
34265
34266
34276
34282
34288
34290
34291
34292
34294
34298
34299
34301
34303
34307
34310
34311
34314
34317
34320
34322
34327
34329
34337
34338
34339
34343
34344
34358
34359
34364
34367
34369
34373
34374
34377
34378
34381
34382
34383
34387
34392
34403
34405
34410
34418
34419
34420
34426
34429
34438
34439
34441
34445
34447
34450
34451
34455
34457
34459
34463
34468
34470
34474
34475
34482
34490
34492
34493
34499
34500
34503
34507
34508
34512
34520
34521
34523
34527
34529
34531
34532
34533
34534
34538
34541
34547
34549
34551
34557
34558
34559
34572
34574
34577
34579
34580
34583
34586
34589
34593
34595
34596
34600
34601
34602
34608
34613
34617
34620
34624
34626
34629
34630
34633
34646
34647
34648
34654
34662
34663
34672
34674
34675
34681
34682
34684
34687
34693
34695
34703
34707
34711
34712
34716
34719
34722
34725
34726
34732
34736
34741
34742
34744
34745
34748
34755
34756
34765
34766
34767
34773
34774
34779
34780
34781
34787
34793
34795
34797
34801
34808
34810
34811
34814
34816
34817
34821
34822
34825
34826
34830
34833
34835
34839
34841
34842
34844
34854
34855
34859
34860
34862
34866
34868
34872
34873
34878
34880
34885
34890
34896
34898
34901
34902
34904
34905
34909
34912
34913
34915
34919
34927
34928
34929
34932
34935
34938
34940
34941
34942
34943
34944
34946
34958
34961
34962
34966
34970
34971
34973
34979
34985
34987
34992
34993
34995
34998
35000
35007
35013
35015
35023
35029
35037
35044
35047
35048
35054
35055
35058
35059
35060
35061
35072
35074
35076
35080
35081
35084
35091
35094
35097
35101
35102
35103
35104
35108
35117
35123
35124
35125
35126
35128
35134
35135
35136
35138
35140
35141
35142
35145
35147
35155
35156
35157
35159
35162
35165
35166
35168
35169
35184
35185
35189
35193
35195
35196
35207
35209
35215
35218
35221
35226
35228
35234
35237
35239
35240
35242
35243
35250
35257
35260
35261
35265
35276
35282
35286
35288
35296
35298
35299
35300
35301
35302
35306
35311
35312
35315
35325
35331
35337
35340
35341
35342
35343
35348
35354
35355
35358
35359
35363
35365
35369
35372
35374
35375
35376
35381
35383
35386
35397
35398
35399
35400
35402
35404
35406
35407
35412
35414
35419
35423
35426
35427
35430
35434
35435
35438
35441
35442
35444
35446
35451
35456
35463
35464
35467
35468
35471
35473
35474
35477
35479
35481
35482
35489
35491
35493
35497
35504
35514
35516
35519
35520
35525
35531
35538
35539
35542
35546
35547
35548
35549
35550
35551
35556
35559
35562
35564
35568
35571
35572
35593
35594
35595
35598
35602
35603
35604
35608
35612
35614
35617
35621
35622
35623
35624
35629
35635
35636
35640
35643
35647
35653
35655
35657
35658
35662
35664
35668
35672
35675
35678
35679
35684
35688
35690
35691
35692
35693
35694
35695
35696
35697
35698
35701
35702
35704
35705
35718
35721
35726
35727
35729
35732
35733
35737
35740
35742
35748
35749
35750
35752
35757
35760
35761
35764
35766
35772
35778
35786
35787
35790
35792
35793
35794
35796
35800
35801
35806
35810
35812
35817
35821
35822
35824
35826
35836
35838
35848
35853
35859
35862
35863
35865
35869
35872
35874
35877
35880
35881
35882
35883
35885
35886
35887
35894
35896
35898
35899
35901
35906
35907
35914
35919
35922
35923
35924
35926
35930
35931
35932
35935
35936
35937
35939
35942
35943
35944
35945
35947
35959
35960
35965
35967
35968
35970
35971
35973
35978
35980
35981
35983
35985
35988
35990
35995
35999
36000
36004
36011
36012
36013
36018
36022
36025
36027
36028
36034
36035
36036
36039
36042
36048
36049
36050
36052
36053
36059
36066
36067
36071
36073
36076
36079
36084
36087
36090
36092
36093
36097
36098
36100
36110
36116
36121
36123
36126
36127
36136
36139
36142
36144
36146
36151
36156
36158
36162
36163
36164
36166
36169
36171
36175
36176
36180
36182
36187
36188
36189
36195
36196
36199
36200
36201
36203
36204
36205
36210
36213
36214
36219
36222
36225
36227
36231
36234
36239
36244
36247
36249
36252
36256
36260
36263
36265
36268
36269
36274
36275
36283
36284
36288
36297
36303
36311
36312
36319
36320
36325
36333
36334
36336
36342
36344
36345
36346
36347
36348
36349
36351
36352
36353
36354
36355
36358
36363
36366
36367
36369
36370
36371
36372
36373
36377
36381
36382
36385
36388
36391
36397
36412
36414
36416
36418
36423
36429
36438
36442
36444
36445
36450
36452
36456
36457
36464
36465
36472
36474
36478
36479
36480
36483
36485
36490
36491
36492
36496
36497
36500
36501
36513
36514
36515
36516
36517
36524
36527
36531
36535
36536
36537
36545
36552
36554
36557
36562
36569
36571
36576
36584
36586
36588
36589
36590
36591
36592
36593
36596
36599
36602
36604
36605
36609
36613
36616
36618
36623
36626
36627
36629
36630
36634
36636
36641
36642
36646
36650
36654
36655
36656
36660
36665
36667
36676
36679
36683
36684
36688
36695
36703
36712
36717
36719
36722
36723
36725
36726
36733
36734
36742
36748
36749
36751
36760
36766
36770
36773
36774
36780
36781
36784
36790
36793
36794
36799
36802
36806
36807
36809
36810
36811
36817
36819
36822
36823
36825
36826
36834
36835
36838
36840
36841
36843
36844
36846
36849
36857
36861
36864
36865
36875
36876
36879
36881
36884
36885
36889
36892
36893
36894
36899
36900
36901
36902
36903
36908
36909
36915
36917
36919
36923
36924
36928
36933
36934
36939
36940
36941
36944
36945
36948
36953
36958
36960
36961
36962
36965
36972
36978
36979
36981
36984
36985
36986
36988
36990
36998
36999
37002
37006
37010
37019
37020
37024
37025
37027
37028
37029
37033
37037
37043
37046
37047
37049
37050
37055
37060
37063
37066
37069
37070
37072
37073
37074
37075
37079
37083
37087
37088
37093
37107
37115
37119
37121
37125
37130
37132
37136
37138
37140
37142
37147
37153
37157
37158
37163
37167
37168
37169
37170
37171
37172
37174
37178
37179
37180
37181
37183
37188
37189
37194
37198
37201
37202
37203
37204
37205
37207
37208
37218
37220
37221
37225
37232
37236
37244
37254
37257
37260
37270
37274
37276
37281
37286
37289
37291
37292
37294
37296
37299
37304
37306
37308
37310
37312
37316
37323
37329
37336
37337
37351
37354
37358
37359
37360
37361
37363
37374
37380
37381
37382
37384
37388
37389
37396
37398
37399
37414
37416
37417
37421
37423
37424
37430
37431
37432
37435
37436
37437
37441
37443
37445
37447
37448
37455
37456
37457
37462
37463
37465
37467
37474
37485
37487
37488
37490
37493
37498
37506
37522
37526
37528
37529
37531
37534
37536
37537
37539
37543
37556
37568
37570
37572
37573
37574
37582
37585
37589
37591
37592
37593
37597
37603
37604
37608
37612
37613
37616
37617
37621
37622
37631
37635
37638
37640
37641
37642
37647
37650
37652
37653
37655
37657
37658
37664
37667
37676
37681
37683
37685
37693
37698
37707
37708
37713
37715
37716
37726
37728
37729
37730
37731
37732
37733
37734
37737
37740
37741
37742
37744
37747
37754
37756
37759
37761
37762
37774
37775
37780
37781
37794
37797
37799
37808
37809
37813
37818
37823
37825
37827
37828
37829
37831
37834
37837
37843
37844
37845
37846
37847
37849
37850
37854
37860
37870
37871
37876
37879
37882
37886
37890
37894
37896
37908
37909
37911
37916
37917
37918
37934
37936
37938
37939
37943
37945
37951
37954
37956
37958
37961
37972
37978
37980
37981
37987
37989
37990
37993
37994
37995
37996
37998
37999
38000
38002
38004
38005
38008
38009
38011
38012
38013
38016
38020
38026
38027
38033
38038
38044
38045
38049
38050
38065
38067
38068
38070
38073
38074
38075
38076
38084
38091
38093
38097
38099
38100
38109
38113
38114
38116
38117
38121
38123
38125
38127
38129
38135
38136
38141
38144
38146
38147
38155
38157
38166
38170
38175
38176
38177
38187
38188
38189
38192
38203
38205
38207
38209
38210
38211
38214
38217
38219
38220
38225
38226
38228
38237
38238
38240
38242
38243
38245
38247
38248
38251
38253
38256
38264
38266
38267
38274
38275
38279
38293
38294
38299
38309
38315
38318
38321
38329
38331
38333
38334
38336
38339
38343
38345
38352
38358
38362
38367
38368
38374
38385
38387
38390
38391
38394
38400
38402
38403
38406
38408
38409
38415
38416
38418
38422
38424
38425
38428
38430
38433
38435
38442
38448
38449
38453
38455
38459
38460
38462
38465
38472
38473
38475
38478
38481
38482
38484
38486
38488
38490
38491
38495
38505
38506
38508
38512
38516
38518
38519
38523
38526
38538
38540
38544
38551
38552
38556
38562
38563
38564
38568
38569
38581
38583
38584
38585
38587
38589
38592
38593
38597
38598
38603
38606
38620
38622
38623
38625
38627
38631
38634
38638
38643
38645
38649
38654
38661
38663
38666
38667
38671
38676
38678
38679
38681
38685
38689
38694
38695
38696
38697
38698
38699
38708
38709
38710
38712
38715
38725
38729
38734
38738
38743
38744
38749
38754
38755
38756
38764
38766
38772
38778
38780
38782
38783
38786
38787
38789
38791
38795
38796
38797
38806
38807
38812
38815
38817
38818
38819
38823
38826
38832
38833
38839
38841
38843
38848
38851
38854
38866
38867
38868
38870
38872
38875
38876
38877
38880
38891
38892
38895
38897
38905
38906
38907
38921
38923
38930
38936
38937
38943
38944
38956
38958
38965
38981
38982
38983
38985
38986
38989
38999
39000
39003
39004
39012
39013
39017
39018
39025
39026
39031
39034
39040
39044
39048
39049
39054
39056
39061
39065
39067
39072
39073
39074
39075
39076
39082
39084
39087
39089
39095
39098
39099
39100
39105
39107
39108
39109
39113
39119
39121
39124
39125
39129
39130
39131
39139
39141
39144
39145
39147
39155
39158
39159
39160
39163
39167
39173
39175
39177
39180
39181
39188
39202
39210
39212
39213
39214
39215
39219
39226
39229
39238
39242
39244
39245
39248
39249
39252
39254
39255
39258
39262
39263
39266
39268
39270
39273
39277
39282
39285
39286
39287
39291
39294
39295
39297
39304
39313
39318
39319
39328
39330
39333
39335
39339
39345
39347
39350
39356
39358
39378
39379
39385
39388
39390
39396
39399
39407
39410
39411
39415
39429
39437
39440
39441
39445
39450
39456
39465
39470
39472
39478
39488
39492
39498
39499
39500
39503
39507
39511
39512
39515
39516
39524
39530
39531
39532
39539
39540
39544
39545
39549
39550
39552
39557
39564
39565
39566
39571
39574
39577
39580
39587
39588
39594
39598
39599
39600
39604
39606
39609
39612
39615
39618
39619
39622
39640
39641
39644
39645
39647
39648
39651
39652
39656
39657
39663
39664
39665
39666
39673
39674
39675
39678
39679
39686
39688
39691
39692
39695
39698
39700
39702
39714
39717
39718
39721
39724
39726
39727
39728
39730
39737
39740
39741
39742
39743
39751
39752
39753
39754
39755
39766
39771
39773
39775
39776
39781
39788
39792
39795
39811
39812
39815
39821
39826
39833
39834
39835
39837
39842
39846
39849
39850
39854
39859
39866
39867
39870
39875
39876
39879
39888
39890
39891
39893
39899
39907
39910
39914
39926
39928
39929
39930
39931
39935
39938
39941
39943
39946
39950
39953
39955
39957
39964
39965
39972
39982
39983
39988
39991
39994
39996
39997
40007
40015
40016
40019
40022
40025
40028
40032
40036
40038
40039
40040
40042
40043
40049
40055
40056
40057
40061
40062
40064
40066
40072
40075
40082
40084
40086
40087
40093
40097
40102
40103
40106
40107
40108
40112
40115
40118
40121
40130
40131
40132
40135
40136
40138
40139
40146
40149
40152
40154
40155
40161
40162
40173
40176
40181
40188
40190
40195
40197
40199
40201
40203
40212
40217
40230
40235
40249
40252
40257
40260
40263
40271
40275
40276
40284
40290
40292
40293
40297
40303
40304
40309
40314
40315
40323
40328
40332
40334
40337
40338
40339
40340
40343
40344
40350
40351
40352
40355
40356
40358
40359
40362
40365
40366
40373
40381
40391
40393
40396
40397
40398
40400
40408
40409
40415
40416
40420
40422
40423
40427
40432
40434
40443
40453
40459
40461
40469
40473
40476
40481
40485
40486
40493
40497
40503
40510
40512
40516
40528
40541
40542
40547
40551
40554
40557
40561
40562
40568
40574
40575
40576
40578
40581
40582
40589
40591
40595
40598
40602
40606
40608
40611
40613
40619
40621
40624
40628
40630
40642
40645
40648
40652
40653
40657
40664
40666
40674
40677
40679
40681
40682
40683
40684
40685
40693
40698
40701
40702
40707
40711
40716
40718
40719
40720
40727
40729
40730
40731
40746
40748
40751
40755
40756
40759
40760
40763
40770
40778
40784
40788
40789
40790
40791
40799
40802
40803
40818
40819
40821
40823
40825
40832
40838
40844
40846
40849
40852
40857
40866
40872
40874
40878
40884
40885
40889
40890
40893
40895
40900
40904
40905
40909
40912
40916
40918
40919
40921
40922
40927
40935
40938
40940
40945
40951
40952
40960
40961
40963
40967
40968
40973
40975
40977
40979
40980
40984
40988
41000
41009
41014
41015
41019
41020
41024
41034
41040
41042
41044
41046
41047
41050
41052
41054
41058
41062
41077
41080
41082
41085
41086
41089
41095
41102
41103
41104
41114
41124
41125
41126
41127
41130
41131
41132
41133
41139
41143
41145
41148
41151
41152
41156
41159
41163
41166
41167
41170
41173
41177
41178
41179
41180
41185
41191
41210
41211
41212
41220
41221
41223
41224
41228
41229
41231
41234
41235
41244
41248
41253
41257
41258
41260
41267
41270
41272
41275
41280
41286
41287
41292
41293
41297
41304
41312
41314
41315
41320
41326
41327
41329
41330
41332
41336
41339
41349
41352
41353
41356
41359
41364
41365
41368
41372
41375
41376
41378
41380
41382
41384
41386
41393
41402
41403
41412
41419
41420
41423
41425
41437
41439
41441
41445
41451
41453
41459
41468
41470
41472
41476
41480
41484
41487
41489
41490
41491
41495
41496
41497
41510
41513
41514
41520
41535
41540
41544
41545
41547
41548
41553
41556
41557
41559
41564
41565
41568
41569
41575
41578
41585
41586
41587
41590
41603
41606
41611
41614
41615
41616
41618
41619
41630
41633
41634
41636
41641
41643
41647
41649
41651
41658
41661
41662
41667
41670
41674
41684
41685
41689
41697
41700
41701
41702
41705
41706
41710
41711
41717
41718
41720
41724
41728
41730
41738
41743
41747
41755
41760
41763
41769
41771
41772
41776
41778
41779
41784
41785
41786
41795
41804
41807
41809
41813
41814
41820
41829
41830
41831
41834
41836
41839
41840
41850
41854
41858
41861
41863
41864
41866
41867
41868
41871
41873
41900
41906
41907
41915
41916
41928
41930
41931
41933
41939
41942
41944
41953
41954
41955
41957
41959
41960
41961
41965
41973
41976
41978
41979
41981
41982
41984
41992
41994
41998
42000
42002
42011
42012
42013
42018
42020
42021
42023
42024
42044
42048
42051
42052
42054
42059
42060
42061
42062
42064
42065
42069
42075
42076
42078
42085
42088
42092
42095
42099
42103
42105
42108
42109
42112
42116
42117
42119
42123
42127
42132
42133
42151
42154
42158
42159
42162
42166
42168
42169
42173
42174
42177
42180
42181
42187
42191
42197
42199
42204
42205
42208
42209
42229
42232
42234
42236
42242
42244
42249
42256
42258
42266
42267
42268
42270
42272
42281
42284
42295
42307
42314
42326
42328
42331
42332
42334
42339
42341
42349
42351
42354
42355
42359
42360
42363
42368
42369
42370
42371
42377
42382
42384
42390
42392
42398
42400
42401
42412
42413
42416
42418
42422
42427
42431
42433
42436
42440
42441
42446
42449
42450
42451
42458
42461
42465
42466
42467
42472
42481
42485
42493
42495
42500
42501
42513
42517
42522
42525
42529
42532
42535
42546
42559
42561
42564
42572
42578
42583
42593
42594
42597
42602
42610
42613
42614
42616
42618
42619
42624
42625
42629
42634
42635
42641
42642
42643
42644
42654
42655
42661
42662
42673
42678
42683
42684
42689
42695
42696
42701
42703
42704
42705
42706
42716
42721
42723
42726
42727
42739
42741
42744
42749
42750
42753
42757
42759
42760
42761
42764
42770
42780
42787
42791
42794
42798
42799
42802
42803
42807
42812
42815
42821
42824
42836
42837
42849
42853
42854
42855
42860
42862
42872
42873
42874
42878
42880
42885
42889
42898
42900
42901
42902
42903
42904
42909
42911
42913
42914
42927
42937
42940
42942
42950
42953
42959
42960
42962
42964
42966
42971
42983
42984
42988
43000
43001
43007
43009
43015
43016
43019
43022
43027
43034
43038
43041
43055
43057
43062
43065
43070
43072
43075
43079
43082
43088
43096
43098
43105
43113
43117
43126
43129
43138
43141
43143
43146
43150
43155
43158
43166
43167
43168
43169
43181
43187
43189
43190
43194
43195
43196
43197
43208
43217
43219
43220
43225
43227
43230
43236
43240
43244
43245
43248
43250
43251
43254
43258
43260
43268
43269
43274
43278
43283
43296
43299
43301
43303
43309
43311
43314
43318
43320
43327
43330
43334
43337
43339
43347
43355
43356
43361
43364
43365
43366
43367
43369
43374
43375
43380
43381
43382
43388
43389
43398
43406
43409
43413
43414
43417
43424
43428
43429
43439
43441
43442
43460
43467
43468
43472
43485
43487
43492
43494
43495
43499
43501
43508
43510
43517
43518
43523
43524
43527
43528
43534
43538
43540
43546
43551
43555
43565
43568
43569
43571
43591
43595
43612
43613
43614
43615
43622
43625
43630
43632
43633
43647
43650
43651
43655
43660
43665
43670
43675
43676
43679
43680
43681
43684
43686
43692
43693
43697
43699
43703
43716
43724
43726
43727
43729
43733
43736
43741
43750
43752
43756
43763
43765
43770
43771
43773
43774
43775
43782
43796
43805
43806
43807
43809
43815
43817
43826
43828
43831
43832
43833
43835
43837
43844
43845
43850
43853
43854
43857
43859
43860
43865
43866
43867
43870
43871
43872
43874
43875
43879
43883
43896
43897
43900
43911
43916
43917
43919
43923
43924
43929
43934
43935
43938
43939
43946
43953
43954
43957
43959
43962
43965
43967
43971
43977
43982
43987
43991
43992
43996
44007
44010
44020
44022
44025
44026
44029
44031
44038
44044
44047
44054
44058
44061
44074
44075
44085
44087
44095
44101
44102
44103
44106
44115
44116
44119
44121
44123
44127
44131
44137
44139
44141
44142
44145
44146
44148
44149
44154
44159
44168
44174
44182
44183
44184
44189
44191
44192
44193
44197
44199
44202
44204
44212
44213
44217
44219
44222
44225
44228
44231
44232
44239
44242
44243
44245
44246
44247
44250
44254
44255
44261
44264
44265
44268
44272
44277
44278
44281
44289
44290
44292
44297
44298
44300
44312
44314
44317
44318
44331
44339
44341
44350
44351
44353
44357
44359
44363
44367
44369
44372
44375
44385
44388
44394
44395
44398
44399
44401
44402
44404
44413
44414
44418
44422
44424
44425
44431
44436
44439
44443
44444
44448
44449
44452
44457
44463
44466
44475
44476
44483
44484
44487
44490
44491
44501
44504
44505
44509
44510
44511
44519
44521
44523
44529
44530
44531
44532
44536
44542
44548
44549
44550
44555
44556
44557
44559
44561
44564
44571
44572
44576
44577
44586
44587
44588
44595
44600
44606
44613
44622
44629
44630
44643
44646
44647
44652
44657
44659
44663
44665
44669
44670
44671
44672
44674
44675
44678
44679
44683
44697
44698
44701
44702
44704
44712
44714
44716
44718
44732
44733
44734
44739
44745
44748
44751
44752
44754
44773
44776
44780
44782
44788
44795
44796
44798
44800
44804
44812
44813
44817
44824
44829
44830
44836
44839
44841
44842
44845
44846
44848
44850
44852
44854
44857
44859
44860
44862
44869
44870
44875
44876
44877
44879
44880
44883
44885
44886
44893
44896
44900
44902
44914
44916
44917
44920
44922
44926
44932
44934
44935
44937
44946
44949
44952
44953
44959
44960
44962
44975
44976
44984
45002
45003
45006
45011
45012
45013
45025
45030
45032
45034
45035
45037
45043
45044
45047
45048
45049
45051
45054
45058
45059
45061
45065
45069
45071
45074
45077
45079
45083
45084
45085
45090
45093
45097
45101
45103
45106
45110
45112
45123
45127
45128
45130
45131
45132
45140
45148
45156
45157
45163
45164
45174
45179
45186
45191
45195
45197
45198
45202
45203
45205
45207
45208
45209
45222
45223
45229
45231
45247
45252
45253
45262
45266
45271
45273
45275
45276
45277
45279
45287
45299
45304
45308
45309
45319
45320
45326
45328
45332
45334
45339
45341
45343
45345
45347
45351
45361
45362
45365
45366
45369
45371
45374
45375
45389
45391
45393
45398
45403
45404
45407
45417
45418
45425
45426
45427
45440
45441
45446
45447
45456
45457
45462
45465
45472
45482
45492
45495
45496
45498
45503
45511
45521
45522
45525
45531
45535
45537
45543
45544
45545
45547
45550
45551
45553
45555
45559
45562
45569
45573
45574
45576
45586
45593
45600
45604
45607
45608
45619
45620
45621
45624
45625
45631
45632
45639
45640
45649
45668
45669
45676
45686
45689
45690
45691
45693
45695
45701
45702
45704
45708
45713
45715
45719
45720
45724
45726
45734
45735
45742
45747
45750
45753
45759
45762
45765
45770
45771
45774
45776
45778
45783
45784
45787
45793
45794
45798
45811
45817
45830
45832
45834
45838
45842
45843
45847
45848
45849
45850
45852
45854
45859
45862
45863
45864
45865
45866
45867
45881
45887
45892
45896
45899
45900
45904
45912
45913
45918
45919
45920
45924
45930
45935
45938
45942
45943
45948
45949
45961
45964
45965
45967
45971
45982
45985
45987
45991
45993
45998
46004
46011
46013
46018
46028
46032
46033
46040
46041
46042
46048
46057
46058
46062
46065
46069
46071
46075
46082
46083
46086
46091
46095
46097
46100
46101
46108
46110
46113
46120
46121
46124
46133
46137
46138
46139
46142
46144
46154
46156
46161
46170
46171
46174
46179
46181
46185
46192
46197
46205
46212
46213
46216
46219
46222
46227
46230
46231
46234
46235
46242
46250
46251
46254
46255
46259
46261
46270
46275
46277
46279
46283
46284
46285
46287
46291
46296
46301
46303
46306
46310
46316
46318
46330
46332
46333
46341
46343
46348
46349
46356
46360
46361
46362
46366
46368
46373
46377
46383
46390
46399
46402
46417
46420
46423
46424
46428
46429
46433
46437
46438
46439
46446
46449
46451
46459
46471
46472
46479
46480
46482
46483
46484
46487
46490
46492
46505
46508
46517
46521
46522
46525
46526
46528
46529
46530
46533
46534
46535
46537
46549
46554
46564
46567
46570
46571
46572
46577
46587
46590
46591
46598
46602
46608
46611
46617
46618
46631
46632
46633
46634
46648
46654
46655
46657
46662
46668
46674
46676
46682
46683
46693
46695
46696
46697
46701
46705
46712
46714
46718
46720
46723
46726
46729
46730
46731
46734
46737
46738
46744
46751
46753
46755
46758
46759
46767
46770
46772
46773
46776
46780
46781
46787
46793
46806
46809
46810
46813
46819
46825
46826
46832
46834
46840
46847
46848
46853
46854
46855
46863
46866
46867
46877
46881
46902
46912
46915
46916
46918
46921
46925
46926
46928
46930
46931
46936
46945
46946
46950
46953
46957
46961
46967
46985
46987
46991
47000
47006
47007
47013
47015
47017
47022
47027
47029
47045
47047
47049
47062
47065
47072
47077
47079
47080
47090
47092
47093
47094
47096
47099
47100
47105
47108
47110
47121
47132
47133
47138
47140
47149
47151
47154
47158
47159
47161
47164
47166
47187
47191
47192
47193
47196
47198
47202
47205
47206
47209
47218
47219
47230
47234
47235
47241
47246
47248
47255
47256
47262
47264
47272
47283
47286
47288
47293
47296
47298
47302
47304
47321
47324
47326
47327
47328
47336
47338
47339
47343
47354
47364
47371
47373
47380
47383
47388
47391
47406
47410
47420
47422
47424
47434
47438
47440
47451
47455
47458
47461
47468
47485
47486
47488
47493
47502
47506
47512
47514
47517
47526
47527
47529
47532
47533
47534
47543
47544
47555
47558
47559
47573
47574
47580
47585
47588
47590
47591
47596
47602
47612
47614
47622
47627
47628
47634
47639
47640
47650
47651
47656
47658
47665
47675
47685
47688
47692
47696
47698
47699
47707
47709
47712
47713
47719
47726
47731
47733
47734
47739
47742
47748
47749
47753
47755
47756
47760
47763
47764
47770
47771
47772
47774
47781
47785
47786
47788
47789
47792
47793
47799
47800
47801
47802
47818
47821
47822
47824
47838
47841
47843
47846
47848
47849
47857
47858
47861
47865
47866
47869
47879
47887
47890
47893
47895
47897
47900
47902
47906
47907
47910
47913
47914
47915
47927
47930
47937
47940
47944
47947
47951
47953
47954
47957
47960
47962
47973
47980
47983
47985
47993
47999
48002
48005
48010
48015
48020
48022
48025
48028
48030
48036
48037
48043
48047
48055
48056
48058
48063
48070
48072
48074
48081
48085
48086
48087
48097
48102
48113
48117
48120
48129
48137
48140
48142
48144
48145
48146
48148
48150
48159
48167
48176
48180
48184
48193
48199
48200
48213
48217
48219
48220
48232
48233
48241
48242
48244
48257
48266
48267
48271
48280
48281
48282
48286
48297
48304
48305
48308
48310
48311
48326
48330
48331
48332
48335
48336
48338
48350
48352
48360
48365
48366
48372
48382
48384
48391
48396
48397
48401
48402
48403
48409
48416
48421
48423
48430
48436
48440
48441
48444
48450
48455
48456
48462
48468
48470
48476
48477
48482
48483
48489
48494
48496
48507
48508
48518
48524
48528
48529
48542
48546
48547
48551
48552
48553
48559
48560
48569
48570
48575
48577
48580
48587
48588
48600
48601
48604
48606
48608
48611
48624
48632
48636
48637
48645
48656
48658
48659
48664
48665
48666
48671
48677
48684
48685
48692
48694
48696
48704
48707
48714
48723
48727
48735
48736
48742
48743
48745
48750
48751
48753
48754
48758
48761
48762
48764
48769
48772
48775
48778
48781
48782
48791
48793
48794
48795
48805
48810
48820
48833
48835
48836
48851
48852
48857
48859
48860
48861
48862
48864
48868
48870
48881
48885
48886
48887
48890
48895
48905
48906
48908
48910
48919
48920
48921
48924
48927
48929
48930
48932
48936
48937
48939
48942
48943
48944
48945
48947
48955
48956
48957
48958
48962
48966
48967
48970
48973
48997
49006
49008
49009
49014
49017
49026
49029
49032
49036
49040
49044
49049
49052
49054
49058
49061
49069
49070
49073
49084
49088
49091
49096
49097
49098
49100
49104
49108
49110
49112
49113
49114
49115
49124
49125
49128
49133
49134
49139
49141
49142
49143
49146
49149
49152
49153
49156
49162
49164
49166
49170
49172
49175
49186
49187
49205
49206
49211
49215
49219
49222
49231
49243
49245
49259
49264
49273
49274
49276
49279
49281
49282
49289
49292
49296
49300
49310
49312
49314
49317
49320
49322
49325
49329
49339
49341
49349
49351
49352
49356
49364
49366
49371
49373
49382
49388
49401
49403
49404
49405
49406
49407
49409
49411
49415
49416
49418
49419
49420
49422
49424
49430
49433
49435
49437
49438
49456
49463
49464
49465
49475
49477
49478
49481
49485
49491
49496
49500
49501
49512
49516
49518
49521
49523
49528
49530
49534
49535
49540
49545
49546
49549
49550
49552
49553
49556
49558
49561
49564
49568
49569
49575
49580
49585
49591
49593
49595
49596
49600
49617
49619
49625
49626
49629
49632
49642
49644
49645
49653
49657
49663
49669
49671
49678
49682
49684
49692
49693
49698
49700
49703
49705
49710
49714
49715
49718
49719
49721
49722
49724
49732
49741
49744
49745
49746
49765
49769
49772
49787
49788
49798
49801
49805
49806
49809
49813
49823
49825
49835
49836
49839
49844
49848
49855
49858
49860
49863
49869
49873
49875
49876
49879
49882
49884
49887
49889
49897
49907
49908
49912
49913
49914
49918
49927
49930
49941
49942
49944
49948
49950
49969
49971
49975
49976
49982
49987
49990
49991
49994
49996
49997
50002
50007
50009
50014
50020
50021
50028
50029
50030
50034
50042
50054
50066
50069
50079
50080
50093
50095
50098
50099
50100
50101
50110
50120
50123
50124
50129
50133
50138
50142
50143
50145
50147
50151
50170
50173
50178
50187
50188
50209
50213
50215
50217
50220
50231
50233
50235
50240
50242
50245
50246
50247
50252
50255
50258
50273
50275
50285
50289
50291
50301
50309
50315
50317
50319
50322
50324
50328
50331
50332
50333
50340
50346
50348
50350
50355
50357
50358
50359
50360
50366
50369
50370
50376
50379
50382
50390
50397
50398
50402
50407
50412
50415
50433
50436
50438
50441
50445
50451
50457
50464
50465
50483
50492
50496
50500
50507
50525
50531
50534
50536
50538
50543
50550
50551
50562
50572
50576
50577
50606
50611
50614
50615
50623
50630
50634
50636
50640
50657
50663
50671
50680
50682
50690
50692
50693
50697
50698
50702
50705
50706
50707
50710
50713
50714
50716
50717
50718
50725
50726
50728
50732
50733
50738
50739
50742
50743
50746
50750
50751
50755
50774
50783
50785
50786
50788
50789
50795
50799
50802
50803
50804
50807
50808
50813
50817
50820
50821
50826
50832
50844
50845
50846
50850
50854
50856
50857
50859
50863
50877
50879
50882
50885
50897
50904
50913
50921
50923
50932
50936
50938
50946
50949
50956
50958
50959
50962
50963
50966
50970
50985
50990
50992
50998
51000
51005
51010
51013
51024
51028
51030
51033
51034
51042
51046
51047
51058
51067
51070
51074
51075
51076
51077
51079
51080
51085
51086
51088
51102
51103
51118
51119
51121
51123
51138
51148
51151
51155
51159
51171
51179
51180
51185
51187
51190
51192
51197
51198
51204
51205
51211
51215
51220
51224
51227
51230
51231
51234
51236
51245
51249
51254
51272
51273
51274
51275
51284
51285
51287
51297
51301
51316
51317
51319
51322
51334
51338
51342
51343
51344
51356
51370
51372
51376
51390
51395
51401
51403
51406
51418
51422
51424
51425
51442
51443
51448
51451
51455
51461
51463
51465
51469
51470
51475
51476
51479
51488
51493
51498
51505
51509
51515
51516
51520
51525
51527
51529
51532
51541
51544
51545
51550
51554
51555
51566
51569
51572
51573
51578
51586
51587
51588
51590
51594
51595
51598
51603
51612
51623
51624
51626
51630
51637
51644
51648
51663
51666
51669
51671
51673
51682
51688
51695
51696
51698
51700
51705
51716
51721
51726
51727
51729
51730
51733
51737
51742
51747
51748
51757
51771
51773
51775
51779
51782
51784
51785
51790
51791
51797
51808
51812
51819
51831
51834
51842
51843
51845
51846
51850
51851
51860
51864
51871
51874
51881
51883
51888
51889
51891
51900
51903
51904
51919
51923
51931
51948
51954
51955
51958
51964
51968
51969
51976
51977
51982
51985
51989
51993
52000
52004
52005
52010
52014
52015
52021
52031
52041
52046
52055
52060
52061
52062
52067
52098
52100
52117
52118
52120
52123
52129
52130
52131
52140
52141
52145
52149
52151
52157
52166
52167
52194
52201
52211
52213
52214
52217
52219
52230
52245
52250
52254
52256
52263
52264
52269
52270
52275
52278
52287
52288
52293
52294
52295
52297
52298
52300
52304
52318
52336
52348
52351
52354
52357
52369
52371
52372
52386
52395
52397
52400
52406
52408
52411
52412
52413
52417
52426
52434
52440
52441
52444
52448
52450
52451
52455
52456
52459
52462
52465
52469
52470
52476
52480
52481
52486
52487
52488
52490
52498
52500
52513
52514
52516
52519
52549
52560
52562
52565
52566
52579
52582
52591
52594
52599
52609
52615
52616
52618
52622
52624
52634
52637
52640
52641
52642
52643
52645
52651
52652
52654
52657
52662
52665
52669
52671
52673
52680
52689
52694
52695
52696
52703
52708
52712
52722
52726
52728
52738
52742
52747
52750
52754
52757
52775
52778
52783
52784
52789
52803
52805
52823
52825
52828
52830
52835
52838
52847
52849
52850
52853
52858
52859
52866
52872
52876
52883
52893
52896
52898
52904
52907
52919
52920
52923
52929
52932
52933
52935
52939
52940
52941
52942
52943
52945
52953
52954
52962
52965
52967
52971
52972
52975
52980
52984
52989
52991
52992
52995
53004
53005
53007
53010
53030
53031
53032
53039
53041
53045
53050
53057
53064
53070
53071
53073
53074
53083
53090
53102
53108
53113
53118
53125
53127
53135
53140
53148
53149
53155
53163
53164
53170
53176
53179
53187
53188
53192
53196
53207
53211
53217
53218
53223
53224
53228
53230
53231
53236
53237
53238
53253
53259
53269
53276
53282
53283
53294
53295
53297
53306
53310
53318
53324
53330
53343
53345
53359
53360
53361
53379
53380
53388
53390
53394
53395
53396
53405
53409
53424
53435
53438
53442
53454
53459
53461
53463
53470
53472
53475
53485
53486
53489
53503
53507
53512
53520
53527
53528
53532
53535
53546
53550
53566
53567
53571
53573
53574
53577
53579
53585
53589
53596
53597
53598
53611
53613
53614
53624
53630
53642
53648
53650
53651
53661
53668
53677
53678
53681
53683
53688
53691
53703
53709
53720
53727
53729
53730
53731
53732
53740
53751
53759
53766
53772
53775
53779
53782
53786
53789
53790
53798
53805
53810
53824
53825
53830
53844
53845
53847
53848
53852
53857
53865
53866
53871
53873
53880
53893
53898
53904
53915
53916
53920
53924
53926
53928
53935
53951
53952
53953
53959
53966
53974
53977
53979
53980
53982
53983
53989
53991
53992
53993
53995
53998
54001
54003
54004
54006
54013
54030
54031
54033
54044
54051
54052
54056
54057
54063
54065
54079
54084
54087
54098
54099
54100
54102
54109
54111
54112
54116
54118
54120
54132
54133
54135
54137
54150
54166
54173
54183
54193
54195
54205
54210
54219
54223
54226
54228
54231
54233
54237
54241
54242
54244
54251
54254
54258
54262
54263
54265
54267
54279
54281
54292
54299
54302
54304
54307
54315
54323
54324
54331
54338
54344
54352
54360
54369
54374
54378
54379
54383
54391
54393
54396
54418
54419
54424
54430
54438
54440
54444
54452
54455
54476
54484
54488
54508
54517
54518
54521
54522
54526
54532
54533
54537
54542
54551
54556
54565
54567
54571
54572
54577
54579
54588
54589
54591
54607
54614
54622
54624
54625
54633
54642
54649
54652
54659
54664
54667
54668
54681
54683
54687
54689
54690
54693
54697
54701
54704
54709
54712
54713
54714
54723
54726
54731
54743
54744
54746
54748
54751
54754
54759
54763
54771
54778
54786
54789
54792
54794
54795
54799
54802
54821
54829
54830
54835
54838
54848
54860
54861
54865
54867
54869
54874
54878
54883
54902
54903
54907
54909
54911
54917
54919
54931
54934
54935
54938
54940
54962
54964
54965
54966
54980
54986
54987
54991
55002
55010
55015
55020
55022
55024
55025
55036
55045
55046
55049
55068
55072
55074
55075
55086
55089
55090
55094
55097
55101
55110
55113
55121
55133
55135
55142
55143
55148
55150
55170
55173
55180
55189
55190
55201
55205
55207
55211
55213
55217
55219
55221
55241
55242
55243
55249
55252
55253
55256
55267
55276
55277
55287
55288
55290
55294
55298
55305
55317
55320
55322
55323
55327
55333
55334
55336
55337
55338
55346
55349
55357
55359
55361
55363
55383
55387
55399
55401
55402
55403
55404
55410
55411
55419
55426
55432
55451
55452
55461
55464
55465
55477
55479
55482
55483
55492
55495
55499
55511
55512
55531
55549
55552
55553
55558
55559
55566
55570
55575
55577
55580
55588
55604
55606
55616
55618
55625
55627
55628
55632
55635
55636
55649
55655
55657
55671
55674
55677
55682
55685
55687
55688
55689
55698
55707
55717
55718
55720
55721
55723
55728
55731
55734
55739
55744
55745
55769
55773
55774
55786
55787
55792
55800
55804
55806
55807
55812
55814
55818
55821
55833
55836
55838
55844
55851
55856
55857
55858
55860
55862
55867
55869
55872
55877
55884
55893
55906
55914
55917
55927
55930
55931
55933
55938
55940
55941
55943
55948
55950
55951
55956
55964
55968
55970
55971
55976
55979
55991
55993
55994
55998
56002
56004
56009
56010
56011
56014
56028
56040
56045
56059
56066
56067
56068
56074
56075
56076
56077
56081
56084
56085
56096
56098
56108
56111
56127
56128
56129
56132
56137
56140
56141
56149
56150
56161
56162
56165
56167
56168
56179
56182
56183
56193
56197
56198
56212
56217
56218
56222
56231
56232
56239
56246
56248
56250
56252
56257
56276
56277
56279
56280
56284
56285
56286
56288
56293
56306
56320
56339
56341
56364
56366
56373
56374
56385
56391
56394
56395
56396
56415
56419
56427
56430
56434
56438
56445
56460
56462
56465
56466
56470
56481
56484
56485
56490
56491
56492
56497
56506
56507
56511
56514
56517
56518
56519
56538
56539
56540
56542
56543
56546
56547
56552
56555
56557
56558
56578
56580
56595
56597
56598
56604
56606
56611
56612
56623
56627
56628
56634
56641
56652
56666
56672
56673
56679
56683
56684
56686
56690
56697
56703
56705
56715
56727
56728
56738
56747
56748
56749
56758
56761
56766
56767
56768
56771
56784
56791
56797
56809
56815
56816
56819
56821
56831
56833
56835
56848
56860
56866
56867
56874
56879
56885
56890
56891
56894
56896
56901
56905
56907
56917
56933
56946
56948
56949
56955
56962
56963
56970
56984
56991
56992
56994
56999
57004
57013
57014
57018
57019
57020
57024
57028
57035
57041
57042
57043
57047
57048
57051
57054
57060
57069
57070
57078
57081
57092
57094
57103
57106
57116
57120
57122
57129
57133
57134
57135
57150
57151
57152
57153
57163
57164
57172
57182
57183
57188
57190
57196
57201
57208
57217
57227
57233
57236
57238
57244
57261
57267
57273
57280
57287
57296
57304
57314
57316
57325
57339
57355
57357
57358
57360
57371
57389
57394
57400
57402
57407
57409
57413
57417
57418
57419
57423
57424
57432
57436
57441
57448
57449
57460
57463
57479
57480
57482
57486
57487
57491
57496
57501
57508
57512
57513
57520
57524
57530
57534
57535
57536
57539
57542
57548
57550
57567
57570
57571
57573
57578
57587
57590
57592
57597
57599
57610
57615
57619
57621
57633
57648
57650
57658
57659
57666
57668
57672
57677
57678
57681
57686
57692
57707
57710
57712
57716
57724
57728
57733
57735
57736
57739
57762
57772
57778
57785
57789
57797
57803
57805
57807
57808
57810
57820
57821
57825
57831
57833
57836
57838
57844
57863
57870
57871
57873
57878
57879
57880
57890
57892
57895
57909
57913
57925
57926
57927
57932
57933
57943
57949
57951
57953
57956
57957
57962
57980
57990
57994
58001
58025
58027
58038
58042
58043
58044
58046
58058
58074
58075
58082
58084
58085
58091
58096
58118
58126
58127
58130
58131
58132
58136
58140
58143
58144
58146
58150
58157
58163
58170
58172
58173
58183
58185
58186
58196
58201
58205
58215
58218
58225
58233
58244
58248
58251
58256
58268
58271
58273
58276
58277
58282
58284
58288
58300
58302
58303
58308
58309
58317
58319
58320
58321
58330
58333
58345
58351
58362
58365
58366
58371
58374
58377
58383
58387
58391
58410
58423
58426
58430
58433
58435
58442
58456
58463
58468
58469
58473
58474
58477
58479
58491
58498
58514
58518
58522
58523
58525
58526
58531
58532
58533
58542
58548
58549
58556
58558
58565
58571
58574
58581
58589
58594
58599
58603
58607
58609
58614
58621
58623
58631
58634
58642
58645
58646
58648
58655
58657
58659
58674
58675
58681
58699
58706
58709
58721
58722
58728
58729
58730
58731
58737
58740
58744
58752
58753
58755
58762
58768
58777
58793
58797
58811
58815
58818
58824
58825
58843
58847
58859
58860
58861
58865
58873
58874
58875
58876
58877
58883
58896
58904
58909
58916
58917
58919
58920
58922
58941
58943
58945
58957
58963
58967
58972
58976
58977
58980
58985
58986
58987
58991
58995
58996
59010
59012
59014
59015
59023
59024
59026
59027
59036
59049
59051
59056
59059
59068
59074
59077
59082
59086
59093
59111
59115
59118
59137
59140
59141
59142
59143
59144
59154
59158
59159
59161
59171
59176
59177
59178
59183
59187
59190
59193
59207
59211
59218
59222
59229
59231
59234
59240
59273
59276
59281
59291
59317
59319
59322
59326
59327
59330
59333
59348
59355
59364
59365
59366
59381
59385
59388
59395
59409
59422
59429
59432
59442
59445
59447
59462
59471
59476
59479
59487
59488
59493
59494
59501
59502
59511
59514
59518
59521
59529
59542
59544
59557
59569
59570
59571
59575
59583
59597
59600
59605
59606
59619
59624
59626
59628
59631
59632
59640
59641
59642
59646
59654
59661
59663
59666
59668
59669
59670
59678
59680
59686
59690
59696
59699
59700
59702
59712
59714
59716
59718
59722
59731
59732
59735
59739
59749
59760
59761
59763
59771
59776
59780
59782
59788
59789
59810
59812
59816
59824
59833
59835
59842
59849
59860
59867
59869
59883
59887
59890
59898
59905
59907
59918
59920
59929
59930
59933
59945
59951
59957
59963
59964
59966
59969
59970
59977
59984
59986
59987
60001
60002
60003
60004
60006
60010
60012
60013
60018
60024
60026
60032
60037
60039
60044
60049
60052
60055
60059
60087
60088
60092
60098
60099
60101
60106
60110
60116
60120
60121
60130
60132
60142
60150
60151
60154
60162
60163
60174
60181
60187
60197
60204
60210
60220
60236
60239
60258
60268
60269
60270
60273
60275
60277
60281
60282
60283
60296
60314
60316
60320
60325
60328
60332
60337
60339
60363
60370
60371
60403
60404
60416
60418
60420
60427
60428
60439
60445
60462
60467
60470
60471
60474
60476
60480
60483
60485
60487
60489
60491
60493
60497
60498
60507
60518
60526
60552
60559
60560
60565
60570
60582
60583
60585
60590
60591
60592
60594
60600
60602
60607
60610
60617
60622
60628
60631
60637
60644
60648
60651
60662
60663
60671
60676
60687
60692
60694
60702
60708
60712
60717
60723
60735
60736
60758
60770
60777
60783
60784
60786
60794
60796
60797
60800
60801
60814
60815
60822
60826
60828
60834
60839
60840
60845
60846
60851
60854
60856
60859
60867
60876
60881
60883
60889
60894
60911
60914
60919
60922
60925
60936
60939
60940
60947
60952
60955
60958
60963
60967
60973
60977
60991
60992
60996
61000
61002
61005
61008
61010
61013
61017
61030
61036
61038
61041
61055
61060
61079
61094
61103
61106
61107
61108
61116
61126
61129
61144
61148
61153
61154
61161
61170
61180
61195
61199
61205
61209
61217
61223
61228
61244
61247
61252
61260
61264
61265
61267
61269
61274
61281
61282
61284
61297
61310
61312
61319
61323
61332
61336
61338
61357
61361
61368
61369
61375
61380
61384
61387
61394
61398
61401
61408
61416
61444
61446
61448
61461
61471
61473
61476
61483
61485
61496
61501
61507
61520
61527
61535
61542
61544
61551
61555
61558
61563
61565
61568
61571
61574
61586
61590
61601
61610
61614
61616
61617
61620
61625
61632
61633
61644
61649
61672
61674
61683
61684
61688
61689
61725
61726
61738
61752
61758
61763
61769
61781
61782
61789
61794
61795
61798
61801
61805
61806
61807
61810
61841
61873
61876
61877
61878
61879
61885
61887
61888
61892
61909
61911
61921
61922
61924
61932
61934
61937
61946
61964
61971
61972
61981
61984
61988
61996
62004
62023
62025
62033
62036
62037
62041
62044
62047
62056
62062
62070
62086
62095
62096
62116
62117
62124
62126
62127
62135
62138
62139
62142
62158
62159
62162
62165
62179
62186
62195
62196
62207
62210
62214
62217
62225
62233
62236
62238
62239
62247
62249
62253
62259
62260
62261
62262
62266
62279
62283
62292
62296
62311
62316
62327
62336
62349
62357
62366
62368
62373
62376
62377
62381
62386
62387
62389
62394
62399
62401
62407
62409
62411
62415
62428
62447
62449
62453
62463
62466
62471
62475
62481
62487
62490
62501
62502
62517
62525
62529
62532
62546
62550
62555
62558
62569
62579
62586
62591
62597
62623
62634
62643
62647
62680
62687
62691
62694
62696
62700
62708
62719
62724
62725
62727
62728
62732
62739
62744
62750
62751
62755
62762
62765
62771
62778
62780
62788
62789
62796
62804
62807
62810
62811
62814
62818
62823
62830
62834
62840
62842
62844
62856
62861
62862
62863
62872
62883
62889
62894
62900
62906
62907
62910
62912
62916
62922
62925
62929
62930
62943
62948
62951
62957
62964
62966
62970
62971
62973
62974
62982
62985
62987
62988
62991
63001
63006
63008
63020
63023
63024
63026
63032
63053
63057
63060
63062
63063
63067
63068
63083
63084
63092
63094
63098
63099
63111
63120
63138
63145
63157
63160
63161
63164
63165
63171
63173
63184
63186
63192
63205
63211
63230
63244
63245
63248
63261
63266
63277
63280
63281
63285
63287
63288
63290
63299
63319
63320
63326
63344
63346
63356
63358
63367
63368
63375
63379
63380
63396
63402
63403
63409
63412
63417
63430
63442
63447
63449
63452
63454
63455
63462
63464
63471
63473
63500
63501
63503
63520
63522
63536
63541
63544
63547
63548
63553
63554
63559
63565
63566
63569
63575
63583
63593
63601
63603
63605
63616
63620
63625
63638
63641
63653
63660
63661
63666
63667
63669
63673
63681
63682
63683
63702
63712
63720
63723
63725
63734
63735
63738
63745
63755
63756
63776
63783
63788
63792
63799
63805
63815
63821
63824
63826
63834
63836
63851
63858
63868
63869
63872
63873
63879
63880
63881
63883
63885
63893
63896
63908
63913
63915
63919
63940
63943
63945
63954
63956
63961
63974
63990
64010
64013
64017
64029
64030
64034
64042
64046
64053
64055
64057
64058
64070
64073
64075
64089
64090
64102
64108
64111
64117
64127
64130
64135
64137
64144
64146
64149
64155
64171
64173
64174
64180
64203
64204
64226
64229
64234
64239
64240
64249
64251
64254
64258
64268
64273
64278
64282
64285
64294
64295
64297
64298
64306
64313
64317
64342
64348
64352
64358
64375
64379
64381
64390
64393
64396
64416
64422
64436
64437
64448
64455
64457
64459
64460
64462
64474
64475
64476
64479
64490
64495
64498
64504
64507
64510
64513
64528
64550
64557
64558
64560
64571
64576
64581
64590
64595
64604
64605
64614
64616
64622
64624
64633
64635
64645
64673
64686
64688
64697
64700
64702
64706
64714
64715
64720
64721
64726
64727
64729
64731
64740
64751
64756
64775
64779
64780
64784
64792
64808
64813
64815
64816
64836
64838
64850
64853
64857
64870
64872
64882
64888
64889
64894
64904
64910
64913
64914
64915
64919
64927
64941
64951
64958
64970
64973
64990
65006
65007
65014
65015
65021
65026
65027
65029
65031
65039
65040
65042
65053
65057
65074
65081
65086
65088
65104
65112
65117
65132
65139
65141
65147
65174
65184
65192
65194
65199
65201
65215
65224
65230
65235
65244
65252
65261
65269
65276
65286
65293
65304
65305
65307
65316
65319
65326
65332
65340
65342
65358
65359
65362
65363
65364
65382
65386
65392
65393
65395
65396
65399
65409
65416
65427
65436
65444
65446
65464
65467
65473
65489
65511
65529
65531
65538
65546
65550
65581
65582
65584
65585
65590
65609
65611
65618
65619
65624
65626
65630
65637
65651
65657
65659
65660
65662
65663
65666
65667
65669
65671
65677
65691
65696
65710
65711
65728
65729
65731
65737
65758
65771
65774
65787
65790
65793
65794
65804
65814
65815
65817
65819
65826
65831
65846
65851
65854
65856
65858
65867
65870
65876
65878
65883
65884
65885
65897
65901
65902
65903
65918
65932
65937
65959
65975
65977
65990
66005
66029
66034
66038
66041
66053
66054
66070
66072
66073
66085
66099
66100
66127
66144
66151
66153
66155
66168
66179
66186
66188
66191
66196
66198
66203
66216
66217
66219
66227
66229
66230
66246
66249
66265
66269
66275
66276
66281
66282
66306
66307
66308
66310
66317
66320
66323
66329
66333
66335
66336
66337
66338
66349
66350
66351
66356
66359
66362
66364
66373
66375
66400
66403
66420
66425
66436
66438
66439
66441
66448
66454
66469
66470
66474
66480
66482
66486
66487
66490
66499
66501
66517
66521
66522
66532
66533
66538
66540
66558
66559
66560
66569
66570
66577
66583
66584
66590
66592
66594
66596
66599
66604
66609
66622
66626
66631
66639
66640
66649
66662
66680
66686
66695
66696
66702
66708
66711
66717
66745
66746
66749
66755
66763
66768
66770
66771
66775
66783
66786
66793
66795
66813
66815
66821
66833
66835
66844
66848
66853
66854
66856
66858
66884
66885
66888
66913
66915
66919
66926
66946
66950
66959
66967
66973
66975
66979
66988
66995
66997
67002
67011
67016
67017
67037
67038
67039
67042
67044
67053
67060
67071
67072
67084
67085
67095
67100
67102
67109
67112
67114
67119
67128
67137
67138
67140
67149
67154
67161
67178
67180
67190
67194
67204
67210
67229
67234
67235
67236
67247
67257
67260
67263
67266
67275
67278
67283
67287
67292
67295
67296
67305
67306
67334
67352
67356
67375
67390
67401
67411
67418
67426
67427
67433
67435
67464
67479
67484
67486
67490
67492
67511
67512
67518
67521
67522
67526
67528
67544
67546
67547
67549
67550
67556
67559
67572
67573
67576
67579
67580
67582
67584
67585
67586
67591
67605
67611
67619
67630
67638
67657
67659
67673
67677
67685
67686
67694
67710
67711
67728
67729
67739
67745
67752
67765
67766
67792
67802
67828
67850
67857
67860
67872
67876
67892
67898
67906
67909
67913
67914
67919
67921
67939
67940
67943
67951
67955
67959
67960
67978
67979
67981
67983
67997
68005
68017
68019
68022
68030
68033
68037
68041
68044
68045
68064
68066
68096
68101
68103
68117
68138
68146
68148
68163
68171
68190
68194
68202
68207
68208
68213
68218
68220
68222
68268
68278
68290
68309
68311
68313
68327
68334
68336
68337
68342
68346
68347
68351
68356
68361
68369
68370
68388
68394
68395
68396
68397
68401
68402
68403
68410
68411
68422
68429
68430
68434
68457
68458
68459
68460
68461
68463
68464
68471
68488
68490
68493
68508
68517
68524
68526
68527
68530
68534
68539
68550
68552
68559
68563
68569
68574
68579
68585
68586
68600
68620
68624
68625
68634
68636
68639
68647
68648
68657
68659
68672
68677
68681
68689
68701
68703
68704
68707
68723
68724
68725
68730
68733
68737
68740
68742
68743
68745
68754
68767
68769
68775
68777
68790
68797
68801
68802
68804
68806
68810
68812
68827
68828
68829
68830
68831
68851
68852
68874
68885
68894
68895
68904
68907
68910
68914
68935
68957
68962
68967
68972
68977
68985
68992
68998
69017
69018
69031
69041
69052
69061
69072
69081
69083
69084
69086
69089
69098
69109
69112
69128
69132
69136
69138
69190
69191
69193
69199
69228
69229
69231
69245
69246
69255
69267
69285
69290
69294
69297
69305
69315
69321
69326
69330
69340
69343
69344
69351
69358
69361
69377
69383
69392
69400
69402
69407
69416
69429
69431
69434
69449
69452
69454
69464
69472
69473
69482
69486
69488
69504
69515
69526
69539
69540
69551
69552
69566
69567
69574
69577
69579
69590
69597
69615
69625
69628
69629
69631
69634
69644
69652
69665
69685
69695
69702
69714
69719
69721
69722
69725
69730
69737
69740
69744
69765
69777
69784
69788
69793
69798
69810
69813
69842
69843
69846
69861
69879
69884
69886
69892
69893
69896
69905
69911
69917
69932
69933
69942
69945
69958
69964
69970
69977
69978
69983
69989
70004
70022
70023
70032
70034
70038
70073
70084
70090
70094
70097
70104
70106
70118
70123
70126
70130
70132
70152
70157
70158
70161
70164
70169
70173
70183
70190
70197
70202
70206
70209
70221
70226
70237
70243
70246
70248
70254
70255
70263
70268
70273
70275
70282
70290
70307
70313
70320
70323
70342
70355
70357
70360
70371
70378
70381
70383
70392
70410
70426
70427
70430
70433
70435
70440
70446
70448
70454
70466
70475
70489
70496
70500
70505
70512
70513
70514
70518
70519
70524
70537
70543
70544
70546
70553
70558
70561
70572
70573
70574
70575
70588
70594
70595
70604
70610
70617
70626
70629
70641
70665
70669
70676
70684
70687
70688
70691
70692
70701
70703
70704
70705
70707
70708
70714
70735
70742
70757
70765
70767
70770
70780
70791
70804
70807
70818
70820
70842
70854
70863
70866
70880
70883
70904
70908
70912
70915
70921
70929
70932
70937
70939
70944
70953
70964
70966
70975
70981
70996
71015
71018
71019
71029
71032
71046
71048
71061
71064
71065
71068
71072
71073
71080
71088
71093
71097
71100
71101
71127
71137
71139
71140
71145
71147
71150
71152
71159
71164
71168
71196
71202
71209
71217
71222
71256
71257
71261
71275
71284
71290
71301
71303
71309
71323
71328
71336
71344
71345
71348
71356
71359
71366
71367
71384
71387
71400
71405
71414
71433
71446
71448
71458
71460
71475
71476
71477
71479
71481
71483
71492
71497
71511
71516
71521
71527
71533
71534
71538
71541
71549
71552
71553
71556
71566
71567
71570
71571
71590
71592
71595
71600
71621
71623
71630
71633
71647
71659
71660
71677
71690
71709
71715
71734
71739
71740
71741
71748
71750
71755
71757
71764
71766
71771
71774
71786
71788
71792
71802
71808
71810
71818
71845
71848
71854
71855
71877
71878
71881
71904
71910
71925
71930
71940
71942
71943
71944
71945
71946
71962
71970
71981
71982
71985
71986
71990
72002
72007
72015
72026
72030
72043
72048
72056
72057
72067
72071
72076
72081
72086
72101
72102
72105
72113
72115
72120
72122
72128
72150
72172
72176
72178
72179
72181
72187
72190
72208
72210
72218
72240
72243
72267
72272
72276
72277
72285
72288
72291
72298
72312
72314
72315
72325
72338
72346
72349
72352
72364
72366
72371
72378
72381
72382
72384
72389
72398
72401
72414
72444
72447
72448
72457
72464
72473
72474
72481
72490
72504
72509
72519
72531
72535
72536
72541
72547
72550
72553
72554
72601
72619
72622
72624
72626
72632
72633
72637
72643
72666
72677
72682
72686
72688
72694
72703
72710
72719
72720
72730
72731
72734
72738
72758
72759
72763
72780
72781
72786
72787
72791
72805
72806
72812
72815
72825
72826
72831
72833
72838
72845
72847
72858
72868
72872
72887
72890
72906
72909
72910
72938
72942
72958
72963
72964
72966
72967
72977
72981
73011
73013
73018
73022
73029
73030
73033
73034
73039
73045
73055
73059
73074
73090
73093
73096
73111
73116
73117
73120
73124
73139
73141
73146
73150
73165
73172
73173
73174
73176
73178
73185
73197
73201
73206
73211
73220
73234
73241
73246
73250
73259
73260
73265
73278
73280
73285
73289
73292
73299
73306
73308
73313
73314
73316
73330
73332
73341
73343
73350
73360
73363
73372
73374
73391
73406
73408
73409
73416
73424
73425
73455
73460
73461
73472
73481
73492
73496
73504
73520
73531
73533
73540
73551
73566
73574
73577
73585
73596
73610
73624
73650
73653
73661
73676
73681
73682
73691
73693
73695
73705
73714
73720
73740
73746
73753
73756
73766
73770
73777
73796
73809
73823
73825
73826
73828
73838
73840
73846
73850
73859
73860
73862
73872
73879
73883
73885
73906
73908
73909
73910
73912
73915
73916
73923
73930
73946
73952
73954
73957
73959
73962
73982
73986
73992
74004
74019
74027
74046
74055
74071
74074
74075
74096
74106
74116
74153
74157
74162
74164
74168
74178
74194
74200
74206
74224
74248
74263
74291
74307
74308
74321
74327
74330
74332
74346
74350
74354
74379
74385
74397
74420
74442
74451
74455
74468
74472
74483
74487
74504
74505
74533
74535
74537
74562
74568
74572
74581
74590
74593
74594
74598
74601
74604
74614
74620
74624
74635
74636
74644
74653
74657
74661
74664
74671
74681
74689
74691
74703
74710
74711
74715
74724
74730
74731
74734
74755
74757
74767
74794
74814
74816
74821
74828
74835
74849
74851
74854
74855
74863
74864
74869
74872
74878
74881
74882
74892
74903
74907
74915
74927
74936
74960
74976
74985
74988
74992
74995
75002
75021
75027
75028
75032
75036
75051
75073
75084
75108
75113
75115
75119
75124
75125
75128
75140
75143
75150
75165
75172
75191
75200
75203
75222
75230
75235
75243
75248
75251
75252
75275
75281
75282
75283
75294
75305
75313
75321
75323
75329
75330
75332
75336
75338
75344
75351
75352
75356
75358
75362
75367
75370
75377
75379
75383
75389
75396
75401
75415
75419
75422
75424
75428
75429
75452
75454
75458
75477
75488
75495
75505
75507
75509
75515
75528
75530
75541
75544
75553
75563
75579
75583
75587
75600
75605
75606
75608
75613
75620
75625
75626
75629
75654
75658
75668
75683
75711
75716
75717
75724
75727
75729
75731
75740
75778
75792
75800
75810
75812
75821
75823
75824
75835
75842
75843
75862
75869
75874
75885
75889
75899
75920
75927
75933
75940
75946
75955
75959
75963
75965
75981
75983
75988
76010
76017
76027
76029
76031
76035
76037
76043
76049
76057
76079
76086
76092
76118
76127
76147
76155
76168
76176
76186
76199
76205
76207
76223
76225
76226
76235
76285
76289
76294
76299
76312
76316
76319
76321
76322
76332
76342
76353
76360
76366
76367
76374
76392
76397
76399
76404
76417
76421
76427
76430
76432
76433
76435
76436
76441
76462
76471
76475
76506
76507
76511
76520
76524
76531
76536
76542
76544
76548
76559
76574
76578
76579
76584
76588
76591
76592
76599
76615
76622
76624
76627
76630
76644
76646
76663
76665
76669
76694
76717
76721
76726
76729
76735
76736
76753
76761
76762
76770
76780
76785
76791
76800
76802
76805
76828
76830
76844
76867
76874
76901
76909
76910
76926
76933
76937
76938
76940
76943
76950
76954
76980
76982
76987
76990
76991
76996
76998
77006
77019
77044
77047
77051
77061
77079
77096
77107
77114
77120
77127
77130
77134
77140
77142
77143
77150
77173
77181
77182
77183
77184
77188
77208
77209
77216
77217
77231
77237
77243
77244
77249
77252
77264
77265
77267
77278
77282
77291
77292
77293
77299
77302
77303
77304
77306
77309
77316
77318
77330
77338
77340
77348
77352
77358
77375
77376
77381
77383
77397
77404
77406
77420
77423
77450
77454
77458
77459
77462
77470
77473
77481
77493
77500
77506
77517
77541
77542
77560
77565
77573
77599
77612
77613
77615
77625
77626
77632
77646
77650
77653
77668
77670
77681
77704
77714
77717
77720
77725
77727
77742
77758
77761
77785
77796
77805
77808
77815
77827
77830
77839
77846
77856
77859
77862
77867
77870
77874
77875
77882
77894
77899
77912
77924
77930
77933
77937
77946
77947
77949
77959
77961
77963
77968
77974
77976
77977
77979
77989
77991
78000
78001
78011
78014
78016
78019
78020
78030
78035
78041
78052
78062
78081
78083
78087
78096
78111
78115
78119
78128
78129
78148
78151
78153
78154
78157
78161
78177
78183
78185
78189
78208
78211
78224
78229
78234
78244
78253
78254
78270
78278
78284
78285
78289
78290
78296
78300
78304
78312
78319
78320
78327
78329
78334
78347
78349
78355
78358
78361
78365
78379
78391
78397
78406
78420
78440
78443
78462
78485
78503
78511
78521
78525
78526
78535
78547
78552
78559
78568
78570
78571
78572
78575
78589
78592
78597
78620
78627
78654
78675
78683
78685
78688
78703
78720
78724
78744
78749
78753
78759
78766
78775
78795
78809
78812
78813
78818
78823
78827
78837
78845
78858
78880
78885
78891
78895
78909
78913
78915
78919
78920
78928
78934
78937
78951
78952
78971
78976
78995
79013
79015
79021
79034
79044
79045
79052
79062
79066
79077
79091
79103
79111
79113
79131
79133
79141
79152
79159
79173
79174
79202
79213
79218
79221
79230
79232
79247
79268
79277
79281
79299
79301
79311
79314
79315
79321
79322
79330
79345
79390
79393
79394
79395
79404
79417
79420
79438
79442
79461
79471
79475
79476
79478
79483
79503
79519
79520
79530
79531
79543
79585
79621
79622
79654
79655
79657
79658
79659
79665
79667
79693
79697
79703
79731
79739
79744
79749
79750
79752
79756
79757
79762
79785
79789
79811
79816
79817
79831
79841
79852
79858
79866
79872
79885
79898
79907
79918
79922
79947
79948
79979
79987
79988
80011
80018
80019
80045
80046
80053
80054
80056
80086
80096
80100
80109
80116
80139
80158
80165
80183
80187
80196
80203
80205
80218
80239
80240
80246
80248
80255
80277
80291
80313
80316
80330
80334
80337
80340
80344
80346
80347
80350
80360
80361
80365
80387
80393
80395
80396
80397
80403
80411
80425
80431
80439
80442
80445
80454
80456
80466
80472
80487
80494
80500
80516
80526
80555
80557
80566
80586
80592
80602
80611
80612
80625
80632
80643
80653
80661
80667
80670
80671
80697
80699
80722
80725
80729
80731
80742
80747
80757
80776
80793
80797
80798
80806
80815
80818
80823
80828
80832
80844
80858
80861
80890
80897
80904
80905
80952
80959
80976
80980
80986
80996
81002
81003
81007
81010
81018
81021
81025
81035
81044
81047
81055
81081
81120
81122
81125
81141
81185
81193
81194
81201
81212
81222
81236
81250
81257
81259
81266
81279
81281
81284
81287
81288
81292
81296
81307
81326
81336
81337
81344
81347
81354
81355
81361
81362
81371
81372
81380
81404
81414
81429
81459
81474
81476
81486
81495
81499
81522
81525
81539
81547
81555
81557
81572
81586
81593
81611
81637
81638
81639
81642
81645
81663
81680
81704
81705
81718
81726
81748
81756
81770
81779
81780
81796
81805
81827
81836
81837
81859
81870
81872
81873
81885
81889
81897
81898
81922
81927
81932
81941
81944
81955
81984
81987
81988
81994
81999
82013
82024
82046
82047
82048
82054
82064
82067
82073
82082
82089
82092
82105
82115
82124
82130
82149
82151
82152
82158
82160
82164
82168
82170
82172
82176
82188
82191
82210
82242
82243
82248
82278
82279
82287
82308
82323
82337
82353
82355
82358
82363
82364
82369
82370
82381
82382
82388
82389
82390
82397
82405
82409
82415
82419
82427
82431
82435
82444
82471
82474
82483
82494
82505
82507
82510
82512
82513
82515
82537
82549
82551
82554
82567
82572
82585
82590
82591
82605
82608
82622
82624
82625
82626
82627
82628
82634
82637
82655
82676
82680
82697
82738
82740
82750
82756
82761
82770
82785
82798
82800
82804
82808
82817
82819
82833
82846
82852
82860
82864
82868
82876
82891
82898
82915
82927
82931
82934
82935
82938
82939
82946
82951
82954
82956
82975
82980
82987
82996
83015
83017
83019
83046
83050
83081
83090
83096
83097
83102
83111
83113
83117
83123
83131
83132
83149
83192
83193
83201
83208
83223
83229
83267
83272
83286
83290
83303
83331
83336
83345
83352
83354
83355
83357
83359
83361
83373
83374
83375
83392
83421
83429
83441
83445
83452
83485
83508
83518
83524
83526
83529
83554
83561
83565
83566
83568
83578
83582
83585
83588
83597
83629
83637
83639
83642
83647
83670
83673
83685
83698
83704
83711
83712
83719
83730
83750
83754
83767
83770
83774
83782
83783
83784
83789
83812
83820
83826
83829
83835
83839
83845
83849
83859
83866
83871
83876
83889
83893
83910
83914
83920
83934
83944
83947
83949
83951
83960
83964
83965
83976
83992
84030
84032
84040
84050
84060
84068
84069
84071
84074
84075
84106
84112
84128
84134
84137
84139
84142
84150
84160
84163
84186
84189
84196
84203
84212
84228
84236
84243
84244
84259
84267
84270
84271
84273
84282
84298
84312
84338
84353
84381
84384
84387
84390
84395
84401
84419
84425
84426
84433
84441
84445
84452
84457
84481
84485
84494
84502
84505
84525
84529
84545
84550
84567
84575
84582
84591
84635
84658
84673
84697
84703
84709
84718
84720
84728
84730
84736
84745
84748
84749
84764
84773
84776
84791
84792
84810
84822
84823
84828
84849
84851
84853
84859
84879
84907
84917
84919
84921
84922
84931
84943
84948
84969
84972
84974
84980
84990
84999
85000
85002
85012
85015
85027
85041
85048
85050
85076
85078
85111
85116
85118
85123
85130
85144
85146
85148
85152
85166
85171
85182
85186
85187
85188
85190
85236
85238
85248
85249
85250
85265
85266
85269
85285
85286
85293
85305
85314
85339
85344
85354
85366
85376
85383
85390
85407
85416
85428
85455
85467
85475
85487
85496
85501
85514
85517
85530
85545
85557
85569
85574
85576
85586
85596
85598
85603
85605
85615
85625
85627
85658
85660
85677
85679
85692
85709
85713
85715
85719
85724
85728
85735
85748
85749
85750
85759
85763
85784
85789
85791
85802
85804
85807
85809
85811
85831
85840
85844
85857
85873
85894
85932
85935
85945
85946
85950
85957
85958
85978
85983
85984
85987
85992
86000
86004
86006
86015
86039
86045
86047
86055
86075
86078
86092
86109
86115
86116
86124
86125
86133
86155
86162
86171
86182
86201
86204
86207
86214
86217
86223
86227
86245
86272
86287
86289
86297
86298
86316
86335
86342
86359
86365
86371
86381
86394
86400
86402
86408
86412
86420
86443
86444
86461
86468
86469
86471
86480
86499
86508
86514
86521
86523
86528
86532
86538
86549
86551
86622
86626
86630
86636
86642
86657
86667
86675
86711
86718
86730
86733
86735
86756
86771
86806
86808
86814
86844
86852
86888
86891
86900
86916
86917
86927
86947
86978
86983
86986
86995
86999
87009
87011
87030
87045
87080
87089
87109
87110
87117
87118
87128
87145
87147
87151
87197
87199
87204
87208
87238
87241
87245
87251
87261
87265
87275
87282
87299
87303
87310
87314
87317
87328
87337
87338
87391
87397
87398
87410
87413
87421
87443
87453
87454
87470
87475
87484
87487
87502
87506
87546
87565
87568
87582
87593
87596
87603
87607
87610
87629
87659
87668
87670
87672
87674
87680
87682
87686
87696
87709
87722
87740
87743
87749
87751
87761
87774
87775
87810
87814
87825
87828
87829
87869
87870
87871
87874
87887
87890
87904
87910
87923
87941
87967
87971
87979
87980
87987
87990
87991
88007
88011
88026
88034
88039
88064
88065
88071
88074
88086
88087
88099
88110
88114
88121
88130
88144
88153
88156
88182
88205
88212
88216
88239
88251
88259
88270
88276
88278
88295
88300
88338
88341
88345
88355
88367
88373
88377
88381
88384
88391
88395
88396
88408
88413
88422
88423
88429
88455
88461
88463
88474
88475
88501
88513
88519
88529
88531
88533
88544
88546
88574
88592
88601
88616
88634
88635
88637
88654
88656
88663
88670
88681
88694
88723
88738
88749
88762
88766
88776
88784
88786
88794
88798
88803
88818
88824
88838
88842
88851
88877
88884
88888
88895
88927
88929
88932
88965
88966
88967
88969
88975
88985
88990
89009
89013
89031
89050
89054
89057
89058
89063
89065
89077
89079
89093
89109
89119
89132
89150
89152
89153
89160
89161
89167
89176
89193
89215
89219
89240
89245
89248
89273
89288
89292
89303
89308
89325
89326
89329
89331
89338
89340
89346
89356
89359
89363
89370
89386
89387
89389
89391
89398
89408
89413
89419
89428
89434
89459
89461
89478
89490
89494
89504
89534
89538
89540
89561
89562
89578
89581
89607
89610
89616
89617
89642
89661
89667
89684
89707
89712
89719
89723
89744
89752
89759
89763
89768
89784
89788
89795
89803
89811
89816
89838
89848
89850
89875
89884
89893
89908
89916
89923
89931
89976
89991
89999
90002
90008
90010
90026
90027
90035
90040
90051
90053
90058
90069
90096
90111
90112
90130
90135
90146
90166
90182
90190
90198
90220
90228
90242
90255
90273
90274
90279
90326
90337
90352
90363
90390
90416
90423
90427
90448
90452
90498
90500
90501
90508
90529
90534
90536
90546
90563
90578
90581
90586
90590
90593
90594
90609
90633
90660
90691
90694
90696
90700
90718
90724
90737
90739
90751
90752
90758
90765
90766
90787
90798
90821
90824
90840
90860
90875
90876
90888
90922
90941
90956
90963
90966
90977
90989
91011
91013
91015
91020
91021
91022
91027
91046
91050
91053
91070
91077
91094
91110
91122
91130
91139
91143
91153
91173
91182
91195
91199
91210
91212
91213
91216
91220
91225
91236
91246
91268
91291
91311
91319
91325
91332
91337
91340
91342
91354
91357
91360
91373
91400
91402
91412
91421
91430
91433
91438
91469
91488
91496
91503
91507
91514
91518
91527
91535
91543
91554
91557
91560
91571
91575
91606
91613
91662
91668
91689
91690
91694
91696
91698
91703
91706
91750
91756
91762
91786
91787
91788
91798
91804
91827
91840
91850
91865
91871
91907
91925
91938
91954
91956
91963
91967
91968
91978
91986
91987
91993
92004
92007
92023
92031
92048
92062
92076
92085
92099
92110
92121
92130
92140
92163
92180
92189
92201
92214
92216
92217
92226
92231
92266
92272
92278
92299
92306
92311
92314
92349
92361
92382
92383
92386
92387
92413
92431
92434
92448
92464
92467
92472
92481
92492
92520
92524
92527
92531
92535
92538
92547
92554
92568
92625
92637
92649
92650
92653
92664
92673
92679
92685
92689
92698
92699
92700
92721
92727
92743
92746
92766
92770
92808
92824
92829
92850
92861
92864
92895
92927
92937
92962
92967
92977
92991
92993
93007
93015
93021
93046
93048
93067
93093
93097
93106
93115
93121
93128
93132
93133
93142
93144
93154
93160
93172
93174
93183
93186
93193
93195
93206
93207
93228
93243
93321
93324
93327
93330
93340
93342
93351
93373
93386
93393
93395
93408
93409
93418
93421
93432
93457
93472
93484
93485
93497
93498
93500
93502
93515
93516
93526
93531
93555
93587
93592
93593
93615
93620
93647
93677
93684
93715
93719
93721
93729
93732
93754
93755
93764
93778
93787
93788
93803
93805
93827
93828
93868
93870
93882
93890
93920
93933
93957
93966
93975
93988
93994
93995
94006
94015
94016
94027
94030
94034
94057
94068
94075
94076
94081
94085
94090
94096
94104
94111
94116
94146
94159
94165
94170
94175
94190
94205
94211
94215
94222
94231
94246
94255
94262
94305
94307
94308
94344
94345
94350
94370
94391
94393
94394
94397
94406
94408
94411
94414
94425
94441
94447
94453
94497
94498
94501
94526
94533
94538
94558
94589
94595
94606
94609
94616
94626
94627
94639
94641
94674
94684
94695
94708
94709
94721
94724
94751
94752
94755
94776
94800
94809
94814
94820
94832
94834
94839
94845
94850
94861
94866
94872
94876
94889
94890
94894
94912
94931
94932
94935
94954
94984
94988
95012
95013
95014
95017
95027
95035
95050
95058
95069
95071
95072
95074
95091
95114
95116
95135
95140
95146
95150
95161
95170
95177
95178
95179
95222
95235
95248
95250
95252
95266
95285
95286
95296
95301
95305
95318
95323
95328
95344
95349
95350
95362
95386
95398
95410
95424
95429
95437
95449
95454
95459
95471
95500
95503
95517
95523
95529
95530
95540
95554
95558
95559
95568
95582
95585
95601
95605
95613
95622
95659
95673
95679
95681
95686
95688
95689
95695
95698
95701
95703
95726
95742
95744
95750
95753
95757
95759
95761
95762
95765
95766
95772
95773
95779
95789
95790
95793
95801
95802
95807
95810
95813
95814
95815
95818
95822
95824
95825
95826
95828
95833
95835
95839
95840
95841
95842
95844
95845
95846
95847
95849
95852
95854
95855
95856
95858
95859
95860
95865
95866
95867
95869
95871
95872
95873
95874
95877
95878
95879
95880
95881
95882
95883
95885
95887
95889
95890
95892
95895
95896
95901
95902
95903
95905
95906
95909
95910
95911
95912
95913
95914
95915
95916
95917
95918
95920
95921
95922
95924
95925
95928
95929
95930
95932
95933
95936
95938
95940
95944
95945
95946
95948
95949
95952
95953
95954
95955
95956
95958
95960
95962
95963
95966
95967
95969
95971
95972
95973
95974
95975
95977
95979
95981
95982
95983
95984
95986
95988
95990
95991
95996
95997
95998
95999
96001
96003
96005
96007
96008
96009
96011
96012
96013
96015
96017
96019
96021
96022
96023
96024
96025
96026
96028
96029
96031
96032
96034
96037
96038
96041
96043
96044
96046
96047
96048
96050
96051
96052
96053
96060
96061
96062
96063
96065
96067
96068
96069
96075
96079
96084
96085
96087
96088
96089
96091
96092
96093
96094
96096
96098
96099
96101
96105
96106
96107
96110
96112
96114
96115
96116
96117
96121
96122
96123
96125
96127
96128
96129
96133
96135
96137
96138
96139
96141
96142
96143
96144
96146
96147
96149
96151
96153
96156
96157
96158
96160
96161
96165
96169
96171
96172
96177
96178
96181
96183
96184
96185
96190
96191
96196
96197
96198
96200
96201
96202
96203
96205
96212
96218
96219
96220
96221
96222
96223
96227
96229
96230
96233
96235
96236
96237
96249
96254
96256
96260
96262
96264
96265
96275
96278
96280
96281
96287
96288
96291
96292
96295
96296
96299
96300
96301
96304
96305
96309
96310
96311
96314
96315
96319
96321
96326
96328
96335
96336
96337
96341
96342
96343
96347
96348
96350
96351
96354
96356
96357
96359
96363
96365
96367
96369
96373
96378
96381
96382
96383
96384
96385
96389
96390
96391
96392
96394
96397
96401
96402
96403
96404
96405
96410
96416
96418
96420
96421
96429
96433
96435
96439
96442
96443
96444
96448
96449
96452
96453
96454
96457
96463
96466
96467
96468
96470
96473
96476
96477
96478
96480
96487
96488
96491
96493
96496
96498
96508
96520
96521
96535
96537
96539
96540
96543
96545
96549
96552
96553
96554
96563
96564
96567
96568
96569
96571
96577
96580
96581
96582
96589
96592
96603
96604
96605
96606
96610
96611
96612
96615
96616
96618
96619
96620
96621
96625
96630
96633
96638
96639
96643
96646
96648
96655
96656
96657
96662
96669
96670
96678
96681
96682
96694
96696
96702
96707
96709
96711
96712
96715
96718
96719
96721
96722
96723
96725
96726
96735
96739
96742
96746
96748
96751
96752
96759
96760
96767
96776
96781
96782
96785
96789
96792
96800
96808
96809
96810
96817
96822
96839
96843
96844
96845
96847
96848
96849
96863
96865
96875
96881
96882
96884
96896
96902
96903
96904
96908
96913
96919
96927
96931
96945
96951
96954
96955
96960
96961
96966
96968
96975
96985
96987
96988
96996
96999
97001
97003
97005
97009
97015
97016
97032
97033
97040
97043
97049
97055
97059
97063
97066
97074
97082
97114
97116
97117
97118
97119
97121
97122
97126
97131
97149
97155
97161
97169
97171
97181
97186
97191
97196
97199
97207
97218
97230
97235
97237
97238
97241
97249
97252
97258
97262
97266
97267
97271
97272
97273
97274
97277
97278
97281
97285
97290
97293
97294
97296
97317
97320
97327
97328
97335
97342
97345
97349
97352
97360
97373
97380
97381
97382
97404
97423
97427
97441
97446
97447
97448
97450
97459
97483
97484
97485
97487
97489
97495
97497
97503
97509
97524
97552
97553
97554
97555
97562
97575
97593
97609
97622
97628
97629
97632
97661
97665
97670
97698
97699
97729
97742
97746
97785
97789
97792
97794
97802
97803
97817
97843
97852
97866
97883
97888
97889
97893
97899
97900
97913
97916
97933
97945
97971
97972
97987
97988
97989
97995
97996
98009
98011
98020
98047
98053
98055
98066
98072
98105
98116
98117
98121
98124
98125
98127
98128
98134
98140
98142
98161
98167
98179
98187
98198
98212
98217
98222
98248
98249
98256
98259
98261
98264
98278
98279
98290
98291
98294
98299
98300
98303
98304
98333
98348
98395
98404
98405
98410
98412
98423
98428
98430
98438
98440
98444
98455
98476
98492
98495
98504
98515
98523
98539
98561
98575
98606
98608
98625
98630
98654
98657
98661
98671
98676
98677
98710
98715
98745
98748
98832
98846
98860
98861
98874
98927
98943
98979
98980
98982
98987
98988
98990
99012
99121
99127
99130
99135
99162
99195
99202
99213
99218
99248
99268
99274
99276
99312
99328
99335
99437
99439
99445
99449
99471
99476
99491
99507
99510
99511
99514
99582
99584
99636
99638
99661
99674
99699
99700
99703
99714
99754
99759
99763
99773
99927
99935
99944
99959
99973
99977
99979
99984
99987
99996
100047
100052
100120
100213
100231
100262
100336
100449
100532
100536
100581
100596
100601
100720
100721
100731
100745
100750
100755
100765
100898
101016
101134
101137
101145
101199
101219
101228
101229
101288
101306
101335
101590
101592
101611
101619
101622
101623
101630
101632
101643
101645
101653
101662
101688
101715
101729
101763
101792
101807
101814
101884
101894
101964
102005
102085
102112
102158
102390
102403
102770
102895
102901
102902
102904
102912
103015
103072
103195
103269
103540
103715
103725
103730
103733
103742
103746
103775
103838
103852
103916
103918
103940
103945
103993
104001
104149
104159
104169
104234
104529
104537
104591
104778
104808
104815
104854
104883
105022
105130
105149
105267
105331
105368
105406
105573
106258
107668
107669
107698
107710
107790
107803
107824
107886
108074
108154
108266
108485
108544
108591
108623
108635
108639
108670
108820
108852
108905
108967
108998
109066
109117
109120
109123
109128
109195
109241
109276
109496
109579
109608
109676
109692
109849
109878
109973
110002
110126
110243
110289
110334
110400
110419
110500
110863
110959
111049
111090
111349
111379
111537
111778
111931
112499
112732
112796
112838
113132
113221
113317
113468
113848
113949
114695
114753
115136
115267
115297
115507
115592
115746
116677
117193
117585
117745
117760
117945
118267
118605
118642
118849
118879
119231
119237
119999
120308
120532
120588
120969
121091
121966
123016
123220
123410
123828
124396
124561
124720
125939
126466
126530
126628
127096
127694
127960
128223
128280
128453
129093
129652
129933
130602
131725
132405
132768
133054
133486
133802
136365
136504
136729
137615
138496
138805
139696
140627
142011
142312
142453
143765
144373
144591
144834
144897
146132
146673
146972
147131
147386
148985
149303
149512
149641
150106
150541
152193
153203
153254
154495
155127
155199
155995
157057
157526
157827
157956
157958
158052
158926
158981
159029
159034
159462
159804
159917
159989
160281
160358
160481
160784
160830
161530
161854
162208
162284
162451
162750
163030
163043
163706
163719
164119
164419
164497
164774
165736
165750
166337
166525
166643
167212
167684
167959
168696
168977
169103
169111
169121
169237
169261
169262
169286
169361
169404
169450
169489
169553
169575
169614
169629
169675
169684
169752
169917
170086
170286
170363
170393
170643
171407
171458
171973
172065
172080
172182
172299
172358
172442
172510
172708
172776
172948
172989
173124
173609
173791
173970
173976
174183
174350
174367
174402
174548
174638
174840
174945
174965
175267
176050
176217
176272
176574
176690
176727
176751
176822
177508
177724
177884
178310
178326
178436
178466
179543
179576
179664
179674
180026
180140
180522
180545
180704
181115
181476
181682
181717
181727
182186
182531
182843
183182
183398
183724
183802
184006
184417
184544
184653
184843
185038
185249
185628
186098
186141
186232
186444
186611
186697
186974
187350
187525
187746
188093
188144
188460
188510
188644
188912
188921
188994
189169
189402
189404
189452
189551
189809
189816
189861
190000
190066
190286
190538
190632
190657
191126
191241
191585
191789
192398
193197
193271
193288
193678
193808
194201
194214
194365
194458
194820
195080
195834
195961
196166
196182
196208
196829
197125
197354
197483
197759
198863
198883
199096
199419
199572
199927
200217
200597
200602
200709
201039
201069
201175
201252
201413
201485
201900
202201
202478
202523
203065
203089
203298
203299
203335
203424
203916
203960
205137
205532
205586
205694
205931
206446
206672
206830
206877
207286
207492
207565
207675
207784
208306
208312
208442
208489
208711
208731
208912
208954
209218
209480
209568
209963
210126
211125
211178
211342
211451
211614
211652
212564
213108
213596
214010
214070
214336
214387
214773
215233
215332
215495
216166
216387
216811
216931
217048
217158
217252
217730
217790
217813
218153
218246
218362
218367
218556
219679
220168
220497
220838
220921
221027
221535
221629
221794
222316
222898
222957
223685
224511
224662
224998
225356
225505
226369
227156
227333
227537
227840
228717
228744
228753
228820
229336
229546
229588
229801
229888
230149
230638
231194
231513
232364
232393
232438
232787
232827
233137
233233
233632
233694
233737
234402
234511
234916
235245
235893
236370
236387
236399
236802
236881
236927
237267
237511
237689
237898
238199
238421
238692
238972
239134
239784
240976
241007
241010
241378
241474
241932
241977
242126
242214
242332
242343
243308
243693
243993
244441
244534
245056
245083
245129
245342
245522
245875
246225
246280
246561
246688
246696
246746
246853
247256
247272
247320
248044
248045
248046
248047
248048
248049
248050
248051
248052
248053
248054
248055
248056
248057
248058
248059
248060
248061
248062
248063
248064
248065
248066
248067
248068
248069
248070
248071
248072
248073
248074
248075
248076
