llama-mtp-vocab-v1 248320 65536
0
1
2
3
4
5
6
7
8
9
10
11
12
13
14
15
16
17
18
19
20
21
22
23
24
25
26
27
28
29
30
31
32
33
34
35
36
37
38
39
40
41
42
43
44
45
46
47
48
49
50
51
52
53
54
55
56
57
58
59
60
61
62
63
64
65
66
67
68
69
70
71
72
73
74
75
76
77
78
79
80
81
82
83
84
85
86
87
88
89
90
91
92
93
94
95
96
97
98
99
100
101
102
103
104
105
106
107
108
109
110
111
112
113
114
115
116
117
118
119
120
121
122
123
124
125
126
127
128
129
130
131
132
133
134
135
136
137
138
139
140
141
142
143
144
145
146
147
148
149
150
151
152
153
154
155
156
157
158
159
160
161
162
163
164
165
166
167
168
169
170
171
172
173
174
175
176
177
178
179
180
181
182
183
184
185
186
187
188
189
190
191
192
193
194
195
196
197
198
199
200
201
202
203
204
205
206
207
208
209
210
211
212
213
214
215
216
217
218
219
220
221
222
223
224
225
226
227
228
229
230
231
232
233
234
235
236
237
238
239
240
241
242
243
244
245
246
247
248
249
250
251
252
253
254
255
256
257
258
259
260
261
262
263
264
265
266
267
268
269
270
271
272
273
274
275
276
277
278
279
280
281
282
283
284
285
286
287
288
289
290
291
292
293
294
295
296
297
298
299
300
301
302
303
304
305
306
307
308
309
310
311
312
313
314
315
316
317
318
319
320
321
322
323
324
325
326
327
328
329
330
331
332
333
334
335
336
337
338
339
340
341
342
343
344
345
346
347
348
349
350
351
352
353
354
355
356
357
358
359
360
361
362
363
364
365
366
367
368
369
370
371
372
373
374
375
376
377
378
379
380
381
382
383
384
385
386
387
388
389
390
391
392
393
394
395
396
397
398
399
400
401
402
403
404
405
406
407
408
409
410
411
412
413
414
415
416
417
418
419
420
421
422
423
424
425
426
427
428
429
430
431
432
433
434
435
436
437
438
439
440
441
442
443
444
445
446
447
448
449
450
451
452
453
454
455
456
457
458
459
460
461
462
463
464
465
466
467
468
469
470
471
472
473
474
475
476
477
478
479
480
481
482
483
484
485
486
487
488
489
490
491
492
493
494
495
496
497
498
499
500
501
502
503
504
505
506
507
508
509
510
511
512
513
514
515
516
517
518
519
520
521
522
523
524
525
526
527
528
529
530
531
532
533
534
535
536
537
538
539
540
541
542
543
544
545
547
548
549
550
551
552
553
554
556
557
558
559
560
561
562
563
564
565
566
567
568
569
570
571
572
573
574
575
576
577
578
579
580
581
582
583
585
586
587
588
589
590
591
592
593
594
595
596
597
598
599
600
601
602
603
604
605
606
607
608
609
610
611
612
613
614
615
616
617
619
620
621
622
623
624
625
626
627
628
629
630
631
632
633
634
635
636
637
638
639
640
641
642
643
644
645
646
647
648
649
650
651
652
653
654
655
656
657
658
659
660
661
662
663
664
665
666
667
668
669
670
671
672
673
674
675
676
677
678
679
680
681
682
683
684
685
686
687
688
689
690
691
692
693
694
695
696
697
698
699
700
701
702
703
704
706
707
708
709
710
711
712
713
714
715
716
717
718
719
720
721
722
723
724
725
726
727
728
729
730
731
732
733
734
735
736
737
738
739
740
741
742
743
744
745
746
747
748
749
750
751
752
753
754
755
756
757
758
759
760
761
762
763
764
765
766
767
768
769
770
771
772
773
775
776
777
778
779
780
781
782
783
784
785
786
787
788
789
790
791
792
793
794
795
796
797
798
799
800
801
802
803
804
805
806
807
808
809
810
811
812
813
814
815
816
817
818
819
821
822
823
824
825
826
827
828
829
830
831
832
833
834
835
836
837
838
839
840
841
842
843
844
845
846
847
848
849
850
851
852
853
854
855
856
857
858
859
860
861
862
863
864
866
867
868
869
870
871
872
873
874
875
876
877
878
879
880
881
882
883
884
885
886
887
888
889
890
891
892
893
894
895
896
897
898
899
900
901
902
903
904
905
906
907
908
909
910
911
912
913
914
915
916
917
918
919
920
921
922
923
924
925
926
927
928
930
931
932
933
934
935
936
937
938
939
940
941
942
943
944
945
946
947
948
949
950
951
952
954
955
956
957
958
959
960
961
962
963
964
965
966
967
968
969
970
971
972
973
974
975
976
977
978
979
980
981
982
983
984
985
986
987
988
989
991
992
993
994
995
996
997
998
999
1000
1001
1002
1003
1004
1005
1006
1007
1008
1009
1010
1011
1012
1013
1014
1015
1016
1017
1018
1019
1020
1021
1022
1023
1024
1025
1026
1027
1028
1029
1030
1031
1032
1034
1035
1036
1037
1038
1039
1040
1041
1042
1043
1044
1045
1046
1047
1048
1049
1050
1051
1052
1053
1054
1055
1056
1057
1058
1059
1060
1061
1062
1063
1064
1065
1066
1067
1068
1069
1070
1071
1072
1073
1074
1075
1076
1077
1078
1079
1080
1081
1082
1083
1084
1085
1086
1087
1088
1089
1090
1091
1092
1093
1094
1095
1096
1097
1098
1099
1100
1101
1102
1103
1104
1105
1106
1107
1109
1110
1111
1112
1113
1114
1115
1116
1117
1118
1119
1120
1121
1122
1123
1124
1125
1126
1127
1128
1129
1130
1131
1132
1133
1134
1135
1136
1137
1138
1139
1140
1141
1142
1143
1144
1145
1146
1147
1148
1149
1150
1151
1152
1153
1154
1155
1156
1157
1158
1159
1160
1161
1162
1163
1164
1165
1166
1167
1168
1170
1171
1172
1173
1174
1175
1176
1177
1178
1179
1180
1181
1182
1183
1184
1186
1187
1188
1189
1190
1191
1192
1193
1194
1195
1196
1197
1198
1199
1200
1201
1202
1203
1204
1205
1206
1207
1208
1209
1210
1211
1212
1213
1214
1215
1216
1217
1218
1219
1220
1221
1222
1223
1224
1225
1226
1227
1228
1229
1231
1232
1234
1235
1236
1237
1238
1239
1240
1242
1243
1244
1245
1246
1247
1248
1249
1250
1251
1252
1253
1254
1255
1256
1257
1258
1259
1260
1261
1262
1263
1264
1265
1266
1267
1268
1269
1270
1271
1272
1273
1274
1275
1277
1278
1279
1280
1282
1283
1284
1285
1286
1287
1288
1289
1290
1291
1292
1293
1294
1295
1296
1297
1298
1299
1300
1301
1302
1303
1304
1305
1306
1307
1308
1309
1310
1311
1312
1313
1314
1315
1316
1317
1318
1319
1320
1321
1322
1323
1324
1325
1326
1327
1328
1329
1330
1331
1332
1333
1334
1335
1336
1338
1339
1340
1341
1342
1343
1344
1345
1346
1347
1348
1349
1350
1352
1353
1354
1355
1356
1357
1358
1359
1360
1361
1362
1363
1364
1365
1366
1367
1368
1369
1370
1371
1372
1373
1374
1375
1376
1377
1378
1379
1380
1381
1382
1384
1385
1386
1387
1388
1389
1390
1391
1392
1393
1394
1395
1396
1397
1399
1400
1401
1402
1404
1405
1406
1407
1409
1410
1411
1412
1413
1414
1416
1417
1418
1419
1420
1421
1422
1423
1425
1426
1427
1428
1429
1430
1432
1433
1434
1435
1436
1437
1438
1439
1440
1441
1442
1443
1444
1445
1446
1447
1448
1449
1451
1452
1453
1454
1455
1456
1457
1458
1459
1460
1461
1462
1463
1464
1465
1466
1467
1468
1469
1470
1471
1472
1473
1474
1475
1476
1477
1478
1479
1480
1481
1482
1483
1484
1485
1486
1487
1488
1489
1490
1493
1494
1495
1496
1497
1498
1499
1500
1501
1502
1503
1505
1506
1507
1508
1509
1510
1511
1512
1513
1514
1515
1516
1517
1518
1519
1520
1521
1522
1523
1524
1525
1526
1527
1528
1529
1530
1531
1532
1533
1534
1535
1536
1537
1538
1539
1540
1541
1542
1543
1544
1545
1546
1547
1548
1549
1550
1551
1552
1553
1554
1555
1556
1557
1558
1559
1560
1561
1562
1563
1564
1565
1566
1567
1568
1569
1570
1572
1573
1574
1575
1576
1577
1578
1579
1580
1581
1582
1583
1584
1585
1586
1587
1588
1589
1590
1591
1592
1593
1594
1595
1596
1597
1598
1599
1600
1601
1602
1603
1604
1605
1606
1607
1608
1609
1610
1611
1612
1613
1614
1615
1616
1617
1618
1619
1620
1622
1623
1625
1626
1627
1628
1629
1630
1631
1632
1633
1634
1635
1636
1637
1638
1639
1640
1641
1642
1643
1644
1645
1646
1647
1648
1649
1650
1651
1652
1653
1654
1655
1656
1657
1658
1659
1660
1661
1662
1663
1664
1665
1666
1667
1668
1669
1670
1671
1672
1673
1674
1675
1676
1678
1679
1680
1681
1682
1683
1684
1685
1686
1687
1688
1689
1690
1691
1692
1693
1695
1696
1697
1698
1699
1700
1701
1702
1703
1704
1705
1706
1707
1708
1709
1710
1711
1712
1713
1714
1715
1716
1717
1718
1719
1720
1721
1722
1723
1724
1725
1726
1727
1728
1730
1731
1732
1733
1734
1735
1736
1737
1738
1740
1741
1742
1743
1744
1745
1746
1747
1748
1749
1750
1752
1753
1754
1755
1756
1757
1759
1760
1761
1762
1763
1764
1765
1766
1767
1768
1769
1770
1771
1772
1773
1774
1775
1776
1777
1778
1779
1780
1781
1782
1783
1784
1785
1786
1787
1788
1789
1790
1791
1792
1793
1794
1795
1796
1797
1798
1799
1800
1801
1802
1803
1804
1805
1806
1807
1808
1809
1810
1811
1812
1813
1814
1815
1816
1817
1818
1819
1820
1821
1822
1823
1824
1825
1826
1827
1828
1829
1830
1831
1832
1833
1834
1835
1836
1837
1838
1839
1840
1841
1842
1843
1844
1845
1846
1847
1848
1849
1850
1851
1852
1853
1854
1855
1856
1857
1858
1859
1860
1861
1862
1864
1865
1866
1867
1868
1869
1870
1871
1873
1874
1875
1876
1877
1878
1879
1880
1881
1882
1883
1884
1885
1886
1887
1888
1889
1890
1891
1892
1893
1894
1895
1896
1897
1898
1899
1900
1901
1902
1904
1905
1906
1907
1908
1909
1910
1911
1912
1913
1914
1915
1916
1917
1918
1919
1920
1921
1922
1923
1924
1925
1926
1927
1928
1929
1930
1931
1932
1933
1934
1935
1936
1937
1938
1940
1941
1942
1943
1944
1945
1946
1947
1948
1949
1950
1951
1952
1953
1954
1955
1956
1957
1958
1959
1960
1962
1964
1965
1966
1967
1968
1969
1970
1971
1972
1973
1974
1975
1977
1978
1979
1980
1981
1982
1983
1984
1985
1986
1987
1988
1989
1990
1991
1992
1993
1994
1995
1996
1998
1999
2000
2001
2002
2003
2004
2005
2006
2007
2009
2010
2011
2012
2013
2014
2015
2016
2017
2018
2019
2020
2021
2022
2023
2024
2025
2026
2027
2028
2029
2030
2031
2032
2033
2034
2035
2036
2037
2038
2041
2042
2043
2044
2045
2046
2047
2048
2049
2050
2051
2052
2053
2054
2055
2056
2057
2058
2059
2060
2061
2062
2063
2064
2065
2066
2067
2068
2069
2070
2071
2072
2073
2074
2075
2076
2077
2078
2079
2080
2081
2082
2083
2084
2085
2086
2087
2088
2089
2090
2091
2092
2093
2094
2095
2096
2097
2098
2099
2100
2101
2103
2104
2105
2106
2107
2108
2109
2110
2111
2112
2113
2114
2116
2117
2118
2119
2120
2121
2122
2123
2124
2126
2127
2128
2129
2130
2131
2132
2133
2134
2135
2136
2137
2138
2139
2140
2141
2142
2143
2144
2145
2146
2147
2148
2149
2150
2151
2152
2153
2154
2155
2156
2158
2159
2160
2161
2162
2163
2164
2166
2167
2168
2169
2170
2171
2172
2173
2174
2176
2177
2179
2180
2181
2182
2183
2184
2185
2186
2187
2188
2189
2190
2191
2192
2193
2194
2195
2196
2197
2198
2199
2200
2201
2202
2203
2204
2205
2206
2208
2209
2210
2211
2212
2213
2215
2216
2217
2218
2219
2220
2221
2222
2224
2225
2226
2227
2228
2229
2230
2231
2232
2233
2234
2235
2236
2237
2238
2239
2241
2243
2244
2246
2247
2248
2249
2250
2251
2252
2253
2254
2255
2256
2257
2258
2259
2260
2261
2262
2263
2264
2265
2266
2267
2270
2271
2272
2273
2274
2275
2276
2277
2278
2279
2280
2282
2283
2284
2285
2286
2287
2288
2290
2291
2292
2293
2294
2295
2296
2297
2298
2299
2300
2301
2302
2303
2304
2305
2306
2307
2308
2309
2310
2311
2312
2313
2314
2315
2316
2317
2318
2319
2320
2321
2322
2323
2324
2325
2327
2328
2329
2330
2331
2332
2333
2334
2335
2336
2337
2338
2339
2340
2341
2342
2343
2344
2345
2346
2347
2348
2349
2350
2351
2353
2354
2355
2356
2357
2358
2359
2360
2361
2362
2364
2365
2366
2367
2368
2369
2370
2371
2372
2373
2374
2376
2377
2378
2379
2380
2381
2382
2383
2384
2385
2386
2387
2388
2389
2390
2391
2392
2393
2394
2395
2396
2397
2398
2399
2400
2401
2402
2403
2404
2405
2406
2407
2408
2409
2410
2412
2413
2414
2415
2416
2417
2418
2420
2421
2422
2423
2424
2425
2426
2427
2428
2429
2430
2431
2432
2433
2434
2435
2436
2437
2438
2439
2440
2441
2442
2443
2444
2445
2446
2447
2448
2449
2450
2451
2452
2453
2454
2455
2456
2457
2458
2459
2460
2461
2462
2463
2464
2465
2466
2467
2468
2469
2470
2471
2472
2473
2474
2475
2476
2477
2478
2479
2480
2481
2482
2483
2484
2485
2486
2487
2488
2489
2490
2491
2492
2493
2495
2496
2497
2498
2499
2500
2501
2502
2503
2504
2505
2506
2507
2508
2509
2510
2511
2512
2513
2514
2515
2516
2517
2518
2519
2520
2521
2522
2523
2524
2525
2526
2527
2528
2529
2530
2531
2532
2533
2534
2535
2536
2537
2538
2539
2540
2541
2542
2543
2544
2545
2547
2548
2549
2550
2551
2552
2553
2554
2555
2556
2557
2558
2559
2560
2561
2562
2563
2564
2565
2566
2567
2568
2569
2570
2571
2572
2573
2574
2575
2576
2577
2578
2579
2580
2581
2582
2583
2584
2585
2586
2587
2588
2589
2590
2591
2592
2593
2594
2595
2596
2597
2598
2599
2600
2601
2602
2603
2604
2605
2606
2607
2608
2609
2610
2611
2612
2613
2614
2615
2616
2617
2618
2619
2621
2622
2623
2624
2625
2626
2627
2628
2629
2630
2631
2632
2633
2634
2635
2636
2637
2638
2639
2640
2641
2642
2643
2644
2645
2646
2647
2648
2649
2650
2651
2652
2653
2654
2655
2656
2657
2658
2659
2660
2661
2662
2663
2664
2665
2666
2667
2668
2669
2670
2671
2672
2673
2674
2675
2676
2677
2678
2679
2680
2681
2682
2683
2684
2685
2686
2688
2689
2690
2691
2692
2693
2694
2695
2696
2697
2698
2699
2700
2701
2702
2703
2704
2705
2706
2707
2708
2709
2710
2711
2712
2713
2714
2715
2716
2717
2718
2719
2720
2721
2723
2724
2725
2726
2727
2729
2730
2731
2732
2733
2734
2735
2736
2737
2738
2739
2740
2741
2742
2743
2744
2745
2746
2747
2748
2749
2750
2751
2752
2753
2754
2755
2756
2757
2758
2759
2760
2761
2762
2763
2764
2765
2766
2767
2768
2769
2770
2771
2772
2773
2774
2775
2776
2777
2778
2779
2780
2781
2782
2783
2784
2785
2786
2787
2788
2789
2790
2791
2792
2793
2794
2795
2796
2797
2798
2799
2800
2801
2802
2803
2804
2805
2806
2807
2808
2809
2811
2812
2813
2814
2815
2816
2817
2818
2819
2820
2821
2822
2823
2824
2825
2826
2827
2828
2829
2830
2831
2832
2833
2834
2835
2836
2837
2838
2839
2840
2841
2842
2843
2844
2845
2846
2847
2848
2849
2850
2851
2852
2854
2855
2856
2857
2858
2859
2860
2861
2862
2863
2864
2865
2866
2867
2868
2869
2870
2871
2872
2873
2874
2875
2876
2877
2878
2879
2880
2881
2882
2883
2884
2885
2887
2888
2889
2890
2891
2892
2893
2894
2895
2896
2897
2898
2899
2900
2901
2902
2903
2904
2905
2906
2907
2908
2909
2910
2911
2912
2913
2914
2915
2916
2918
2919
2920
2921
2922
2923
2924
2925
2926
2928
2929
2930
2931
2932
2933
2934
2935
2936
2937
2938
2939
2940
2942
2943
2944
2945
2946
2947
2948
2949
2950
2951
2952
2953
2954
2955
2956
2957
2958
2959
2960
2961
2962
2963
2964
2965
2966
2967
2968
2969
2970
2971
2972
2973
2974
2975
2976
2977
2978
2979
2980
2981
2982
2983
2984
2985
2986
2987
2988
2989
2990
2991
2992
2993
2994
2995
2996
2997
2998
2999
3000
3001
3002
3003
3004
3005
3006
3007
3008
3009
3010
3012
3013
3014
3015
3016
3017
3018
3019
3020
3021
3022
3023
3024
3025
3026
3027
3028
3029
3030
3031
3032
3033
3034
3035
3036
3037
3038
3039
3040
3041
3042
3043
3044
3045
3046
3047
3048
3049
3050
3051
3052
3053
3054
3055
3056
3057
3058
3059
3060
3061
3062
3063
3064
3065
3066
3067
3068
3069
3070
3071
3072
3073
3074
3075
3076
3077
3078
3079
3080
3081
3082
3083
3084
3085
3086
3087
3088
3089
3090
3091
3092
3093
3094
3095
3096
3097
3098
3099
3100
3101
3102
3103
3104
3105
3106
3107
3108
3109
3110
3111
3112
3113
3114
3115
3117
3118
3120
3122
3123
3124
3125
3126
3127
3128
3129
3130
3131
3132
3133
3134
3135
3136
3137
3138
3139
3140
3141
3143
3144
3145
3146
3147
3148
3149
3150
3151
3152
3153
3154
3155
3156
3157
3158
3159
3160
3161
3162
3163
3164
3165
3166
3167
3168
3169
3170
3171
3172
3173
3174
3175
3176
3177
3178
3179
3180
3181
3182
3183
3184
3185
3186
3187
3188
3189
3190
3191
3192
3193
3194
3195
3196
3197
3198
3199
3200
3201
3202
3203
3204
3205
3207
3208
3209
3210
3211
3212
3213
3214
3215
3216
3217
3218
3219
3220
3221
3222
3223
3224
3225
3226
3227
3228
3229
3230
3231
3232
3233
3234
3235
3237
3238
3239
3240
3241
3242
3243
3244
3245
3246
3248
3249
3250
3251
3252
3253
3254
3255
3256
3257
3258
3259
3260
3262
3263
3264
3265
3266
3267
3268
3269
3270
3271
3272
3273
3274
3275
3276
3277
3278
3279
3280
3281
3282
3283
3284
3285
3286
3287
3288
3289
3290
3291
3292
3294
3295
3296
3297
3298
3299
3300
3301
3302
3303
3304
3305
3306
3307
3308
3309
3310
3311
3312
3313
3314
3315
3316
3317
3318
3319
3320
3321
3322
3323
3324
3325
3326
3327
3328
3329
3330
3331
3332
3333
3334
3335
3336
3337
3338
3339
3340
3342
3343
3344
3345
3346
3347
3348
3349
3350
3351
3352
3353
3354
3355
3356
3357
3358
3359
3360
3361
3362
3363
3364
3365
3366
3367
3368
3369
3370
3371
3372
3373
3374
3375
3376
3377
3378
3379
3380
3381
3382
3383
3384
3385
3386
3387
3388
3389
3390
3391
3392
3393
3394
3395
3396
3397
3398
3399
3400
3401
3402
3403
3404
3405
3406
3407
3408
3409
3410
3411
3412
3413
3414
3415
3416
3417
3418
3419
3420
3421
3422
3423
3424
3425
3426
3427
3428
3429
3430
3431
3432
3433
3434
3435
3436
3437
3438
3439
3440
3442
3443
3444
3445
3446
3447
3448
3449
3450
3451
3452
3454
3455
3456
3457
3458
3459
3460
3461
3462
3463
3464
3465
3466
3467
3468
3469
3470
3471
3472
3473
3474
3476
3477
3478
3479
3480
3481
3482
3483
3484
3485
3486
3487
3488
3489
3490
3491
3492
3493
3494
3495
3496
3497
3498
3499
3500
3501
3502
3503
3504
3505
3506
3507
3508
3510
3511
3512
3513
3514
3515
3516
3517
3518
3519
3520
3521
3522
3523
3524
3525
3526
3527
3528
3529
3531
3533
3534
3535
3536
3537
3538
3539
3540
3541
3542
3543
3544
3545
3546
3547
3548
3549
3550
3551
3552
3553
3554
3555
3556
3557
3558
3559
3560
3561
3562
3563
3564
3565
3566
3567
3568
3569
3570
3571
3572
3573
3574
3575
3576
3577
3578
3579
3580
3581
3582
3583
3584
3585
3586
3587
3588
3589
3590
3591
3592
3593
3594
3595
3596
3597
3598
3599
3600
3601
3602
3603
3604
3605
3606
3607
3608
3609
3611
3612
3613
3614
3615
3616
3617
3618
3619
3620
3621
3622
3623
3624
3625
3626
3627
3628
3629
3630
3631
3632
3633
3634
3635
3636
3637
3638
3639
3641
3642
3643
3644
3645
3646
3648
3650
3651
3653
3654
3655
3656
3657
3658
3659
3660
3661
3662
3663
3664
3665
3667
3668
3669
3670
3671
3672
3673
3674
3675
3676
3677
3678
3679
3680
3681
3682
3683
3684
3686
3687
3688
3689
3690
3691
3692
3693
3694
3695
3696
3697
3699
3700
3701
3702
3703
3704
3705
3706
3707
3708
3709
3710
3711
3712
3713
3714
3715
3716
3717
3718
3719
3720
3721
3722
3723
3724
3725
3726
3727
3728
3729
3730
3731
3732
3733
3734
3736
3737
3738
3739
3740
3741
3742
3743
3744
3745
3746
3747
3748
3749
3750
3751
3752
3753
3754
3755
3756
3757
3758
3759
3760
3761
3762
3763
3764
3765
3766
3768
3769
3770
3771
3772
3773
3774
3775
3776
3777
3778
3779
3780
3781
3782
3783
3785
3786
3787
3788
3789
3790
3791
3792
3793
3794
3795
3796
3797
3798
3799
3800
3801
3802
3803
3804
3805
3806
3807
3808
3809
3810
3811
3812
3813
3814
3815
3816
3817
3818
3819
3820
3821
3822
3824
3825
3826
3827
3828
3829
3830
3831
3832
3833
3834
3835
3836
3837
3838
3839
3840
3841
3842
3843
3844
3845
3846
3847
3848
3849
3850
3851
3852
3853
3854
3855
3856
3857
3858
3859
3860
3861
3862
3863
3864
3865
3866
3867
3868
3869
3870
3871
3872
3873
3874
3875
3876
3878
3879
3881
3882
3883
3884
3885
3886
3887
3888
3889
3890
3891
3892
3894
3895
3896
3897
3899
3900
3902
3903
3904
3905
3906
3907
3908
3909
3910
3911
3912
3913
3914
3915
3916
3918
3919
3920
3921
3922
3923
3924
3925
3926
3927
3928
3929
3930
3931
3933
3934
3935
3936
3937
3938
3939
3940
3942
3943
3944
3945
3946
3947
3948
3949
3950
3951
3952
3953
3954
3955
3956
3957
3958
3959
3960
3961
3962
3963
3964
3965
3966
3967
3968
3969
3970
3971
3972
3974
3975
3976
3977
3978
3979
3980
3981
3982
3983
3984
3985
3986
3987
3988
3989
3990
3991
3992
3993
3994
3995
3996
3997
3998
3999
4000
4001
4002
4003
4004
4005
4006
4007
4008
4009
4010
4011
4012
4013
4014
4015
4016
4017
4018
4019
4020
4021
4022
4023
4024
4025
4026
4027
4028
4029
4030
4031
4034
4035
4036
4037
4038
4040
4041
4042
4043
4044
4045
4046
4047
4048
4049
4050
4051
4052
4053
4054
4055
4056
4057
4058
4059
4060
4061
4062
4063
4064
4065
4066
4067
4068
4069
4070
4071
4072
4073
4075
4076
4077
4078
4079
4080
4081
4082
4083
4084
4086
4087
4088
4089
4090
4091
4092
4093
4094
4095
4097
4098
4099
4100
4101
4102
4104
4105
4106
4107
4108
4109
4110
4111
4112
4114
4115
4116
4117
4118
4119
4120
4121
4122
4123
4124
4125
4126
4127
4128
4129
4130
4131
4132
4133
4134
4135
4136
4137
4138
4139
4140
4141
4142
4143
4144
4145
4146
4147
4148
4149
4150
4151
4152
4154
4155
4156
4157
4158
4159
4160
4161
4162
4164
4165
4166
4167
4168
4169
4170
4171
4172
4173
4174
4175
4176
4177
4178
4179
4180
4181
4182
4183
4184
4185
4186
4187
4188
4189
4190
4191
4192
4193
4194
4195
4196
4197
4199
4200
4201
4202
4203
4204
4205
4206
4207
4208
4209
4210
4211
4212
4213
4216
4217
4218
4219
4220
4221
4222
4223
4224
4225
4226
4227
4228
4229
4230
4232
4233
4234
4235
4236
4237
4238
4240
4241
4242
4243
4244
4245
4246
4247
4248
4249
4252
4253
4254
4255
4256
4257
4258
4259
4260
4261
4262
4263
4264
4265
4266
4267
4268
4269
4270
4271
4272
4273
4274
4275
4276
4277
4278
4279
4281
4282
4283
4284
4285
4286
4287
4288
4289
4290
4291
4292
4293
4294
4295
4296
4297
4298
4299
4300
4302
4303
4304
4306
4307
4308
4309
4310
4311
4312
4313
4314
4315
4317
4318
4319
4320
4321
4322
4323
4324
4325
4326
4327
4329
4330
4331
4332
4333
4334
4335
4336
4337
4338
4339
4340
4341
4342
4343
4344
4345
4346
4347
4348
4350
4351
4352
4354
4355
4356
4357
4358
4360
4361
4362
4363
4364
4366
4367
4368
4369
4370
4371
4372
4373
4374
4375
4376
4377
4378
4379
4380
4381
4382
4383
4384
4385
4386
4387
4389
4390
4391
4392
4393
4394
4395
4396
4397
4399
4400
4401
4402
4404
4405
4406
4407
4408
4409
4410
4412
4413
4414
4415
4416
4417
4418
4419
4420
4421
4422
4424
4425
4426
4427
4428
4429
4430
4431
4432
4433
4434
4435
4436
4437
4438
4439
4440
4441
4442
4443
4444
4445
4447
4448
4449
4450
4451
4452
4453
4454
4455
4456
4458
4459
4460
4461
4462
4463
4464
4465
4466
4467
4468
4469
4470
4471
4472
4473
4474
4475
4476
4477
4478
4479
4480
4481
4482
4483
4484
4485
4486
4487
4488
4489
4490
4491
4492
4493
4494
4495
4496
4497
4498
4499
4500
4501
4502
4503
4504
4505
4506
4507
4508
4509
4510
4511
4512
4514
4515
4516
4517
4518
4519
4520
4522
4523
4524
4525
4526
4528
4529
4530
4531
4532
4533
4534
4535
4536
4537
4538
4539
4540
4541
4542
4543
4544
4545
4546
4547
4548
4549
4550
4551
4552
4553
4554
4555
4556
4557
4558
4559
4560
4561
4562
4563
4564
4565
4566
4567
4568
4570
4571
4573
4574
4575
4576
4577
4578
4580
4581
4582
4583
4584
4585
4586
4587
4588
4589
4590
4591
4592
4593
4594
4595
4598
4599
4600
4601
4602
4603
4605
4606
4607
4608
4609
4610
4611
4612
4613
4614
4615
4616
4617
4618
4619
4620
4621
4622
4623
4624
4625
4626
4627
4628
4629
4630
4631
4632
4633
4634
4635
4636
4637
4638
4639
4641
4642
4643
4644
4645
4648
4649
4650
4651
4652
4653
4654
4655
4657
4658
4659
4660
4661
4662
4663
4664
4665
4666
4667
4668
4670
4671
4672
4673
4674
4675
4676
4677
4678
4679
4680
4681
4682
4684
4686
4687
4688
4689
4690
4691
4692
4693
4694
4695
4696
4697
4698
4699
4700
4701
4702
4703
4704
4705
4706
4707
4708
4709
4710
4711
4712
4713
4714
4715
4716
4717
4718
4719
4720
4721
4722
4723
4724
4725
4726
4727
4729
4730
4731
4732
4733
4734
4735
4736
4737
4738
4739
4741
4742
4744
4745
4746
4747
4748
4749
4750
4751
4752
4754
4755
4756
4757
4758
4759
4761
4762
4763
4764
4765
4766
4767
4768
4769
4770
4771
4772
4773
4774
4775
4776
4777
4778
4779
4780
4781
4782
4783
4784
4785
4786
4787
4788
4789
4790
4791
4792
4793
4794
4795
4796
4797
4798
4799
4800
4801
4802
4803
4804
4805
4806
4807
4808
4809
4810
4811
4813
4815
4816
4817
4818
4820
4821
4822
4823
4824
4825
4826
4827
4828
4829
4830
4831
4832
4833
4834
4835
4836
4837
4838
4839
4840
4841
4842
4843
4844
4845
4846
4847
4848
4849
4850
4851
4852
4853
4854
4855
4856
4858
4859
4860
4861
4862
4863
4864
4866
4868
4871
4872
4873
4874
4875
4876
4877
4878
4879
4880
4881
4882
4883
4884
4885
4886
4887
4888
4889
4890
4891
4892
4893
4894
4895
4896
4897
4898
4899
4900
4902
4903
4904
4905
4906
4907
4908
4909
4910
4911
4912
4913
4914
4915
4916
4917
4918
4919
4920
4921
4922
4923
4924
4925
4926
4927
4928
4929
4931
4932
4933
4934
4935
4936
4937
4938
4939
4941
4942
4943
4944
4945
4946
4947
4948
4949
4950
4951
4952
4953
4954
4955
4956
4957
4958
4959
4960
4961
4962
4963
4964
4965
4966
4967
4968
4969
4970
4971
4972
4973
4974
4976
4977
4978
4979
4980
4981
4982
4983
4984
4985
4986
4987
4989
4990
4992
4993
4994
4995
4996
4997
4998
4999
5000
5001
5002
5003
5004
5005
5006
5007
5008
5009
5010
5011
5012
5013
5014
5015
5016
5017
5018
5019
5020
5021
5022
5024
5025
5026
5027
5028
5029
5030
5031
5032
5033
5034
5036
5037
5038
5039
5040
5041
5042
5043
5044
5045
5046
5047
5048
5049
5050
5051
5052
5053
5054
5055
5056
5057
5058
5059
5060
5061
5062
5063
5064
5065
5066
5067
5068
5069
5070
5071
5072
5073
5074
5075
5076
5077
5078
5079
5080
5081
5082
5083
5084
5085
5086
5087
5088
5089
5090
5091
5093
5094
5095
5096
5097
5098
5099
5101
5102
5103
5104
5106
5108
5109
5110
5111
5112
5114
5115
5116
5117
5118
5119
5120
5121
5122
5124
5125
5126
5127
5128
5129
5130
5131
5132
5133
5134
5135
5136
5137
5138
5139
5140
5141
5142
5143
5144
5145
5146
5147
5148
5149
5150
5151
5152
5154
5156
5157
5158
5160
5161
5162
5163
5164
5165
5166
5167
5168
5169
5170
5171
5172
5173
5174
5175
5176
5177
5178
5181
5182
5183
5184
5185
5186
5187
5188
5189
5190
5191
5192
5193
5194
5195
5196
5197
5198
5199
5200
5201
5202
5203
5204
5205
5206
5207
5208
5210
5211
5212
5213
5214
5215
5216
5217
5218
5219
5221
5222
5223
5224
5225
5226
5227
5228
5229
5230
5231
5232
5233
5235
5236
5237
5238
5239
5242
5243
5245
5246
5247
5248
5251
5252
5253
5254
5255
5256
5257
5258
5259
5260
5261
5262
5263
5264
5265
5266
5267
5268
5269
5270
5271
5272
5273
5274
5275
5276
5278
5279
5280
5281
5282
5283
5284
5285
5286
5287
5288
5289
5290
5291
5292
5293
5295
5296
5297
5298
5299
5300
5302
5303
5304
5305
5306
5307
5308
5309
5310
5312
5313
5314
5315
5316
5317
5318
5319
5320
5321
5322
5323
5324
5325
5326
5327
5328
5330
5331
5332
5333
5334
5335
5337
5338
5339
5340
5342
5343
5344
5345
5346
5347
5348
5349
5350
5351
5352
5353
5354
5355
5356
5357
5358
5359
5360
5361
5362
5363
5364
5365
5366
5367
5368
5369
5370
5371
5372
5373
5374
5375
5376
5378
5379
5380
5381
5382
5383
5384
5385
5386
5387
5388
5390
5391
5392
5394
5395
5396
5397
5398
5399
5400
5401
5402
5403
5404
5405
5406
5407
5408
5409
5411
5412
5413
5414
5415
5416
5417
5418
5419
5422
5423
5424
5425
5426
5427
5428
5429
5430
5431
5432
5433
5434
5435
5436
5437
5438
5439
5440
5441
5442
5443
5444
5445
5446
5447
5448
5449
5450
5452
5453
5454
5455
5456
5457
5458
5459
5460
5461
5462
5463
5464
5466
5467
5468
5469
5470
5471
5472
5473
5474
5475
5476
5477
5478
5479
5480
5481
5482
5483
5484
5485
5486
5487
5488
5489
5490
5491
5492
5493
5494
5495
5496
5497
5498
5499
5500
5501
5502
5503
5505
5506
5507
5508
5509
5510
5511
5512
5513
5514
5515
5516
5517
5518
5519
5520
5521
5522
5523
5524
5526
5527
5528
5529
5530
5531
5532
5533
5534
5535
5536
5537
5539
5540
5541
5542
5543
5544
5545
5546
5547
5548
5549
5550
5551
5552
5553
5554
5555
5557
5558
5559
5560
5561
5562
5563
5564
5565
5566
5567
5568
5569
5570
5571
5572
5574
5575
5576
5577
5578
5579
5581
5582
5584
5585
5586
5587
5588
5589
5590
5591
5592
5593
5594
5595
5596
5597
5598
5599
5600
5601
5602
5603
5604
5605
5606
5607
5608
5609
5610
5611
5612
5613
5614
5615
5616
5617
5618
5619
5620
5621
5622
5623
5626
5627
5628
5629
5630
5631
5632
5633
5634
5635
5636
5637
5638
5639
5640
5641
5642
5643
5645
5646
5647
5648
5649
5650
5651
5652
5653
5654
5655
5656
5657
5658
5659
5660
5661
5662
5663
5664
5665
5666
5667
5668
5670
5671
5672
5673
5674
5675
5676
5677
5678
5680
5681
5682
5683
5684
5685
5686
5687
5689
5690
5691
5692
5693
5694
5695
5696
5697
5698
5699
5701
5702
5704
5705
5706
5707
5708
5709
5711
5712
5713
5714
5715
5716
5717
5720
5721
5722
5723
5724
5725
5726
5727
5728
5730
5731
5732
5733
5734
5735
5736
5737
5738
5740
5741
5742
5743
5744
5745
5746
5747
5748
5749
5750
5751
5752
5753
5754
5755
5756
5757
5758
5759
5761
5762
5763
5764
5765
5767
5768
5769
5770
5771
5772
5773
5774
5775
5776
5777
5778
5779
5780
5781
5783
5784
5785
5786
5787
5788
5789
5790
5791
5792
5793
5794
5796
5797
5798
5799
5800
5801
5802
5803
5804
5805
5806
5807
5808
5810
5812
5813
5815
5816
5817
5818
5819
5820
5821
5822
5823
5824
5826
5827
5828
5829
5830
5832
5833
5834
5836
5837
5838
5839
5840
5841
5842
5843
5844
5846
5847
5848
5849
5850
5851
5852
5853
5854
5855
5856
5857
5858
5860
5861
5862
5863
5864
5865
5867
5868
5869
5870
5871
5872
5874
5875
5876
5877
5878
5879
5880
5882
5883
5886
5887
5888
5889
5891
5893
5894
5895
5896
5898
5899
5901
5902
5903
5904
5907
5908
5909
5910
5911
5912
5913
5914
5915
5916
5917
5918
5919
5920
5921
5922
5923
5924
5925
5926
5927
5928
5929
5930
5931
5932
5933
5934
5935
5936
5937
5938
5939
5940
5941
5943
5944
5945
5946
5947
5948
5949
5951
5952
5953
5954
5955
5956
5958
5959
5960
5961
5963
5964
5966
5968
5969
5970
5971
5972
5974
5975
5976
5977
5978
5979
5980
5981
5982
5983
5984
5985
5986
5987
5988
5989
5990
5991
5992
5994
5995
5996
5997
5998
5999
6000
6001
6004
6005
6006
6007
6008
6009
6010
6011
6012
6013
6014
6015
6016
6017
6018
6019
6020
6021
6022
6024
6025
6026
6027
6028
6030
6031
6032
6033
6034
6035
6037
6038
6039
6040
6041
6042
6043
6044
6045
6046
6047
6048
6049
6050
6051
6052
6053
6054
6056
6057
6058
6059
6060
6061
6062
6063
6064
6065
6066
6067
6068
6069
6070
6072
6073
6074
6075
6076
6077
6078
6079
6080
6081
6082
6083
6084
6085
6086
6087
6088
6089
6090
6091
6092
6093
6094
6095
6096
6097
6098
6099
6101
6103
6104
6105
6106
6107
6108
6109
6110
6112
6113
6115
6117
6118
6119
6121
6122
6123
6124
6125
6126
6127
6129
6130
6131
6132
6133
6134
6135
6136
6138
6139
6140
6141
6142
6143
6144
6145
6146
6148
6149
6150
6151
6152
6153
6154
6155
6156
6157
6158
6159
6160
6161
6162
6163
6164
6165
6167
6169
6170
6171
6172
6173
6174
6175
6176
6177
6178
6179
6180
6181
6182
6183
6184
6185
6186
6187
6188
6189
6190
6191
6192
6193
6194
6195
6196
6197
6198
6199
6200
6202
6203
6204
6205
6206
6207
6208
6209
6210
6211
6212
6213
6214
6217
6218
6219
6220
6221
6222
6223
6224
6225
6226
6227
6228
6229
6231
6232
6233
6234
6235
6236
6237
6238
6239
6241
6242
6243
6244
6245
6246
6247
6248
6249
6250
6251
6252
6253
6254
6255
6256
6257
6258
6259
6260
6261
6262
6263
6264
6265
6266
6267
6268
6269
6270
6271
6272
6273
6275
6276
6277
6278
6279
6280
6281
6282
6283
6284
6285
6286
6287
6288
6289
6290
6292
6293
6294
6295
6296
6297
6298
6299
6300
6301
6302
6304
6305
6306
6308
6309
6310
6311
6312
6313
6314
6316
6317
6318
6319
6320
6321
6322
6323
6324
6325
6326
6327
6328
6329
6330
6331
6332
6333
6334
6335
6336
6337
6338
6339
6340
6341
6342
6343
6344
6345
6347
6348
6349
6350
6351
6352
6353
6354
6355
6356
6357
6358
6359
6360
6361
6362
6363
6364
6365
6367
6368
6369
6370
6371
6373
6374
6375
6376
6377
6378
6379
6380
6381
6382
6383
6384
6385
6386
6387
6388
6390
6391
6392
6393
6394
6395
6396
6397
6398
6399
6400
6401
6403
6404
6405
6406
6407
6408
6409
6410
6411
6412
6414
6415
6416
6418
6419
6420
6421
6424
6425
6426
6427
6428
6429
6430
6431
6432
6433
6434
6435
6436
6437
6438
6439
6440
6441
6442
6443
6444
6445
6446
6447
6448
6449
6450
6451
6452
6453
6454
6455
6456
6457
6458
6459
6460
6461
6463
6464
6465
6466
6467
6468
6469
6470
6471
6472
6473
6474
6475
6476
6477
6478
6479
6480
6481
6482
6483
6485
6486
6487
6488
6489
6491
6492
6493
6494
6496
6497
6498
6500
6501
6502
6503
6504
6505
6507
6508
6509
6510
6511
6512
6513
6514
6515
6516
6517
6518
6519
6520
6521
6522
6523
6525
6526
6527
6528
6529
6530
6531
6532
6533
6534
6535
6536
6537
6539
6540
6541
6542
6543
6544
6545
6546
6547
6548
6549
6550
6551
6552
6553
6554
6555
6556
6557
6558
6559
6560
6561
6562
6563
6564
6565
6566
6567
6568
6569
6570
6571
6572
6573
6574
6575
6576
6577
6578
6579
6580
6581
6582
6583
6584
6585
6586
6587
6588
6589
6590
6591
6592
6593
6594
6595
6596
6597
6599
6600
6601
6602
6603
6604
6605
6607
6608
6609
6611
6612
6614
6615
6616
6617
6618
6620
6621
6622
6623
6624
6625
6627
6628
6629
6630
6631
6632
6633
6634
6635
6636
6637
6638
6639
6640
6641
6642
6643
6644
6645
6646
6647
6648
6649
6650
6651
6652
6653
6654
6655
6656
6657
6658
6659
6660
6661
6662
6663
6664
6665
6666
6667
6668
6669
6670
6672
6673
6674
6675
6676
6677
6679
6680
6681
6682
6683
6684
6685
6686
6687
6688
6689
6692
6693
6694
6695
6696
6697
6698
6699
6700
6701
6702
6703
6704
6705
6706
6707
6708
6709
6710
6711
6712
6713
6714
6715
6716
6717
6718
6719
6720
6721
6722
6723
6724
6725
6726
6727
6728
6729
6730
6731
6732
6734
6735
6736
6737
6738
6739
6741
6742
6743
6744
6745
6746
6747
6748
6749
6750
6751
6752
6753
6754
6755
6756
6757
6758
6759
6761
6762
6763
6764
6765
6766
6767
6768
6769
6770
6771
6772
6773
6774
6775
6776
6777
6778
6779
6780
6781
6782
6783
6784
6785
6786
6788
6789
6790
6791
6792
6793
6794
6795
6796
6797
6799
6800
6801
6802
6803
6804
6805
6806
6807
6808
6809
6810
6811
6812
6813
6816
6817
6818
6819
6820
6821
6823
6824
6825
6826
6829
6830
6832
6833
6834
6835
6836
6838
6839
6841
6842
6843
6844
6845
6846
6847
6848
6849
6850
6851
6852
6853
6854
6855
6856
6857
6858
6859
6860
6861
6862
6863
6864
6865
6866
6867
6868
6869
6870
6871
6872
6873
6875
6876
6878
6879
6880
6881
6882
6884
6885
6886
6888
6889
6890
6891
6892
6893
6895
6897
6898
6899
6900
6901
6902
6903
6905
6906
6907
6908
6909
6910
6911
6912
6913
6914
6915
6916
6917
6918
6920
6921
6922
6923
6924
6925
6926
6927
6928
6929
6930
6931
6933
6934
6936
6937
6940
6941
6942
6943
6944
6945
6946
6947
6948
6949
6950
6951
6952
6953
6954
6957
6958
6959
6960
6961
6962
6964
6966
6967
6968
6969
6970
6971
6972
6973
6974
6975
6976
6977
6978
6979
6980
6982
6983
6984
6985
6986
6987
6988
6989
6990
6991
6992
6993
6994
6995
6998
6999
7000
7001
7002
7003
7004
7005
7006
7007
7008
7009
7010
7011
7012
7013
7014
7016
7017
7018
7019
7020
7021
7022
7023
7024
7025
7026
7027
7028
7029
7030
7031
7032
7033
7034
7035
7036
7037
7038
7039
7040
7041
7042
7043
7044
7045
7047
7048
7049
7050
7051
7052
7054
7055
7056
7057
7058
7059
7060
7061
7062
7063
7064
7065
7066
7067
7068
7069
7070
7071
7072
7073
7075
7076
7077
7078
7079
7080
7081
7082
7083
7085
7086
7087
7088
7090
7091
7092
7093
7094
7095
7096
7097
7098
7099
7100
7101
7102
7104
7106
7107
7108
7110
7111
7112
7113
7114
7115
7116
7117
7118
7119
7120
7121
7122
7123
7124
7125
7126
7127
7128
7129
7130
7131
7132
7133
7134
7135
7136
7137
7138
7139
7141
7142
7143
7144
7145
7146
7147
7148
7150
7151
7153
7154
7155
7156
7157
7159
7160
7161
7162
7163
7164
7165
7166
7167
7168
7169
7170
7171
7172
7173
7174
7176
7177
7178
7179
7181
7182
7183
7185
7186
7187
7188
7189
7190
7191
7192
7193
7194
7195
7196
7197
7198
7199
7200
7201
7202
7203
7204
7205
7206
7207
7208
7209
7210
7211
7213
7214
7216
7217
7219
7220
7221
7222
7223
7224
7225
7226
7227
7228
7229
7230
7231
7233
7234
7235
7236
7237
7238
7239
7241
7242
7243
7244
7245
7246
7247
7248
7249
7250
7251
7252
7253
7254
7255
7256
7257
7258
7259
7260
7261
7262
7263
7265
7267
7268
7270
7271
7272
7274
7276
7277
7278
7279
7280
7281
7283
7284
7285
7286
7287
7288
7289
7290
7291
7292
7294
7295
7296
7297
7298
7299
7300
7301
7302
7303
7304
7305
7306
7307
7308
7309
7310
7311
7313
7314
7315
7316
7317
7318
7319
7320
7321
7322
7324
7325
7326
7327
7328
7329
7330
7331
7332
7333
7334
7335
7336
7337
7338
7339
7341
7342
7343
7344
7345
7346
7348
7350
7351
7353
7354
7355
7357
7359
7361
7362
7363
7364
7365
7366
7367
7368
7369
7370
7371
7372
7373
7374
7375
7376
7377
7379
7380
7381
7382
7383
7384
7385
7386
7387
7388
7389
7390
7391
7392
7393
7394
7395
7396
7397
7398
7399
7401
7402
7403
7404
7406
7407
7408
7409
7410
7411
7413
7415
7417
7418
7419
7421
7423
7424
7425
7426
7427
7428
7429
7430
7431
7432
7433
7434
7435
7436
7437
7438
7439
7440
7441
7442
7443
7444
7445
7446
7447
7448
7449
7450
7451
7453
7454
7455
7457
7458
7459
7460
7461
7462
7463
7464
7465
7466
7467
7468
7469
7470
7472
7473
7474
7476
7477
7478
7479
7480
7481
7482
7483
7484
7487
7488
7489
7490
7491
7493
7494
7495
7496
7497
7498
7499
7500
7501
7502
7503
7504
7505
7506
7507
7508
7509
7510
7511
7512
7514
7515
7516
7517
7518
7519
7520
7521
7522
7523
7524
7525
7526
7527
7528
7529
7530
7531
7532
7533
7534
7535
7536
7537
7538
7539
7540
7541
7542
7543
7544
7545
7546
7547
7548
7549
7551
7552
7553
7554
7555
7556
7557
7559
7560
7561
7563
7564
7565
7566
7567
7569
7570
7571
7572
7573
7574
7575
7576
7577
7578
7579
7580
7581
7582
7583
7584
7585
7586
7587
7588
7589
7590
7591
7592
7593
7594
7595
7596
7598
7599
7601
7602
7604
7605
7606
7607
7608
7609
7610
7611
7612
7613
7614
7615
7616
7617
7618
7619
7620
7621
7622
7624
7625
7626
7627
7628
7629
7632
7633
7634
7635
7636
7637
7638
7639
7640
7641
7642
7643
7644
7645
7646
7647
7648
7649
7650
7651
7652
7653
7654
7655
7656
7657
7658
7659
7660
7661
7662
7663
7664
7665
7666
7667
7669
7670
7671
7672
7673
7674
7675
7676
7677
7678
7679
7681
7682
7683
7684
7685
7686
7687
7689
7690
7691
7692
7693
7694
7695
7696
7697
7698
7699
7700
7701
7702
7703
7705
7706
7707
7708
7709
7711
7712
7713
7714
7715
7716
7717
7718
7719
7720
7722
7723
7724
7725
7726
7727
7728
7729
7730
7731
7732
7733
7734
7736
7737
7738
7739
7741
7742
7743
7744
7745
7746
7747
7748
7749
7750
7751
7752
7753
7755
7756
7757
7758
7759
7760
7761
7762
7763
7764
7765
7766
7767
7768
7769
7770
7771
7772
7773
7774
7775
7776
7778
7779
7780
7781
7782
7783
7784
7785
7786
7787
7788
7789
7790
7791
7792
7793
7794
7795
7796
7797
7798
7799
7800
7802
7803
7804
7805
7806
7807
7808
7810
7811
7812
7813
7815
7817
7818
7819
7820
7821
7824
7825
7826
7827
7828
7829
7830
7831
7832
7833
7834
7835
7836
7837
7838
7839
7840
7841
7842
7843
7846
7847
7848
7849
7850
7851
7852
7853
7854
7855
7856
7857
7858
7859
7860
7861
7862
7863
7864
7865
7866
7867
7869
7870
7871
7872
7873
7874
7875
7876
7877
7878
7879
7880
7881
7883
7884
7885
7886
7887
7888
7889
7890
7891
7892
7894
7895
7896
7897
7898
7899
7900
7902
7903
7904
7905
7906
7907
7908
7909
7910
7911
7912
7913
7914
7915
7916
7917
7918
7919
7920
7922
7923
7924
7925
7926
7928
7929
7930
7931
7932
7933
7934
7935
7936
7937
7939
7940
7941
7942
7943
7944
7945
7946
7947
7948
7949
7950
7952
7953
7954
7955
7956
7957
7960
7962
7963
7964
7965
7966
7967
7968
7969
7971
7972
7973
7974
7975
7976
7977
7978
7979
7980
7981
7982
7983
7984
7986
7987
7988
7990
7991
7993
7994
7995
7998
7999
8001
8002
8003
8004
8005
8006
8007
8008
8009
8010
8012
8013
8014
8015
8016
8017
8018
8019
8020
8021
8022
8023
8024
8026
8027
8028
8029
8030
8032
8033
8034
8036
8037
8038
8039
8040
8041
8042
8043
8044
8045
8046
8047
8048
8049
8050
8051
8052
8053
8054
8055
8056
8057
8058
8059
8060
8061
8062
8063
8064
8065
8066
8068
8069
8070
8071
8072
8073
8074
8075
8076
8077
8078
8079
8080
8081
8082
8083
8084
8085
8086
8087
8088
8089
8090
8091
8092
8093
8094
8095
8096
8097
8098
8099
8100
8101
8102
8103
8104
8105
8106
8107
8108
8109
8110
8111
8112
8113
8114
8115
8116
8117
8118
8119
8120
8121
8122
8123
8124
8125
8127
8128
8129
8130
8131
8132
8133
8134
8135
8136
8137
8138
8139
8140
8141
8142
8143
8144
8145
8146
8147
8148
8150
8151
8152
8153
8154
8155
8156
8157
8158
8159
8160
8161
8162
8163
8164
8165
8166
8167
8168
8169
8170
8171
8172
8173
8174
8176
8177
8178
8179
8180
8181
8182
8183
8184
8185
8186
8187
8188
8189
8190
8191
8192
8193
8194
8195
8196
8197
8198
8199
8200
8201
8202
8203
8204
8205
8206
8207
8208
8209
8210
8211
8212
8213
8214
8215
8216
8217
8218
8219
8220
8221
8222
8223
8224
8225
8226
8227
8228
8229
8230
8231
8232
8233
8234
8235
8236
8237
8238
8239
8240
8241
8242
8243
8244
8245
8246
8249
8250
8251
8252
8253
8254
8255
8256
8257
8259
8260
8261
8262
8263
8264
8265
8266
8268
8269
8271
8272
8273
8274
8275
8276
8279
8280
8281
8282
8283
8284
8285
8286
8287
8288
8289
8290
8291
8292
8293
8294
8296
8297
8298
8299
8300
8301
8302
8303
8305
8306
8307
8308
8309
8310
8311
8312
8313
8314
8315
8316
8317
8318
8319
8320
8322
8323
8324
8326
8327
8328
8329
8330
8332
8333
8334
8335
8336
8337
8338
8339
8340
8341
8342
8343
8344
8345
8346
8347
8348
8349
8350
8351
8352
8353
8354
8355
8357
8358
8359
8360
8361
8362
8363
8364
8365
8366
8367
8368
8369
8370
8371
8372
8373
8375
8376
8377
8378
8379
8380
8381
8384
8385
8386
8387
8388
8389
8390
8391
8392
8393
8394
8395
8396
8397
8398
8400
8401
8402
8403
8404
8405
8406
8407
8408
8409
8410
8411
8412
8413
8415
8416
8417
8418
8419
8420
8421
8422
8423
8424
8425
8426
8427
8428
8429
8430
8431
8432
8433
8434
8435
8436
8438
8439
8440
8441
8442
8443
8444
8445
8446
8447
8448
8449
8450
8451
8452
8453
8454
8455
8456
8457
8458
8460
8461
8462
8463
8464
8465
8466
8467
8468
8469
8470
8471
8472
8473
8474
8475
8476
8477
8478
8479
8480
8481
8482
8483
8484
8485
8486
8487
8488
8489
8490
8491
8492
8494
8495
8496
8497
8498
8499
8500
8501
8502
8503
8505
8506
8507
8508
8509
8510
8511
8512
8513
8514
8515
8516
8517
8518
8519
8520
8521
8522
8523
8524
8525
8526
8528
8529
8530
8531
8532
8533
8534
8535
8536
8537
8539
8540
8541
8542
8543
8544
8545
8546
8547
8548
8549
8550
8551
8552
8553
8554
8555
8556
8557
8558
8559
8560
8561
8562
8563
8564
8565
8566
8568
8569
8570
8573
8574
8577
8578
8580
8581
8582
8583
8584
8585
8586
8588
8589
8590
8591
8592
8593
8594
8595
8597
8598
8599
8600
8601
8602
8604
8605
8606
8608
8609
8610
8611
8612
8613
8614
8615
8616
8617
8618
8619
8620
8621
8622
8623
8624
8625
8626
8627
8628
8629
8630
8631
8632
8633
8634
8635
8636
8637
8638
8639
8640
8641
8642
8643
8644
8645
8646
8647
8648
8649
8650
8651
8652
8653
8654
8655
8656
8657
8658
8659
8660
8661
8662
8663
8664
8665
8666
8667
8668
8669
8670
8671
8672
8673
8674
8675
8677
8678
8679
8680
8681
8682
8683
8684
8685
8686
8687
8689
8690
8691
8692
8693
8694
8695
8696
8697
8698
8699
8700
8701
8702
8703
8704
8705
8707
8708
8709
8710
8712
8713
8714
8716
8717
8718
8719
8720
8721
8722
8723
8724
8725
8726
8727
8728
8729
8731
8732
8733
8734
8735
8736
8737
8739
8741
8742
8743
8744
8745
8746
8747
8748
8749
8750
8751
8752
8753
8754
8755
8756
8757
8758
8760
8761
8762
8764
8765
8766
8767
8768
8769
8770
8771
8772
8773
8774
8775
8776
8777
8778
8779
8780
8781
8782
8783
8784
8785
8786
8790
8791
8792
8793
8794
8795
8796
8797
8798
8799
8800
8801
8802
8803
8804
8805
8806
8807
8808
8809
8810
8812
8813
8814
8815
8816
8817
8818
8819
8820
8821
8823
8824
8825
8826
8827
8828
8830
8831
8833
8834
8835
8836
8837
8838
8839
8840
8841
8842
8843
8844
8845
8846
8847
8848
8849
8850
8851
8852
8853
8854
8855
8856
8857
8858
8860
8861
8862
8863
8864
8865
8866
8867
8868
8869
8871
8872
8873
8874
8875
8876
8877
8878
8879
8880
8881
8882
8883
8884
8885
8886
8887
8888
8889
8890
8891
8892
8893
8894
8896
8897
8898
8899
8900
8901
8902
8903
8904
8905
8906
8907
8908
8910
8911
8912
8913
8914
8915
8916
8917
8918
8919
8920
8921
8922
8923
8924
8925
8926
8927
8928
8929
8930
8931
8932
8933
8934
8935
8936
8937
8938
8940
8941
8943
8944
8945
8946
8947
8948
8949
8950
8951
8952
8953
8954
8955
8956
8957
8958
8959
8960
8961
8962
8963
8964
8966
8967
8968
8969
8970
8971
8972
8973
8974
8976
8977
8978
8979
8980
8981
8982
8983
8984
8985
8987
8988
8989
8990
8991
8992
8993
8994
8995
8996
8997
8998
8999
9000
9001
9002
9003
9004
9005
9006
9007
9008
9009
9010
9011
9012
9013
9014
9015
9016
9017
9018
9019
9020
9021
9023
9024
9026
9027
9028
9029
9030
9031
9032
9033
9034
9035
9036
9037
9038
9039
9040
9041
9042
9043
9044
9045
9046
9047
9048
9049
9050
9051
9052
9053
9054
9055
9056
9057
9059
9060
9061
9063
9064
9065
9066
9067
9068
9069
9070
9071
9072
9073
9075
9076
9077
9078
9079
9081
9082
9083
9084
9085
9086
9087
9088
9089
9090
9092
9093
9094
9095
9097
9098
9099
9100
9101
9102
9103
9104
9105
9106
9107
9108
9109
9110
9111
9112
9113
9114
9115
9116
9117
9118
9120
9121
9122
9123
9124
9125
9127
9128
9129
9131
9132
9133
9134
9135
9137
9138
9139
9140
9141
9142
9143
9144
9146
9147
9148
9149
9150
9151
9152
9153
9154
9155
9156
9157
9158
9159
9160
9161
9162
9163
9164
9165
9166
9167
9168
9169
9170
9171
9172
9173
9174
9175
9176
9178
9180
9181
9182
9183
9184
9185
9186
9188
9189
9190
9191
9192
9193
9194
9195
9196
9197
9200
9201
9202
9203
9204
9205
9206
9207
9208
9209
9210
9211
9212
9213
9214
9215
9216
9217
9218
9219
9220
9221
9222
9223
9226
9227
9228
9229
9230
9231
9232
9233
9234
9235
9236
9237
9238
9239
9240
9241
9242
9243
9245
9247
9249
9250
9251
9252
9253
9254
9255
9256
9257
9258
9259
9261
9262
9263
9264
9265
9266
9267
9268
9269
9270
9271
9272
9273
9274
9276
9277
9278
9279
9280
9281
9282
9283
9284
9285
9286
9287
9289
9290
9292
9293
9294
9296
9297
9298
9299
9300
9301
9302
9303
9304
9305
9306
9307
9308
9309
9310
9311
9312
9313
9314
9315
9317
9319
9321
9322
9323
9324
9325
9326
9327
9328
9331
9332
9333
9334
9335
9336
9337
9338
9339
9340
9341
9342
9343
9344
9345
9346
9347
9348
9349
9350
9351
9352
9353
9354
9355
9356
9357
9358
9361
9362
9363
9364
9366
9367
9368
9369
9370
9371
9372
9373
9374
9375
9376
9377
9378
9379
9380
9381
9383
9384
9385
9386
9387
9388
9389
9390
9391
9392
9393
9394
9395
9397
9398
9399
9400
9402
9403
9404
9405
9406
9407
9408
9409
9410
9411
9412
9413
9414
9415
9416
9417
9418
9419
9420
9421
9422
9423
9424
9425
9426
9427
9428
9430
9431
9432
9433
9434
9435
9436
9437
9439
9440
9441
9442
9444
9445
9446
9447
9448
9449
9450
9451
9452
9453
9454
9455
9457
9459
9460
9461
9462
9463
9464
9465
9466
9467
9468
9469
9470
9471
9472
9473
9474
9475
9476
9477
9478
9479
9480
9481
9482
9483
9485
9486
9487
9488
9489
9490
9492
9493
9494
9495
9496
9497
9498
9499
9500
9501
9502
9503
9504
9505
9506
9507
9508
9509
9510
9511
9512
9513
9514
9515
9516
9517
9518
9519
9520
9521
9522
9523
9524
9525
9526
9527
9528
9529
9531
9532
9533
9534
9535
9536
9537
9538
9539
9540
9541
9542
9543
9544
9545
9546
9547
9548
9550
9551
9553
9554
9555
9556
9557
9558
9559
9560
9561
9562
9563
9564
9565
9566
9568
9569
9570
9571
9572
9573
9574
9575
9576
9578
9579
9580
9581
9582
9583
9584
9585
9586
9587
9588
9589
9590
9591
9592
9593
9594
9596
9598
9599
9602
9603
9604
9605
9607
9608
9609
9610
9611
9612
9613
9614
9615
9616
9617
9618
9619
9620
9621
9623
9625
9626
9627
9628
9630
9632
9633
9634
9635
9636
9637
9638
9639
9640
9641
9642
9643
9645
9646
9648
9649
9650
9651
9652
9653
9654
9655
9656
9657
9658
9659
9660
9661
9662
9663
9664
9665
9666
9667
9668
9669
9670
9671
9672
9673
9674
9675
9676
9677
9678
9679
9680
9681
9682
9683
9684
9685
9686
9687
9688
9689
9690
9691
9692
9694
9695
9696
9697
9698
9699
9700
9702
9703
9704
9705
9707
9708
9709
9710
9711
9712
9713
9714
9715
9716
9718
9719
9721
9722
9723
9724
9726
9727
9728
9729
9730
9731
9732
9733
9734
9735
9736
9737
9738
9739
9740
9741
9742
9743
9744
9745
9747
9748
9749
9750
9751
9752
9753
9754
9755
9757
9758
9760
9761
9762
9763
9764
9766
9767
9768
9770
9771
9772
9773
9774
9775
9776
9777
9778
9779
9780
9781
9782
9783
9784
9785
9786
9787
9788
9789
9790
9791
9793
9795
9796
9797
9798
9799
9800
9801
9802
9803
9804
9805
9806
9807
9808
9809
9810
9811
9812
9813
9814
9815
9816
9817
9818
9819
9820
9822
9823
9824
9825
9826
9827
9828
9829
9830
9831
9832
9833
9834
9835
9836
9837
9838
9839
9840
9842
9843
9844
9845
9846
9847
9848
9849
9850
9853
9854
9855
9856
9857
9858
9859
9860
9861
9862
9863
9864
9865
9866
9867
9868
9870
9871
9872
9874
9875
9876
9877
9878
9879
9880
9881
9882
9883
9884
9885
9886
9887
9888
9889
9890
9891
9892
9893
9894
9895
9896
9897
9899
9900
9903
9905
9906
9907
9908
9909
9910
9911
9912
9914
9915
9916
9917
9919
9920
9921
9922
9923
9925
9926
9927
9928
9930
9931
9932
9933
9934
9935
9936
9938
9939
9940
9941
9942
9943
9944
9945
9946
9947
9948
9949
9950
9951
9952
9953
9954
9955
9956
9958
9959
9960
9962
9963
9964
9966
9967
9968
9969
9970
9971
9972
9973
9974
9975
9976
9977
9978
9979
9980
9981
9982
9983
9984
9985
9986
9987
9988
9989
9990
9991
9992
9994
9995
9996
9997
9998
9999
10000
10002
10003
10004
10005
10006
10007
10008
10009
10010
10012
10013
10014
10015
10016
10017
10018
10020
10021
10022
10023
10024
10025
10027
10028
10029
10030
10031
10032
10033
10034
10035
10036
10037
10038
10039
10040
10041
10042
10043
10044
10045
10046
10047
10049
10050
10052
10053
10054
10055
10057
10058
10059
10060
10061
10063
10065
10066
10067
10069
10070
10071
10072
10073
10074
10076
10077
10078
10079
10080
10082
10083
10084
10086
10087
10088
10089
10090
10092
10093
10095
10098
10099
10101
10102
10103
10104
10105
10106
10108
10109
10110
10111
10112
10113
10114
10115
10116
10118
10119
10120
10121
10122
10123
10124
10125
10126
10128
10130
10131
10132
10133
10134
10135
10137
10138
10139
10140
10141
10142
10143
10144
10146
10150
10151
10152
10153
10155
10156
10158
10159
10160
10162
10163
10165
10166
10167
10168
10169
10171
10172
10173
10174
10175
10176
10177
10178
10179
10181
10182
10183
10184
10185
10186
10187
10188
10189
10190
10191
10192
10193
10194
10195
10196
10197
10198
10199
10200
10201
10202
10203
10204
10205
10206
10207
10208
10209
10210
10211
10212
10213
10215
10217
10218
10219
10220
10222
10223
10225
10226
10227
10229
10230
10231
10232
10233
10234
10235
10236
10238
10239
10240
10241
10242
10243
10244
10245
10246
10247
10248
10249
10250
10251
10252
10253
10254
10255
10256
10257
10258
10259
10260
10262
10263
10264
10265
10266
10267
10268
10269
10270
10271
10272
10273
10274
10275
10277
10278
10279
10281
10282
10283
10284
10285
10286
10287
10288
10289
10290
10291
10292
10293
10294
10296
10297
10298
10299
10300
10301
10302
10304
10305
10306
10307
10308
10309
10310
10311
10312
10313
10314
10315
10316
10317
10318
10319
10320
10321
10322
10324
10325
10326
10327
10329
10330
10331
10332
10333
10334
10335
10337
10338
10339
10340
10341
10342
10343
10344
10345
10346
10349
10350
10351
10352
10353
10354
10355
10356
10357
10358
10360
10361
10362
10364
10365
10366
10367
10368
10369
10371
10372
10373
10374
10375
10376
10377
10378
10379
10380
10381
10382
10383
10384
10385
10386
10388
10390
10391
10392
10393
10394
10396
10397
10398
10399
10400
10401
10402
10403
10404
10405
10406
10407
10408
10410
10411
10412
10413
10415
10416
10417
10419
10420
10421
10424
10425
10426
10427
10428
10429
10430
10431
10432
10433
10434
10435
10436
10437
10439
10440
10441
10442
10443
10445
10446
10447
10450
10451
10452
10453
10454
10455
10456
10457
10458
10459
10460
10461
10462
10463
10464
10465
10466
10467
10468
10469
10470
10471
10472
10473
10474
10476
10478
10479
10480
10481
10482
10483
10484
10485
10486
10487
10488
10489
10490
10491
10492
10493
10494
10495
10497
10498
10499
10500
10501
10502
10503
10504
10505
10506
10507
10508
10509
10511
10512
10516
10517
10518
10519
10520
10521
10522
10523
10524
10525
10527
10528
10529
10530
10531
10532
10533
10534
10535
10536
10537
10538
10539
10540
10542
10543
10544
10545
10547
10548
10549
10550
10551
10552
10553
10554
10555
10557
10558
10559
10560
10561
10562
10563
10564
10565
10566
10569
10570
10571
10572
10573
10574
10576
10577
10578
10579
10580
10582
10583
10584
10585
10586
10587
10588
10589
10590
10591
10592
10593
10594
10595
10596
10597
10598
10599
10600
10601
10602
10603
10604
10605
10606
10607
10608
10609
10610
10611
10612
10613
10614
10615
10616
10617
10618
10619
10620
10621
10623
10624
10625
10626
10627
10628
10629
10630
10631
10632
10633
10634
10635
10636
10637
10638
10639
10640
10641
10642
10643
10644
10646
10647
10649
10650
10652
10653
10654
10655
10656
10657
10658
10659
10660
10661
10662
10663
10664
10665
10666
10667
10669
10671
10672
10673
10674
10675
10677
10678
10679
10680
10681
10682
10683
10684
10685
10686
10690
10691
10694
10695
10696
10697
10698
10699
10700
10701
10702
10703
10705
10706
10708
10709
10710
10711
10712
10713
10714
10715
10716
10717
10720
10721
10722
10723
10724
10725
10726
10727
10728
10729
10730
10731
10732
10733
10734
10736
10737
10738
10739
10740
10741
10742
10743
10744
10746
10747
10749
10751
10752
10753
10755
10756
10757
10758
10759
10760
10761
10762
10763
10764
10765
10766
10767
10768
10769
10770
10771
10772
10773
10774
10775
10776
10777
10778
10779
10781
10782
10783
10784
10785
10786
10787
10788
10789
10790
10791
10792
10793
10794
10795
10796
10797
10798
10799
10800
10801
10804
10806
10807
10808
10810
10811
10813
10814
10816
10817
10818
10819
10820
10822
10823
10824
10825
10826
10828
10829
10830
10831
10832
10834
10835
10836
10837
10838
10839
10840
10841
10842
10843
10844
10845
10846
10847
10849
10851
10852
10853
10854
10855
10856
10857
10858
10859
10860
10861
10862
10863
10864
10865
10866
10867
10868
10869
10870
10872
10873
10874
10875
10876
10877
10878
10882
10883
10884
10885
10886
10887
10888
10889
10890
10891
10892
10893
10894
10895
10896
10897
10898
10899
10901
10902
10903
10904
10905
10906
10908
10910
10911
10912
10913
10914
10916
10917
10918
10919
10921
10922
10923
10924
10925
10926
10927
10928
10929
10930
10931
10932
10933
10934
10936
10937
10938
10939
10940
10941
10944
10946
10947
10948
10949
10950
10951
10952
10953
10954
10955
10956
10957
10958
10959
10960
10961
10962
10963
10964
10965
10966
10967
10968
10969
10970
10971
10972
10973
10974
10975
10976
10977
10978
10979
10980
10981
10982
10984
10985
10986
10987
10988
10989
10990
10991
10992
10993
10994
10995
10996
10997
10999
11000
11001
11002
11003
11004
11006
11007
11008
11009
11010
11011
11012
11013
11014
11015
11016
11017
11018
11019
11020
11021
11022
11023
11024
11025
11026
11028
11030
11031
11033
11034
11035
11036
11038
11039
11040
11041
11043
11044
11045
11046
11047
11048
11049
11051
11052
11053
11054
11055
11057
11058
11059
11061
11062
11063
11064
11065
11066
11067
11068
11069
11071
11072
11073
11074
11075
11076
11077
11078
11079
11080
11081
11082
11083
11084
11085
11086
11087
11088
11089
11090
11091
11092
11093
11094
11095
11096
11097
11098
11099
11100
11101
11102
11105
11106
11107
11108
11109
11110
11112
11113
11114
11116
11117
11118
11119
11120
11121
11122
11123
11124
11125
11126
11127
11128
11129
11130
11132
11133
11134
11135
11136
11137
11139
11140
11141
11142
11143
11144
11145
11146
11147
11148
11149
11150
11151
11152
11153
11154
11155
11156
11157
11158
11159
11160
11161
11162
11163
11164
11165
11166
11167
11168
11169
11170
11171
11172
11173
11174
11175
11176
11177
11178
11179
11180
11181
11182
11183
11184
11185
11186
11187
11188
11189
11190
11192
11193
11194
11195
11196
11197
11198
11201
11202
11203
11205
11206
11207
11208
11209
11210
11211
11212
11214
11215
11217
11218
11219
11220
11221
11222
11223
11224
11225
11227
11228
11229
11230
11231
11232
11233
11234
11235
11236
11237
11238
11239
11240
11241
11242
11243
11244
11245
11246
11247
11248
11249
11250
11251
11252
11253
11254
11255
11256
11257
11258
11260
11261
11262
11263
11264
11265
11266
11267
11268
11269
11270
11271
11272
11273
11274
11276
11277
11278
11279
11280
11282
11283
11284
11285
11286
11287
11288
11289
11290
11291
11292
11293
11294
11295
11296
11297
11298
11299
11300
11301
11303
11304
11305
11306
11307
11308
11310
11311
11312
11313
11314
11315
11316
11317
11318
11319
11320
11321
11322
11323
11324
11325
11326
11327
11329
11330
11331
11332
11333
11334
11336
11337
11338
11339
11340
11341
11342
11343
11344
11346
11347
11348
11349
11350
11351
11352
11353
11354
11355
11356
11357
11358
11359
11360
11361
11362
11363
11365
11366
11367
11368
11369
11370
11371
11372
11374
11376
11377
11378
11379
11380
11381
11382
11383
11384
11385
11386
11387
11388
11389
11390
11391
11393
11394
11395
11396
11397
11398
11399
11400
11401
11402
11404
11406
11407
11408
11409
11411
11412
11413
11414
11415
11417
11419
11420
11421
11422
11424
11425
11426
11427
11428
11429
11430
11431
11432
11433
11434
11435
11436
11437
11438
11439
11440
11441
11442
11444
11447
11448
11449
11450
11451
11452
11453
11454
11455
11456
11457
11459
11461
11463
11464
11465
11466
11467
11468
11469
11470
11472
11473
11474
11475
11477
11478
11480
11481
11482
11483
11484
11485
11486
11488
11489
11490
11491
11492
11493
11494
11495
11496
11497
11498
11500
11501
11502
11503
11504
11505
11506
11507
11508
11509
11510
11511
11513
11514
11516
11517
11518
11519
11521
11523
11524
11525
11526
11527
11528
11530
11531
11532
11533
11534
11535
11537
11538
11539
11540
11541
11543
11544
11545
11546
11547
11548
11549
11550
11551
11552
11553
11554
11555
11556
11557
11559
11560
11561
11563
11564
11565
11566
11567
11568
11569
11570
11572
11573
11574
11576
11579
11580
11583
11584
11585
11587
11590
11591
11592
11593
11594
11595
11596
11597
11598
11600
11601
11602
11603
11604
11605
11606
11607
11609
11610
11611
11612
11613
11614
11615
11616
11617
11618
11619
11620
11621
11622
11623
11625
11626
11627
11628
11629
11630
11631
11632
11633
11635
11636
11637
11639
11640
11641
11642
11644
11645
11646
11648
11649
11650
11651
11652
11653
11654
11655
11656
11657
11658
11659
11660
11661
11662
11663
11664
11665
11666
11667
11668
11669
11670
11671
11672
11673
11674
11675
11676
11677
11678
11679
11680
11681
11682
11683
11684
11685
11686
11687
11688
11689
11690
11691
11692
11693
11694
11695
11696
11697
11698
11699
11700
11701
11702
11703
11704
11706
11707
11708
11709
11710
11712
11714
11715
11716
11717
11718
11719
11720
11721
11722
11723
11724
11725
11726
11727
11728
11729
11731
11733
11734
11735
11737
11740
11741
11742
11743
11744
11745
11746
11747
11748
11750
11751
11752
11753
11754
11756
11757
11758
11759
11760
11761
11762
11763
11764
11765
11766
11767
11768
11769
11770
11771
11772
11774
11776
11778
11779
11780
11781
11782
11783
11784
11785
11786
11787
11788
11789
11790
11791
11792
11794
11795
11797
11798
11799
11800
11801
11803
11804
11805
11806
11807
11808
11810
11811
11813
11814
11815
11816
11817
11818
11819
11820
11821
11822
11823
11824
11825
11827
11829
11830
11831
11832
11833
11834
11835
11836
11837
11838
11839
11840
11842
11844
11845
11846
11847
11848
11850
11851
11852
11853
11855
11856
11857
11858
11859
11861
11862
11863
11864
11865
11868
11870
11871
11872
11873
11874
11875
11876
11877
11878
11879
11880
11881
11882
11883
11884
11885
11886
11888
11889
11890
11892
11893
11894
11895
11896
11897
11898
11899
11900
11901
11902
11903
11904
11905
11906
11908
11909
11910
11911
11912
11914
11915
11916
11917
11918
11919
11920
11921
11922
11923
11924
11925
11926
11927
11928
11930
11931
11932
11933
11934
11936
11937
11938
11939
11940
11941
11942
11943
11944
11946
11947
11948
11949
11950
11951
11952
11953
11954
11955
11956
11957
11958
11959
11960
11961
11962
11963
11964
11965
11966
11967
11968
11969
11971
11972
11973
11974
11975
11976
11977
11978
11979
11981
11982
11983
11984
11985
11986
11987
11988
11990
11991
11992
11993
11994
11995
11997
11998
11999
12000
12001
12003
12004
12006
12008
12009
12010
12011
12013
12015
12017
12018
12019
12021
12022
12023
12024
12025
12026
12028
12029
12030
12031
12033
12034
12035
12036
12037
12038
12039
12040
12041
12043
12044
12045
12046
12048
12049
12050
12051
12052
12053
12054
12055
12056
12057
12058
12059
12060
12061
12062
12064
12065
12066
12067
12068
12069
12070
12071
12072
12073
12074
12076
12077
12078
12079
12080
12081
12082
12083
12084
12085
12086
12087
12088
12089
12090
12091
12092
12093
12095
12096
12097
12098
12099
12100
12101
12102
12103
12104
12105
12106
12109
12110
12112
12113
12114
12115
12116
12117
12118
12119
12120
12121
12123
12124
12125
12126
12128
12129
12130
12131
12132
12133
12134
12136
12137
12138
12139
12140
12141
12142
12143
12145
12146
12147
12148
12149
12150
12151
12152
12153
12154
12155
12156
12157
12158
12159
12160
12161
12162
12163
12164
12165
12166
12167
12168
12169
12171
12172
12173
12174
12176
12177
12178
12179
12180
12181
12182
12183
12184
12185
12187
12188
12189
12190
12192
12193
12194
12195
12196
12197
12198
12199
12200
12201
12202
12204
12205
12206
12207
12208
12210
12211
12212
12213
12214
12215
12216
12217
12218
12219
12221
12222
12223
12224
12225
12227
12228
12229
12230
12232
12233
12234
12235
12236
12237
12238
12239
12240
12241
12242
12243
12244
12246
12247
12249
12250
12253
12254
12255
12258
12259
12261
12262
12263
12264
12265
12266
12268
12269
12270
12271
12272
12273
12274
12275
12277
12278
12279
12280
12281
12282
12283
12285
12286
12287
12288
12291
12292
12293
12294
12295
12296
12297
12298
12300
12301
12304
12305
12306
12307
12308
12309
12310
12311
12312
12313
12314
12315
12316
12317
12320
12321
12322
12323
12325
12326
12327
12331
12333
12334
12335
12336
12337
12338
12339
12340
12342
12343
12344
12345
12346
12347
12348
12349
12350
12351
12352
12353
12354
12355
12356
12357
12358
12359
12360
12361
12362
12363
12364
12365
12366
12367
12368
12370
12371
12373
12375
12376
12377
12378
12379
12380
12381
12383
12385
12386
12387
12388
12389
12390
12391
12392
12393
12394
12395
12396
12397
12398
12399
12400
12401
12402
12403
12404
12405
12406
12407
12408
12410
12411
12412
12413
12414
12415
12416
12417
12418
12419
12420
12421
12422
12423
12424
12425
12426
12427
12429
12430
12431
12432
12433
12435
12436
12437
12438
12439
12440
12441
12442
12443
12444
12447
12448
12449
12450
12451
12452
12453
12454
12455
12456
12458
12459
12460
12461
12462
12463
12464
12465
12466
12467
12468
12470
12471
12473
12474
12476
12477
12478
12480
12481
12482
12483
12484
12485
12486
12487
12488
12489
12490
12491
12492
12493
12494
12495
12496
12497
12498
12499
12500
12501
12502
12503
12505
12506
12507
12508
12509
12510
12511
12512
12513
12514
12515
12516
12517
12518
12519
12520
12521
12523
12524
12525
12526
12527
12528
12529
12531
12532
12533
12534
12535
12536
12537
12538
12539
12540
12541
12544
12546
12547
12548
12549
12550
12551
12552
12553
12554
12555
12556
12557
12558
12559
12560
12561
12563
12564
12566
12567
12568
12569
12570
12571
12572
12573
12574
12575
12576
12577
12578
12579
12580
12581
12582
12583
12584
12585
12586
12587
12588
12593
12594
12595
12596
12597
12601
12602
12603
12604
12606
12607
12608
12609
12610
12611
12612
12613
12614
12615
12616
12617
12618
12619
12620
12621
12622
12623
12624
12625
12626
12627
12629
12630
12631
12634
12635
12636
12637
12638
12639
12640
12641
12642
12643
12644
12645
12646
12647
12648
12649
12650
12652
12653
12654
12655
12656
12657
12659
12661
12662
12663
12664
12665
12667
12668
12669
12670
12671
12672
12673
12674
12675
12676
12678
12679
12680
12681
12682
12683
12684
12685
12687
12688
12689
12692
12693
12694
12695
12697
12698
12699
12700
12701
12702
12703
12704
12705
12706
12707
12709
12710
12711
12712
12713
12714
12715
12717
12718
12719
12720
12721
12722
12723
12724
12725
12726
12727
12731
12732
12733
12734
12735
12736
12737
12738
12739
12740
12741
12742
12743
12744
12745
12747
12748
12749
12750
12752
12753
12754
12755
12756
12757
12758
12759
12760
12761
12762
12763
12765
12766
12767
12768
12769
12770
12771
12772
12773
12774
12775
12776
12777
12778
12779
12780
12781
12782
12784
12785
12786
12787
12788
12789
12791
12792
12793
12794
12795
12796
12797
12798
12799
12800
12801
12802
12803
12804
12805
12806
12807
12808
12809
12811
12812
12813
12814
12815
12816
12817
12819
12821
12822
12823
12824
12825
12826
12828
12829
12830
12832
12833
12834
12836
12837
12838
12840
12841
12842
12843
12844
12845
12846
12847
12848
12849
12850
12851
12852
12853
12854
12855
12856
12857
12858
12860
12861
12863
12864
12865
12866
12867
12868
12870
12871
12872
12873
12874
12875
12876
12877
12878
12880
12881
12882
12883
12884
12887
12888
12889
12890
12891
12892
12893
12894
12895
12896
12897
12898
12899
12900
12901
12903
12904
12906
12907
12908
12909
12910
12911
12912
12913
12914
12915
12917
12918
12919
12920
12921
12922
12923
12924
12925
12926
12927
12928
12929
12930
12931
12932
12934
12935
12936
12937
12938
12939
12941
12942
12943
12945
12946
12947
12948
12949
12950
12951
12952
12953
12954
12955
12957
12958
12959
12960
12961
12962
12963
12964
12965
12966
12967
12968
12969
12972
12974
12975
12976
12977
12979
12980
12981
12982
12983
12984
12985
12986
12987
12988
12991
12993
12994
12995
12996
12997
12998
12999
13000
13001
13002
13003
13004
13005
13006
13007
13008
13009
13011
13012
13013
13014
13015
13016
13017
13019
13021
13022
13023
13024
13026
13027
13029
13030
13031
13033
13034
13035
13036
13037
13038
13039
13040
13041
13042
13043
13044
13045
13046
13047
13048
13049
13050
13051
13053
13054
13055
13056
13057
13058
13059
13060
13061
13062
13063
13064
13065
13066
13067
13068
13069
13071
13072
13073
13075
13076
13077
13079
13080
13081
13082
13083
13084
13085
13086
13087
13088
13089
13091
13092
13093
13094
13095
13096
13097
13099
13100
13101
13102
13103
13105
13106
13107
13108
13109
13110
13111
13112
13114
13116
13118
13119
13120
13121
13122
13123
13124
13125
13126
13128
13129
13130
13131
13132
13135
13136
13137
13138
13139
13140
13141
13142
13143
13144
13145
13146
13147
13148
13150
13151
13152
13153
13154
13155
13157
13158
13159
13160
13161
13162
13163
13165
13166
13169
13170
13171
13172
13173
13175
13176
13177
13178
13179
13180
13181
13182
13183
13184
13185
13186
13187
13188
13190
13191
13192
13193
13194
13196
13198
13199
13200
13201
13202
13203
13204
13205
13207
13208
13209
13210
13211
13212
13213
13214
13215
13216
13217
13218
13219
13220
13221
13222
13223
13224
13226
13227
13228
13229
13230
13232
13233
13234
13235
13236
13237
13238
13239
13240
13241
13242
13243
13244
13245
13246
13248
13249
13250
13251
13252
13253
13254
13255
13256
13257
13258
13259
13260
13262
13263
13264
13265
13266
13267
13268
13269
13270
13271
13272
13273
13274
13275
13276
13277
13278
13279
13280
13281
13282
13283
13284
13285
13286
13287
13288
13289
13290
13293
13295
13296
13297
13299
13300
13301
13303
13304
13305
13306
13307
13308
13309
13310
13311
13312
13314
13315
13316
13317
13319
13320
13322
13323
13324
13325
13326
13329
13330
13331
13332
13333
13335
13336
13337
13338
13339
13340
13341
13343
13345
13346
13348
13350
13351
13352
13353
13354
13355
13356
13357
13358
13359
13360
13362
13363
13364
13365
13366
13367
13368
13369
13370
13371
13372
13373
13374
13375
13376
13378
13379
13380
13382
13383
13384
13385
13386
13387
13388
13389
13390
13392
13393
13394
13395
13396
13397
13398
13399
13400
13402
13403
13404
13405
13406
13407
13408
13409
13410
13411
13412
13413
13414
13415
13416
13417
13418
13419
13421
13422
13423
13424
13425
13426
13427
13428
13429
13430
13432
13433
13434
13435
13437
13438
13439
13440
13441
13442
13443
13444
13445
13447
13448
13449
13450
13451
13452
13453
13454
13455
13457
13458
13459
13460
13462
13463
13464
13467
13468
13469
13470
13473
13474
13475
13477
13478
13479
13480
13481
13482
13483
13485
13486
13487
13488
13489
13491
13492
13494
13496
13497
13498
13499
13501
13502
13503
13504
13505
13506
13507
13508
13509
13510
13511
13512
13513
13514
13515
13518
13519
13520
13521
13522
13523
13524
13525
13527
13528
13529
13533
13534
13535
13536
13537
13538
13539
13540
13541
13542
13543
13544
13545
13546
13547
13548
13550
13552
13553
13554
13555
13556
13557
13558
13559
13560
13561
13562
13563
13564
13565
13567
13568
13569
13570
13571
13572
13573
13574
13575
13576
13577
13578
13579
13580
13581
13582
13583
13584
13585
13586
13587
13588
13590
13591
13592
13593
13594
13595
13596
13597
13598
13599
13600
13601
13602
13604
13605
13606
13607
13608
13609
13610
13611
13612
13613
13614
13615
13616
13617
13618
13620
13621
13623
13624
13625
13626
13627
13628
13629
13630
13631
13632
13633
13634
13635
13636
13637
13638
13640
13642
13643
13644
13646
13647
13648
13649
13650
13651
13652
13653
13654
13655
13657
13658
13660
13661
13662
13663
13664
13665
13666
13667
13668
13669
13670
13671
13672
13673
13674
13675
13676
13677
13679
13681
13682
13683
13684
13685
13687
13688
13689
13690
13693
13694
13695
13696
13697
13698
13699
13701
13702
13703
13704
13705
13706
13707
13708
13709
13710
13712
13713
13714
13715
13716
13717
13718
13719
13721
13722
13723
13724
13725
13726
13727
13728
13729
13730
13731
13732
13733
13734
13736
13738
13741
13742
13744
13745
13746
13747
13748
13749
13750
13751
13752
13753
13754
13755
13756
13757
13758
13759
13760
13761
13762
13763
13764
13765
13766
13767
13768
13769
13772
13773
13775
13777
13778
13779
13780
13781
13783
13784
13786
13787
13789
13791
13792
13793
13794
13795
13797
13799
13800
13801
13802
13803
13804
13805
13806
13808
13809
13810
13812
13813
13814
13816
13817
13818
13819
13820
13821
13822
13823
13824
13825
13826
13827
13830
13831
13832
13833
13834
13835
13837
13838
13839
13840
13841
13842
13843
13844
13845
13846
13847
13848
13849
13850
13851
13852
13853
13854
13855
13856
13857
13859
13860
13861
13862
13863
13864
13865
13866
13867
13868
13870
13872
13873
13874
13875
13876
13878
13879
13880
13881
13882
13884
13885
13888
13890
13891
13892
13893
13894
13895
13897
13898
13899
13900
13901
13902
13903
13906
13907
13908
13909
13910
13911
13912
13913
13914
13915
13917
13918
13920
13921
13923
13924
13925
13926
13927
13928
13929
13932
13933
13934
13935
13936
13938
13939
13940
13942
13943
13944
13945
13946
13947
13948
13950
13951
13954
13955
13957
13959
13960
13961
13962
13963
13964
13965
13967
13968
13969
13970
13971
13972
13973
13974
13975
13976
13977
13979
13980
13982
13983
13984
13985
13986
13987
13988
13989
13990
13991
13992
13993
13995
13996
13997
13998
13999
14000
14003
14004
14005
14006
14007
14008
14009
14010
14011
14012
14013
14014
14015
14016
14018
14019
14020
14021
14022
14023
14024
14025
14026
14028
14029
14030
14031
14032
14034
14035
14036
14037
14038
14039
14040
14041
14045
14046
14047
14048
14050
14051
14053
14055
14056
14058
14059
14060
14061
14064
14065
14066
14067
14069
14071
14072
14074
14075
14076
14077
14078
14079
14080
14081
14082
14083
14084
14086
14087
14088
14089
14090
14091
14092
14093
14094
14095
14096
14097
14098
14100
14103
14104
14105
14106
14107
14108
14109
14110
14111
14113
14114
14115
14116
14117
14118
14119
14120
14121
14122
14123
14124
14125
14128
14129
14130
14131
14133
14134
14135
14136
14137
14138
14141
14142
14143
14144
14145
14146
14147
14148
14149
14151
14152
14153
14154
14155
14156
14157
14158
14159
14160
14161
14162
14163
14164
14165
14166
14167
14168
14169
14170
14171
14172
14174
14175
14176
14177
14178
14179
14180
14181
14182
14183
14184
14185
14186
14188
14189
14190
14191
14192
14193
14194
14195
14197
14198
14199
14200
14201
14202
14203
14204
14205
14206
14208
14209
14210
14211
14212
14213
14214
14215
14217
14218
14219
14220
14221
14222
14223
14224
14225
14226
14227
14228
14229
14230
14231
14232
14233
14234
14235
14236
14237
14238
14239
14240
14241
14242
14243
14244
14245
14246
14247
14248
14249
14250
14251
14252
14254
14255
14256
14257
14258
14259
14260
14261
14262
14263
14264
14265
14266
14267
14268
14269
14270
14271
14272
14273
14274
14275
14276
14277
14279
14280
14282
14283
14284
14285
14287
14288
14289
14290
14291
14292
14293
14294
14295
14296
14297
14298
14299
14300
14301
14303
14304
14305
14306
14307
14308
14311
14312
14314
14315
14318
14319
14320
14322
14323
14324
14325
14326
14327
14328
14330
14331
14332
14333
14334
14335
14336
14337
14338
14339
14340
14341
14342
14343
14344
14345
14346
14347
14348
14349
14351
14352
14354
14355
14356
14358
14359
14360
14361
14362
14365
14367
14369
14370
14371
14372
14373
14374
14375
14376
14377
14378
14379
14380
14381
14382
14383
14384
14385
14386
14387
14388
14389
14390
14391
14392
14393
14394
14395
14398
14399
14400
14401
14402
14403
14404
14405
14406
14407
14408
14409
14410
14411
14412
14413
14414
14415
14416
14417
14418
14419
14420
14421
14422
14423
14426
14427
14428
14429
14430
14431
14432
14434
14435
14436
14437
14438
14440
14441
14442
14443
14444
14445
14446
14447
14448
14449
14450
14451
14452
14453
14454
14455
14456
14457
14458
14459
14460
14461
14462
14463
14465
14466
14467
14468
14469
14470
14471
14472
14473
14475
14476
14477
14478
14481
14482
14484
14485
14486
14488
14489
14490
14492
14493
14495
14496
14497
14498
14499
14500
14501
14502
14505
14506
14507
14508
14511
14512
14513
14515
14516
14517
14518
14519
14520
14522
14523
14524
14525
14526
14527
14528
14529
14531
14532
14533
14534
14536
14537
14538
14539
14540
14541
14542
14543
14544
14545
14546
14547
14548
14549
14551
14552
14553
14554
14555
14556
14557
14559
14560
14561
14562
14563
14564
14565
14566
14567
14569
14570
14571
14572
14573
14574
14575
14577
14578
14580
14581
14583
14585
14586
14587
14588
14589
14590
14591
14592
14593
14594
14595
14596
14598
14599
14600
14601
14602
14603
14605
14606
14607
14608
14609
14610
14611
14612
14613
14614
14615
14616
14617
14618
14619
14620
14621
14622
14623
14624
14625
14626
14627
14628
14629
14630
14631
14632
14634
14636
14637
14639
14641
14642
14643
14645
14646
14647
14648
14649
14650
14652
14653
14654
14656
14657
14658
14659
14660
14661
14663
14664
14665
14669
14670
14671
14673
14674
14676
14677
14678
14679
14680
14681
14682
14683
14684
14685
14687
14688
14689
14690
14691
14692
14693
14695
14696
14697
14698
14699
14701
14702
14703
14704
14705
14706
14707
14708
14709
14710
14711
14712
14713
14714
14717
14718
14720
14721
14722
14723
14725
14726
14727
14728
14730
14731
14732
14733
14734
14735
14736
14737
14738
14739
14740
14741
14744
14745
14746
14748
14749
14750
14751
14752
14753
14754
14755
14756
14759
14760
14761
14762
14763
14764
14765
14770
14771
14772
14773
14774
14775
14777
14778
14779
14780
14781
14782
14783
14784
14785
14786
14787
14788
14789
14790
14791
14792
14793
14794
14795
14796
14798
14799
14800
14801
14802
14803
14805
14807
14808
14809
14810
14811
14812
14813
14816
14817
14818
14819
14820
14821
14822
14823
14824
14825
14826
14827
14828
14829
14830
14832
14833
14834
14835
14836
14837
14838
14839
14840
14842
14843
14844
14845
14846
14848
14849
14850
14852
14853
14854
14855
14856
14857
14858
14859
14860
14861
14862
14863
14864
14865
14866
14867
14868
14869
14870
14871
14872
14873
14874
14876
14877
14880
14881
14882
14883
14884
14885
14886
14887
14888
14889
14890
14891
14892
14893
14894
14896
14897
14898
14901
14902
14903
14904
14905
14906
14907
14908
14909
14910
14911
14912
14913
14914
14915
14916
14917
14918
14921
14922
14923
14926
14927
14928
14931
14932
14933
14934
14935
14936
14938
14939
14940
14943
14944
14945
14946
14947
14949
14950
14951
14952
14953
14955
14956
14957
14958
14959
14960
14961
14962
14963
14964
14965
14967
14968
14969
14970
14971
14972
14973
14974
14975
14976
14977
14978
14979
14980
14981
14982
14983
14984
14985
14986
14988
14989
14990
14991
14992
14993
14994
14995
14996
14997
14999
15000
15001
15002
15003
15004
15005
15006
15007
15008
15009
15010
15011
15012
15013
15015
15016
15017
15018
15019
15020
15023
15024
15025
15026
15027
15028
15029
15030
15031
15032
15035
15036
15037
15038
15039
15040
15041
15042
15043
15044
15045
15046
15047
15048
15049
15050
15051
15052
15053
15055
15056
15057
15058
15059
15060
15062
15063
15064
15065
15066
15067
15068
15069
15071
15072
15074
15076
15077
15078
15080
15081
15082
15083
15086
15087
15088
15089
15090
15092
15093
15094
15095
15096
15097
15098
15099
15100
15101
15103
15106
15107
15108
15110
15112
15114
15115
15116
15117
15118
15119
15120
15121
15123
15124
15125
15127
15128
15129
15130
15131
15132
15133
15135
15136
15137
15140
15141
15142
15144
15145
15146
15147
15149
15150
15152
15153
15155
15156
15158
15161
15162
15164
15165
15166
15167
15168
15170
15171
15172
15173
15174
15175
15176
15177
15178
15180
15181
15182
15183
15184
15185
15186
15189
15190
15191
15192
15193
15194
15196
15197
15198
15199
15200
15201
15202
15203
15204
15205
15206
15207
15208
15209
15210
15211
15212
15213
15214
15215
15216
15217
15218
15219
15220
15221
15222
15224
15225
15226
15227
15228
15229
15230
15232
15233
15234
15235
15236
15238
15239
15240
15241
15242
15243
15244
15246
15248
15249
15250
15251
15252
15254
15256
15257
15259
15260
15262
15263
15264
15265
15266
15267
15268
15269
15270
15271
15272
15273
15274
15275
15277
15278
15279
15280
15282
15284
15285
15286
15287
15288
15289
15290
15291
15292
15293
15294
15295
15296
15297
15298
15299
15300
15301
15302
15303
15304
15305
15306
15308
15309
15310
15311
15312
15313
15314
15316
15317
15318
15319
15321
15322
15324
15325
15326
15327
15328
15329
15330
15331
15332
15333
15334
15335
15336
15337
15338
15339
15340
15341
15342
15343
15344
15345
15346
15347
15349
15350
15352
15354
15355
15359
15360
15361
15362
15363
15365
15366
15367
15369
15370
15371
15372
15373
15374
15375
15376
15377
15379
15380
15381
15382
15383
15384
15385
15386
15387
15388
15389
15390
15391
15392
15393
15394
15395
15397
15398
15399
15400
15401
15402
15403
15404
15405
15406
15407
15408
15409
15410
15411
15412
15414
15415
15416
15417
15418
15420
15421
15422
15423
15424
15425
15426
15427
15428
15429
15430
15431
15432
15433
15435
15436
15437
15438
15439
15440
15441
15443
15444
15445
15446
15448
15449
15450
15451
15452
15455
15456
15458
15460
15462
15463
15464
15465
15466
15467
15468
15470
15471
15472
15473
15474
15475
15476
15477
15478
15480
15482
15483
15484
15485
15486
15487
15488
15489
15491
15492
15493
15494
15495
15496
15497
15499
15500
15501
15503
15504
15505
15506
15507
15508
15511
15512
15513
15514
15515
15516
15517
15518
15519
15521
15522
15523
15524
15525
15526
15527
15528
15529
15530
15531
15532
15533
15535
15536
15537
15540
15541
15542
15544
15545
15546
15547
15548
15550
15551
15552
15553
15554
15555
15556
15557
15559
15560
15561
15562
15563
15564
15565
15566
15567
15568
15569
15570
15571
15572
15573
15574
15575
15576
15577
15578
15579
15580
15581
15582
15583
15584
15585
15586
15587
15588
15589
15591
15592
15593
15594
15595
15596
15597
15598
15599
15600
15601
15602
15603
15604
15605
15606
15607
15608
15609
15610
15612
15614
15615
15616
15617
15618
15619
15620
15621
15622
15623
15624
15625
15626
15627
15628
15631
15632
15633
15634
15635
15636
15638
15639
15640
15641
15643
15644
15645
15646
15647
15648
15649
15651
15653
15654
15655
15656
15659
15660
15661
15662
15663
15664
15665
15666
15667
15668
15669
15670
15672
15673
15674
15675
15676
15677
15679
15680
15683
15684
15685
15686
15687
15688
15689
15690
15692
15693
15694
15695
15696
15697
15698
15699
15700
15701
15703
15704
15705
15706
15707
15708
15710
15711
15714
15715
15716
15717
15718
15719
15720
15721
15722
15724
15725
15726
15727
15728
15731
15732
15733
15734
15735
15736
15737
15738
15739
15740
15741
15742
15743
15745
15746
15747
15748
15749
15750
15751
15752
15753
15754
15756
15758
15759
15764
15765
15766
15767
15768
15769
15770
15771
15772
15773
15774
15775
15776
15777
15778
15780
15781
15782
15783
15784
15785
15786
15787
15788
15789
15790
15792
15793
15794
15795
15796
15797
15799
15802
15803
15804
15805
15806
15807
15808
15809
15810
15811
15812
15813
15814
15815
15816
15818
15819
15820
15821
15822
15823
15824
15825
15827
15828
15829
15830
15831
15832
15833
15835
15836
15837
15838
15839
15840
15842
15843
15845
15846
15847
15848
15849
15851
15853
15854
15855
15856
15857
15858
15859
15860
15861
15862
15863
15865
15866
15867
15868
15869
15872
15873
15874
15875
15876
15877
15878
15879
15880
15882
15883
15884
15885
15886
15887
15888
15889
15891
15892
15893
15894
15895
15896
15897
15898
15899
15900
15902
15903
15904
15906
15907
15908
15909
15910
15911
15912
15913
15915
15916
15917
15918
15919
15920
15921
15922
15923
15924
15926
15927
15929
15932
15933
15934
15936
15937
15938
15941
15943
15944
15945
15946
15947
15948
15949
15950
15951
15953
15955
15956
15957
15958
15959
15961
15962
15963
15964
15965
15966
15968
15969
15970
15971
15972
15973
15975
15977
15978
15979
15980
15981
15982
15983
15985
15987
15988
15990
15991
15992
15994
15995
15996
15997
15998
15999
16000
16001
16002
16004
16005
16006
16007
16009
16010
16011
16012
16015
16016
16017
16018
16019
16020
16021
16022
16023
16024
16025
16026
16027
16028
16030
16031
16032
16033
16034
16035
16036
16037
16038
16039
16040
16041
16042
16043
16044
16045
16046
16047
16048
16049
16050
16051
16052
16053
16054
16055
16056
16057
16058
16059
16060
16061
16062
16064
16065
16066
16067
16068
16069
16070
16071
16073
16074
16075
16076
16077
16078
16079
16081
16082
16083
16084
16085
16086
16087
16088
16089
16091
16092
16093
16094
16095
16096
16097
16099
16100
16101
16103
16104
16106
16107
16108
16109
16110
16111
16112
16113
16114
16115
16116
16117
16118
16119
16120
16121
16122
16124
16126
16127
16128
16129
16131
16132
16133
16134
16135
16136
16137
16138
16139
16140
16141
16142
16143
16144
16145
16146
16147
16148
16149
16150
16152
16153
16154
16155
16156
16157
16158
16159
16160
16161
16162
16163
16164
16165
16166
16167
16168
16169
16170
16171
16172
16173
16174
16175
16177
16178
16179
16180
16183
16184
16185
16186
16187
16188
16190
16191
16192
16194
16195
16196
16197
16198
16199
16200
16201
16202
16203
16204
16205
16207
16208
16209
16211
16213
16214
16216
16217
16218
16219
16220
16221
16222
16224
16225
16228
16229
16230
16231
16232
16233
16234
16236
16237
16238
16239
16240
16242
16243
16244
16245
16246
16247
16248
16249
16250
16251
16252
16253
16257
16258
16260
16261
16262
16263
16264
16267
16268
16270
16271
16272
16274
16275
16276
16277
16278
16279
16280
16282
16283
16284
16285
16288
16289
16290
16292
16293
16294
16295
16296
16297
16298
16299
16300
16302
16305
16306
16307
16308
16309
16310
16311
16312
16315
16316
16317
16318
16319
16320
16321
16323
16324
16325
16326
16327
16328
16329
16330
16331
16332
16333
16335
16336
16337
16338
16341
16342
16343
16345
16346
16347
16348
16349
16350
16351
16352
16353
16354
16355
16356
16357
16358
16359
16360
16361
16364
16365
16366
16368
16369
16371
16375
16376
16377
16378
16379
16381
16382
16383
16384
16385
16386
16387
16388
16389
16390
16391
16393
16394
16395
16397
16398
16399
16400
16401
16402
16403
16404
16405
16406
16407
16408
16409
16410
16411
16412
16413
16414
16415
16416
16417
16418
16419
16420
16421
16424
16425
16427
16428
16429
16430
16431
16432
16433
16434
16435
16436
16438
16439
16440
16441
16442
16444
16445
16448
16449
16450
16451
16452
16453
16454
16455
16456
16457
16460
16465
16466
16468
16469
16471
16472
16473
16474
16475
16476
16477
16478
16480
16481
16482
16484
16486
16487
16488
16489
16490
16491
16492
16493
16494
16495
16496
16497
16499
16501
16502
16503
16505
16506
16508
16509
16510
16511
16512
16513
16514
16515
16516
16517
16518
16519
16520
16521
16522
16523
16524
16525
16526
16528
16530
16531
16532
16534
16535
16536
16538
16539
16540
16542
16543
16545
16546
16547
16548
16549
16551
16552
16555
16556
16557
16558
16559
16560
16561
16562
16563
16564
16565
16566
16567
16568
16569
16570
16572
16573
16574
16575
16576
16577
16579
16580
16581
16582
16583
16584
16585
16586
16587
16589
16590
16591
16592
16593
16594
16595
16597
16598
16599
16602
16603
16604
16605
16606
16609
16610
16612
16613
16614
16615
16617
16618
16619
16620
16621
16622
16623
16624
16625
16626
16627
16628
16629
16630
16631
16632
16634
16635
16636
16637
16638
16639
16640
16641
16642
16643
16644
16645
16646
16648
16650
16651
16653
16654
16655
16656
16657
16658
16659
16661
16662
16664
16665
16666
16667
16668
16670
16672
16673
16674
16675
16676
16677
16679
16681
16682
16683
16684
16686
16687
16688
16690
16691
16692
16693
16694
16697
16698
16699
16701
16703
16704
16705
16706
16707
16708
16709
16710
16711
16712
16713
16714
16715
16716
16717
16719
16720
16721
16722
16724
16725
16726
16727
16728
16731
16732
16733
16734
16737
16738
16739
16740
16741
16742
16743
16744
16746
16747
16748
16749
16750
16751
16752
16753
16754
16755
16756
16757
16758
16759
16760
16761
16762
16764
16765
16767
16768
16769
16770
16771
16772
16773
16775
16776
16777
16778
16779
16780
16781
16782
16783
16784
16786
16787
16788
16789
16790
16792
16793
16794
16795
16796
16798
16799
16800
16802
16803
16805
16808
16809
16810
16811
16812
16813
16814
16815
16816
16817
16818
16819
16820
16821
16822
16823
16824
16825
16826
16827
16828
16829
16831
16832
16833
16834
16835
16836
16837
16838
16839
16840
16842
16844
16845
16846
16847
16848
16849
16850
16851
16852
16853
16855
16856
16858
16859
16860
16862
16863
16864
16865
16866
16867
16870
16871
16872
16873
16874
16875
16876
16877
16878
16879
16880
16881
16883
16884
16885
16886
16887
16888
16889
16890
16891
16892
16893
16894
16895
16896
16897
16898
16899
16900
16901
16902
16903
16904
16905
16906
16907
16908
16909
16910
16911
16912
16913
16914
16915
16916
16917
16921
16922
16923
16924
16927
16928
16929
16930
16932
16933
16934
16935
16936
16937
16938
16939
16940
16941
16942
16943
16944
16945
16946
16947
16948
16949
16950
16951
16952
16953
16954
16955
16956
16957
16958
16960
16961
16963
16964
16965
16966
16967
16968
16969
16970
16971
16973
16974
16975
16976
16979
16980
16981
16982
16983
16984
16985
16987
16988
16989
16991
16993
16994
16995
16996
16997
16998
16999
17000
17001
17002
17003
17005
17006
17008
17009
17010
17011
17013
17015
17016
17017
17018
17019
17020
17022
17023
17024
17025
17027
17028
17030
17031
17032
17033
17034
17035
17038
17039
17040
17041
17043
17044
17045
17046
17047
17049
17051
17052
17054
17055
17058
17059
17060
17061
17062
17064
17065
17066
17068
17069
17070
17071
17072
17073
17075
17076
17077
17078
17079
17080
17081
17082
17083
17084
17085
17086
17087
17088
17089
17091
17092
17093
17094
17096
17097
17098
17099
17101
17102
17104
17106
17107
17108
17109
17110
17111
17112
17113
17114
17115
17116
17117
17118
17120
17121
17122
17123
17125
17126
17128
17129
17130
17131
17132
17133
17134
17140
17142
17143
17145
17146
17147
17148
17149
17150
17151
17152
17154
17155
17156
17157
17158
17161
17162
17163
17164
17166
17167
17168
17169
17171
17172
17174
17175
17176
17177
17180
17181
17182
17183
17184
17185
17186
17187
17188
17189
17190
17191
17192
17195
17196
17197
17198
17199
17200
17201
17205
17206
17207
17208
17209
17210
17211
17212
17214
17216
17218
17219
17220
17221
17223
17225
17227
17228
17229
17230
17231
17232
17233
17234
17235
17237
17238
17239
17240
17241
17243
17244
17245
17246
17248
17249
17251
17252
17254
17257
17258
17259
17260
17261
17262
17263
17264
17265
17266
17268
17269
17270
17272
17273
17275
17277
17278
17279
17280
17282
17283
17284
17285
17286
17287
17289
17290
17291
17292
17293
17294
17295
17296
17297
17298
17299
17300
17302
17304
17305
17306
17307
17308
17309
17310
17311
17312
17313
17314
17315
17316
17317
17318
17319
17320
17321
17322
17323
17324
17325
17326
17328
17330
17331
17332
17334
17335
17336
17338
17340
17342
17345
17346
17347
17348
17349
17351
17352
17353
17354
17355
17356
17357
17358
17359
17360
17363
17364
17366
17367
17368
17369
17371
17372
17373
17374
17375
17376
17377
17378
17379
17380
17381
17382
17384
17385
17386
17387
17388
17389
17390
17391
17392
17393
17394
17396
17397
17399
17401
17403
17404
17405
17407
17410
17411
17412
17413
17414
17415
17418
17420
17422
17424
17425
17426
17427
17428
17429
17430
17431
17432
17434
17435
17436
17437
17438
17439
17440
17443
17444
17445
17447
17448
17450
17451
17452
17453
17454
17455
17456
17457
17458
17459
17461
17462
17463
17464
17465
17466
17467
17468
17469
17470
17471
17473
17474
17476
17477
17479
17480
17481
17482
17483
17485
17486
17487
17488
17489
17490
17491
17492
17494
17495
17496
17497
17498
17501
17502
17503
17504
17506
17507
17508
17509
17510
17511
17513
17514
17515
17516
17517
17518
17519
17523
17524
17525
17526
17527
17529
17530
17531
17532
17533
17534
17535
17537
17538
17539
17540
17541
17542
17543
17544
17545
17546
17548
17549
17550
17551
17553
17554
17555
17556
17557
17558
17559
17560
17561
17562
17563
17564
17565
17566
17567
17571
17572
17573
17574
17575
17576
17577
17578
17579
17580
17582
17583
17584
17585
17587
17588
17589
17590
17591
17592
17593
17594
17596
17597
17598
17599
17600
17602
17603
17604
17605
17606
17607
17608
17609
17610
17612
17614
17616
17617
17619
17620
17621
17622
17623
17624
17625
17627
17628
17629
17631
17632
17633
17634
17636
17637
17638
17639
17640
17642
17643
17644
17645
17646
17648
17649
17650
17651
17652
17653
17655
17656
17657
17658
17659
17661
17662
17663
17664
17666
17667
17668
17669
17670
17671
17673
17674
17675
17676
17677
17678
17679
17680
17681
17682
17683
17684
17685
17687
17688
17689
17690
17691
17692
17693
17694
17695
17696
17697
17698
17699
17700
17701
17702
17703
17704
17705
17706
17708
17710
17711
17714
17715
17717
17720
17721
17722
17723
17724
17725
17726
17728
17731
17733
17734
17735
17736
17737
17739
17740
17741
17742
17743
17744
17745
17747
17748
17749
17750
17751
17752
17754
17755
17756
17758
17759
17760
17761
17762
17763
17764
17765
17766
17768
17770
17771
17772
17773
17774
17775
17776
17778
17779
17780
17782
17784
17785
17786
17788
17789
17790
17791
17792
17793
17795
17796
17798
17799
17800
17801
17802
17803
17804
17805
17806
17807
17809
17810
17812
17813
17814
17815
17817
17818
17819
17820
17821
17822
17823
17824
17826
17827
17828
17829
17830
17831
17832
17833
17834
17835
17836
17839
17840
17843
17844
17845
17848
17849
17851
17852
17853
17854
17855
17856
17857
17860
17861
17863
17864
17865
17866
17867
17869
17870
17872
17875
17876
17877
17878
17879
17880
17881
17882
17883
17884
17885
17886
17887
17888
17891
17892
17893
17894
17895
17896
17897
17898
17899
17900
17902
17903
17904
17905
17907
17908
17910
17911
17913
17914
17915
17916
17917
17918
17919
17920
17921
17923
17925
17926
17927
17928
17930
17931
17932
17933
17934
17935
17936
17937
17938
17939
17940
17942
17943
17944
17945
17948
17949
17952
17953
17954
17955
17956
17957
17958
17959
17960
17961
17962
17963
17964
17965
17966
17967
17968
17969
17970
17971
17972
17973
17974
17977
17979
17980
17981
17982
17983
17987
17988
17989
17991
17992
17994
17995
17997
17999
18000
18001
18002
18003
18004
18005
18006
18007
18008
18009
18010
18011
18013
18014
18015
18016
18017
18018
18019
18020
18021
18022
18023
18024
18025
18028
18029
18030
18031
18032
18034
18035
18036
18037
18038
18040
18041
18043
18044
18046
18047
18048
18049
18050
18051
18052
18053
18054
18055
18056
18057
18058
18059
18063
18065
18066
18069
18070
18071
18072
18073
18074
18075
18076
18077
18078
18079
18080
18082
18083
18084
18085
18086
18087
18088
18089
18090
18091
18092
18093
18094
18095
18097
18098
18099
18100
18101
18102
18103
18104
18105
18106
18107
18109
18112
18113
18114
18115
18116
18117
18118
18119
18120
18124
18125
18126
18128
18130
18131
18132
18133
18135
18136
18137
18139
18140
18141
18142
18143
18144
18145
18146
18147
18148
18149
18150
18151
18153
18154
18155
18156
18157
18158
18160
18162
18163
18164
18165
18166
18167
18168
18169
18170
18171
18172
18173
18175
18176
18177
18178
18180
18182
18183
18184
18185
18186
18187
18188
18191
18192
18193
18194
18195
18196
18197
18198
18199
18200
18202
18203
18204
18205
18206
18207
18209
18210
18211
18212
18213
18214
18215
18216
18217
18218
18219
18220
18221
18222
18223
18225
18226
18227
18229
18230
18231
18232
18233
18234
18235
18236
18237
18238
18240
18241
18242
18243
18244
18247
18248
18250
18251
18252
18253
18254
18255
18258
18259
18261
18263
18264
18266
18267
18268
18269
18270
18271
18273
18274
18275
18276
18278
18279
18280
18282
18283
18284
18285
18286
18289
18290
18291
18292
18293
18294
18295
18296
18297
18299
18300
18301
18302
18303
18304
18305
18306
18307
18308
18309
18310
18311
18313
18315
18318
18320
18322
18323
18324
18326
18327
18328
18329
18330
18331
18332
18334
18335
18336
18337
18340
18342
18343
18344
18346
18347
18348
18349
18350
18351
18352
18353
18354
18356
18357
18358
18359
18362
18364
18367
18368
18369
18370
18373
18374
18375
18376
18377
18378
18379
18381
18382
18383
18384
18385
18387
18388
18389
18390
18392
18393
18394
18396
18397
18398
18401
18402
18403
18404
18405
18407
18408
18409
18410
18411
18412
18413
18414
18415
18417
18418
18420
18422
18423
18424
18425
18426
18427
18428
18430
18431
18432
18433
18434
18435
18436
18437
18438
18440
18443
18444
18445
18447
18448
18450
18451
18452
18453
18455
18456
18457
18458
18459
18460
18461
18463
18464
18465
18468
18470
18471
18473
18474
18475
18476
18477
18479
18483
18484
18485
18486
18487
18488
18489
18490
18491
18492
18494
18496
18498
18499
18500
18502
18503
18504
18505
18506
18507
18508
18509
18510
18511
18512
18513
18514
18515
18516
18517
18519
18520
18521
18522
18523
18524
18525
18526
18527
18528
18529
18533
18534
18535
18536
18537
18538
18539
18540
18541
18542
18543
18544
18545
18546
18547
18548
18549
18550
18551
18552
18553
18554
18555
18556
18557
18558
18559
18560
18561
18562
18563
18564
18565
18567
18568
18569
18571
18572
18573
18574
18575
18576
18577
18578
18579
18581
18582
18583
18585
18586
18587
18588
18589
18591
18592
18593
18594
18596
18597
18598
18599
18600
18601
18605
18606
18607
18608
18609
18610
18611
18612
18613
18614
18615
18616
18617
18618
18619
18620
18621
18622
18624
18625
18626
18627
18630
18631
18632
18633
18635
18637
18638
18639
18641
18642
18643
18644
18645
18646
18647
18648
18650
18651
18652
18653
18654
18655
18656
18657
18658
18659
18660
18661
18662
18664
18667
18668
18670
18672
18673
18674
18675
18676
18677
18678
18680
18681
18682
18683
18684
18685
18686
18687
18688
18689
18690
18692
18693
18694
18695
18697
18698
18699
18700
18701
18702
18704
18705
18706
18707
18709
18710
18712
18713
18714
18715
18716
18717
18718
18720
18721
18722
18723
18724
18725
18726
18729
18730
18731
18733
18734
18735
18736
18737
18738
18739
18740
18741
18743
18745
18746
18747
18748
18749
18750
18751
18752
18754
18755
18756
18757
18758
18759
18760
18761
18762
18763
18764
18765
18766
18767
18769
18770
18771
18772
18773
18774
18775
18776
18777
18778
18779
18780
18781
18782
18783
18785
18787
18788
18791
18794
18795
18796
18797
18798
18800
18801
18802
18804
18805
18809
18810
18811
18814
18816
18817
18818
18820
18821
18822
18824
18826
18827
18828
18830
18831
18833
18834
18835
18836
18837
18838
18839
18840
18842
18843
18844
18845
18847
18848
18849
18850
18854
18856
18857
18858
18859
18861
18863
18864
18865
18866
18867
18868
18869
18870
18871
18872
18873
18874
18877
18878
18879
18880
18881
18882
18883
18884
18886
18887
18888
18890
18892
18893
18894
18895
18896
18897
18899
18900
18901
18902
18903
18904
18905
18906
18907
18908
18909
18910
18912
18913
18914
18915
18916
18918
18919
18921
18922
18923
18924
18925
18926
18927
18930
18931
18932
18933
18934
18935
18936
18937
18939
18940
18941
18942
18943
18944
18945
18946
18947
18948
18950
18952
18953
18954
18955
18957
18958
18959
18960
18961
18962
18964
18965
18966
18967
18971
18972
18973
18974
18975
18977
18978
18979
18980
18981
18982
18983
18984
18985
18986
18987
18988
18989
18990
18991
18992
18995
18997
18998
18999
19000
19001
19002
19003
19005
19008
19009
19011
19012
19013
19014
19018
19019
19020
19021
19023
19024
19025
19026
19027
19028
19029
19030
19032
19033
19034
19036
19037
19038
19039
19040
19041
19042
19043
19044
19045
19046
19047
19048
19050
19051
19052
19053
19054
19055
19056
19057
19059
19060
19062
19063
19068
19069
19070
19072
19074
19075
19076
19077
19078
19079
19080
19082
19083
19084
19085
19086
19087
19088
19089
19091
19092
19094
19095
19096
19097
19099
19100
19101
19102
19103
19104
19106
19107
19108
19109
19110
19111
19112
19113
19114
19115
19116
19119
19120
19121
19122
19123
19124
19126
19128
19129
19130
19132
19133
19135
19136
19137
19139
19140
19141
19142
19143
19144
19145
19146
19147
19148
19149
19150
19151
19152
19153
19154
19155
19156
19157
19158
19159
19162
19163
19164
19166
19167
19168
19169
19170
19171
19172
19173
19174
19175
19176
19177
19178
19179
19180
19181
19182
19183
19185
19186
19187
19189
19190
19192
19193
19194
19196
19197
19198
19200
19201
19202
19204
19205
19206
19208
19209
19210
19211
19212
19213
19214
19215
19216
19217
19218
19219
19220
19221
19222
19223
19226
19227
19228
19229
19231
19232
19233
19235
19237
19238
19239
19241
19242
19245
19246
19247
19248
19249
19251
19252
19253
19254
19255
19256
19257
19258
19259
19260
19261
19262
19263
19264
19265
19266
19268
19269
19270
19271
19272
19273
19274
19275
19276
19277
19278
19279
19281
19282
19283
19284
19285
19287
19288
19290
19292
19293
19294
19296
19298
19299
19300
19301
19302
19303
19304
19305
19306
19307
19308
19310
19312
19313
19314
19315
19317
19318
19319
19320
19321
19322
19324
19325
19328
19329
19330
19331
19332
19333
19334
19335
19337
19338
19339
19340
19342
19344
19345
19346
19347
19348
19349
19351
19352
19353
19354
19355
19356
19357
19358
19359
19361
19362
19363
19364
19366
19367
19370
19371
19372
19373
19374
19375
19376
19377
19378
19379
19381
19382
19383
19384
19386
19387
19388
19389
19390
19392
19394
19395
19396
19398
19399
19401
19402
19403
19404
19405
19406
19407
19408
19409
19410
19411
19412
19413
19414
19417
19418
19420
19421
19422
19423
19424
19425
19427
19428
19429
19432
19433
19434
19435
19437
19438
19439
19441
19442
19443
19444
19446
19447
19448
19449
19450
19451
19452
19454
19455
19457
19458
19459
19460
19463
19464
19465
19466
19468
19470
19471
19472
19473
19474
19475
19478
19479
19480
19481
19482
19483
19484
19486
19487
19488
19489
19490
19491
19492
19495
19496
19498
19499
19500
19501
19503
19504
19505
19506
19507
19510
19511
19512
19514
19515
19516
19518
19519
19521
19522
19525
19526
19527
19528
19529
19530
19531
19532
19533
19534
19535
19536
19537
19538
19541
19542
19543
19544
19545
19546
19548
19549
19550
19551
19552
19553
19555
19556
19557
19558
19560
19561
19562
19564
19565
19566
19567
19568
19569
19570
19572
19573
19575
19576
19577
19579
19580
19581
19583
19584
19585
19586
19588
19589
19591
19592
19593
19594
19595
19596
19597
19598
19600
19601
19602
19603
19604
19605
19606
19608
19610
19611
19613
19615
19619
19620
19621
19622
19623
19625
19626
19627
19628
19629
19631
19633
19635
19636
19638
19639
19641
19643
19644
19645
19646
19649
19650
19651
19652
19654
19655
19657
19658
19659
19660
19661
19662
19663
19664
19666
19667
19668
19669
19670
19671
19673
19674
19675
19677
19678
19679
19680
19681
19682
19684
19685
19686
19688
19689
19690
19691
19692
19693
19694
19695
19696
19697
19698
19699
19700
19702
19703
19704
19705
19707
19708
19710
19711
19712
19713
19715
19716
19717
19718
19719
19720
19721
19722
19723
19724
19726
19727
19729
19730
19731
19732
19733
19735
19739
19740
19742
19743
19744
19745
19747
19748
19749
19750
19752
19753
19755
19757
19758
19760
19761
19763
19764
19765
19766
19767
19768
19769
19771
19772
19773
19775
19776
19777
19781
19782
19783
19784
19785
19786
19787
19788
19789
19792
19793
19794
19796
19797
19798
19800
19802
19803
19804
19805
19806
19808
19809
19810
19811
19813
19814
19815
19816
19818
19819
19820
19821
19822
19823
19824
19825
19826
19829
19830
19831
19832
19833
19834
19835
19837
19838
19839
19841
19842
19843
19844
19845
19846
19847
19848
19849
19850
19851
19852
19853
19854
19855
19857
19858
19859
19860
19861
19864
19865
19866
19867
19868
19869
19870
19871
19872
19873
19874
19877
19878
19881
19882
19883
19886
19887
19888
19889
19890
19891
19892
19893
19895
19896
19898
19899
19900
19902
19903
19904
19908
19911
19912
19913
19914
19916
19917
19918
19919
19920
19921
19922
19923
19926
19927
19930
19931
19932
19933
19934
19935
19936
19938
19940
19941
19942
19943
19946
19947
19948
19949
19950
19951
19953
19954
19956
19957
19959
19960
19962
19963
19965
19966
19968
19969
19973
19974
19976
19977
19978
19980
19981
19982
19984
19986
19987
19988
19990
19991
19993
19994
19995
19996
19997
20001
20002
20003
20005
20006
20007
20008
20009
20010
20011
20012
20013
20016
20017
20018
20019
20021
20022
20024
20025
20026
20027
20028
20029
20030
20031
20032
20034
20035
20036
20038
20040
20042
20043
20044
20045
20046
20048
20049
20050
20051
20052
20053
20054
20056
20057
20058
20059
20060
20062
20063
20064
20065
20066
20068
20069
20070
20071
20072
20073
20074
20075
20076
20077
20078
20079
20080
20086
20087
20089
20090
20091
20093
20094
20095
20097
20098
20099
20100
20101
20103
20104
20105
20106
20108
20109
20110
20111
20112
20113
20115
20116
20117
20120
20122
20123
20124
20125
20126
20127
20129
20130
20131
20132
20133
20134
20135
20137
20138
20139
20140
20142
20143
20144
20147
20148
20149
20151
20152
20155
20156
20157
20158
20159
20160
20161
20162
20163
20164
20165
20166
20167
20168
20169
20170
20171
20172
20173
20174
20175
20178
20179
20181
20182
20183
20184
20185
20186
20187
20188
20189
20192
20193
20194
20195
20196
20198
20200
20201
20204
20205
20206
20207
20208
20209
20211
20212
20213
20214
20216
20218
20219
20220
20221
20224
20225
20226
20227
20229
20230
20231
20232
20233
20234
20235
20236
20238
20239
20240
20244
20245
20249
20250
20252
20253
20254
20255
20256
20259
20260
20263
20264
20265
20266
20269
20270
20271
20275
20277
20279
20280
20282
20283
20285
20286
20287
20288
20290
20292
20294
20296
20297
20298
20302
20303
20304
20305
20306
20307
20308
20309
20310
20311
20312
20314
20315
20316
20317
20318
20319
20320
20321
20322
20323
20324
20325
20326
20327
20328
20329
20330
20331
20332
20333
20334
20335
20336
20337
20338
20340
20341
20342
20343
20344
20346
20347
20348
20351
20352
20353
20354
20355
20356
20357
20358
20359
20360
20361
20362
20364
20365
20366
20367
20368
20372
20373
20374
20375
20376
20377
20378
20380
20382
20383
20384
20385
20386
20387
20388
20390
20391
20392
20393
20394
20396
20397
20398
20399
20400
20403
20406
20407
20408
20409
20410
20411
20412
20413
20415
20416
20417
20419
20420
20421
20422
20424
20425
20426
20427
20428
20430
20431
20434
20435
20437
20438
20439
20440
20441
20442
20444
20446
20447
20450
20453
20454
20455
20456
20457
20458
20459
20460
20461
20462
20464
20465
20466
20467
20468
20469
20470
20471
20472
20473
20475
20476
20477
20479
20480
20482
20483
20484
20485
20487
20488
20489
20491
20492
20494
20495
20496
20497
20498
20499
20500
20501
20502
20503
20504
20505
20506
20507
20509
20510
20511
20512
20513
20514
20516
20518
20519
20521
20522
20523
20524
20525
20527
20529
20531
20532
20533
20535
20536
20537
20538
20539
20540
20541
20542
20543
20545
20547
20548
20549
20550
20551
20552
20554
20555
20557
20558
20559
20560
20561
20562
20563
20564
20565
20566
20567
20568
20569
20570
20571
20572
20573
20574
20575
20576
20577
20579
20580
20581
20583
20584
20585
20586
20587
20588
20589
20590
20591
20592
20593
20596
20597
20598
20599
20600
20604
20606
20607
20608
20609
20610
20611
20612
20613
20614
20615
20616
20617
20618
20619
20620
20621
20622
20623
20624
20626
20627
20629
20630
20631
20632
20633
20634
20635
20636
20639
20640
20641
20642
20643
20644
20645
20646
20648
20649
20650
20651
20652
20653
20654
20655
20657
20658
20659
20660
20661
20662
20663
20664
20665
20666
20667
20668
20669
20670
20671
20672
20674
20675
20677
20678
20679
20680
20682
20683
20684
20685
20687
20688
20689
20691
20692
20695
20696
20699
20701
20703
20706
20707
20708
20711
20712
20713
20714
20715
20716
20718
20720
20721
20722
20723
20724
20725
20728
20729
20730
20731
20732
20733
20734
20735
20736
20737
20738
20739
20740
20741
20742
20743
20747
20748
20749
20750
20751
20752
20753
20754
20755
20756
20757
20758
20759
20760
20761
20762
20763
20764
20766
20767
20768
20769
20770
20771
20772
20773
20774
20775
20776
20777
20778
20779
20780
20781
20782
20783
20784
20785
20786
20788
20789
20791
20792
20794
20795
20796
20797
20798
20800
20801
20803
20804
20805
20807
20808
20810
20811
20814
20815
20817
20818
20819
20821
20822
20825
20826
20827
20828
20829
20830
20832
20833
20834
20836
20837
20838
20839
20843
20844
20845
20846
20848
20849
20850
20851
20852
20853
20855
20856
20857
20858
20859
20860
20861
20863
20864
20865
20868
20869
20871
20872
20873
20874
20875
20876
20878
20881
20882
20884
20885
20886
20887
20888
20889
20890
20891
20892
20893
20895
20897
20898
20901
20903
20904
20905
20906
20908
20911
20912
20913
20915
20916
20918
20920
20921
20922
20923
20924
20926
20927
20929
20930
20933
20934
20935
20937
20938
20939
20940
20942
20943
20945
20946
20947
20949
20950
20951
20952
20953
20954
20955
20956
20958
20960
20961
20964
20965
20967
20968
20969
20970
20971
20973
20974
20975
20976
20978
20979
20980
20981
20982
20983
20984
20985
20986
20987
20988
20989
20990
20991
20993
20994
20997
20999
21000
21001
21002
21003
21004
21005
21006
21007
21008
21009
21010
21011
21012
21013
21014
21015
21016
21017
21018
21019
21022
21024
21025
21026
21027
21029
21030
21031
21032
21033
21034
21035
21036
21038
21040
21041
21042
21043
21044
21046
21047
21048
21049
21050
21051
21052
21054
21055
21056
21057
21059
21061
21062
21063
21066
21067
21068
21069
21070
21072
21074
21076
21077
21078
21079
21080
21081
21083
21084
21085
21087
21088
21090
21091
21092
21093
21094
21095
21096
21097
21099
21100
21101
21102
21103
21104
21105
21106
21107
21109
21110
21111
21112
21113
21114
21115
21116
21117
21118
21119
21120
21121
21122
21123
21126
21127
21128
21129
21130
21131
21132
21133
21134
21135
21136
21138
21139
21141
21142
21143
21144
21146
21148
21149
21150
21152
21153
21154
21155
21156
21158
21159
21160
21161
21162
21163
21164
21165
21166
21167
21172
21173
21174
21176
21177
21178
21179
21180
21181
21183
21184
21185
21186
21188
21189
21190
21191
21192
21193
21195
21196
21197
21199
21200
21201
21203
21205
21206
21207
21208
21209
21210
21211
21213
21214
21215
21216
21217
21218
21219
21220
21221
21223
21224
21225
21226
21227
21228
21229
21231
21232
21234
21235
21237
21238
21239
21240
21241
21242
21244
21245
21246
21248
21249
21250
21251
21252
21253
21254
21255
21256
21257
21258
21259
21260
21261
21262
21263
21264
21265
21267
21268
21269
21270
21272
21273
21274
21276
21278
21279
21281
21282
21283
21284
21285
21286
21288
21289
21291
21292
21293
21295
21297
21299
21300
21301
21304
21306
21307
21308
21309
21310
21311
21312
21314
21315
21316
21318
21319
21320
21321
21322
21323
21324
21325
21326
21327
21330
21332
21333
21334
21335
21337
21339
21340
21341
21342
21343
21344
21345
21346
21348
21349
21350
21351
21352
21353
21354
21356
21357
21359
21360
21362
21363
21365
21367
21368
21369
21370
21371
21372
21373
21374
21375
21376
21377
21378
21380
21382
21384
21387
21388
21389
21391
21394
21395
21396
21397
21398
21399
21400
21401
21402
21403
21405
21406
21407
21408
21409
21410
21412
21413
21414
21415
21417
21419
21420
21422
21423
21426
21427
21429
21430
21431
21433
21435
21436
21439
21440
21442
21443
21444
21448
21449
21450
21451
21452
21453
21454
21455
21456
21458
21459
21460
21461
21463
21464
21466
21470
21472
21473
21474
21475
21476
21477
21478
21479
21481
21482
21483
21484
21485
21486
21487
21489
21490
21491
21492
21493
21494
21495
21496
21497
21498
21500
21502
21503
21504
21505
21506
21507
21510
21511
21512
21513
21515
21516
21517
21518
21519
21520
21521
21523
21527
21531
21532
21533
21534
21535
21537
21538
21539
21540
21541
21542
21543
21544
21545
21546
21547
21548
21549
21551
21553
21555
21556
21557
21558
21559
21560
21561
21562
21563
21564
21566
21567
21568
21569
21571
21572
21573
21574
21575
21576
21577
21578
21579
21580
21581
21582
21583
21585
21586
21587
21588
21589
21591
21592
21593
21595
21597
21598
21599
21600
21602
21603
21604
21605
21606
21607
21609
21610
21612
21613
21614
21615
21616
21617
21618
21619
21620
21621
21622
21623
21627
21628
21629
21630
21631
21632
21633
21634
21635
21637
21638
21639
21640
21641
21642
21643
21645
21646
21647
21648
21649
21650
21652
21653
21654
21655
21656
21657
21658
21660
21661
21662
21663
21664
21665
21666
21667
21669
21671
21672
21674
21675
21676
21678
21679
21680
21681
21682
21683
21684
21685
21686
21687
21688
21689
21690
21691
21692
21693
21694
21695
21697
21698
21699
21700
21701
21702
21703
21704
21705
21706
21708
21709
21710
21711
21712
21714
21716
21717
21718
21719
21721
21722
21725
21726
21727
21729
21730
21733
21734
21736
21737
21738
21739
21740
21741
21742
21744
21745
21746
21747
21748
21750
21751
21753
21754
21755
21756
21758
21759
21760
21761
21762
21764
21765
21766
21767
21768
21769
21770
21772
21773
21774
21775
21777
21778
21779
21780
21782
21784
21786
21789
21790
21791
21792
21793
21794
21796
21798
21799
21800
21801
21803
21804
21805
21806
21807
21808
21809
21812
21813
21814
21815
21816
21817
21819
21820
21821
21822
21823
21824
21825
21826
21827
21828
21831
21832
21833
21834
21835
21837
21838
21839
21840
21842
21843
21844
21845
21846
21848
21849
21850
21851
21852
21853
21854
21855
21857
21858
21860
21861
21863
21864
21867
21868
21870
21871
21872
21873
21874
21875
21876
21877
21878
21879
21880
21881
21882
21883
21884
21885
21887
21890
21891
21892
21893
21894
21895
21896
21898
21899
21900
21901
21902
21903
21904
21905
21906
21907
21908
21909
21910
21912
21914
21915
21916
21917
21921
21922
21923
21924
21925
21926
21927
21928
21929
21930
21931
21934
21935
21938
21941
21943
21945
21947
21948
21951
21953
21954
21955
21957
21959
21960
21961
21962
21963
21964
21965
21966
21968
21969
21970
21971
21972
21973
21974
21976
21977
21978
21979
21983
21984
21985
21986
21988
21989
21990
21991
21992
21993
21994
21995
21996
21997
21998
21999
22000
22001
22002
22003
22005
22006
22007
22009
22011
22013
22014
22015
22016
22017
22019
22020
22021
22022
22023
22024
22026
22027
22028
22030
22031
22032
22033
22034
22035
22036
22037
22038
22039
22040
22041
22043
22044
22045
22048
22049
22050
22052
22053
22054
22055
22056
22057
22059
22060
22062
22063
22064
22066
22067
22068
22070
22071
22072
22075
22076
22077
22080
22081
22082
22084
22086
22087
22088
22090
22091
22092
22093
22094
22096
22097
22098
22101
22102
22103
22105
22106
22107
22108
22109
22112
22113
22114
22115
22116
22117
22119
22120
22121
22123
22124
22125
22126
22127
22128
22129
22130
22131
22132
22133
22134
22135
22136
22137
22139
22141
22142
22145
22147
22149
22150
22151
22152
22153
22154
22155
22157
22158
22159
22162
22163
22164
22165
22166
22167
22168
22169
22172
22175
22176
22177
22179
22180
22181
22182
22183
22184
22185
22186
22187
22188
22190
22191
22193
22194
22195
22196
22197
22198
22200
22203
22204
22205
22206
22207
22208
22211
22212
22213
22214
22217
22218
22219
22221
22222
22223
22225
22226
22227
22229
22230
22232
22233
22234
22235
22236
22238
22239
22240
22241
22242
22244
22246
22247
22248
22249
22250
22251
22253
22254
22255
22257
22258
22259
22262
22263
22265
22266
22267
22268
22269
22270
22271
22272
22273
22274
22275
22276
22277
22278
22279
22280
22281
22282
22283
22284
22285
22287
22289
22290
22291
22292
22293
22294
22295
22296
22299
22300
22302
22303
22304
22305
22306
22307
22308
22310
22312
22313
22315
22316
22317
22319
22320
22321
22324
22325
22326
22327
22328
22329
22330
22333
22334
22335
22336
22337
22338
22339
22341
22343
22344
22347
22348
22349
22350
22351
22353
22354
22355
22356
22360
22361
22362
22365
22367
22368
22369
22370
22371
22372
22373
22374
22375
22380
22381
22382
22384
22385
22386
22387
22389
22392
22393
22394
22395
22396
22397
22398
22399
22400
22401
22402
22405
22407
22408
22409
22411
22412
22413
22414
22415
22416
22417
22418
22419
22421
22422
22424
22425
22426
22427
22428
22430
22431
22433
22434
22435
22437
22439
22440
22441
22443
22444
22445
22446
22447
22448
22449
22450
22451
22452
22453
22456
22459
22460
22463
22464
22465
22466
22467
22468
22469
22470
22471
22472
22473
22474
22475
22476
22477
22480
22481
22482
22483
22484
22485
22486
22487
22488
22489
22491
22492
22493
22494
22495
22496
22497
22498
22499
22502
22503
22505
22506
22510
22511
22512
22513
22515
22516
22518
22519
22521
22523
22524
22525
22526
22527
22528
22530
22532
22534
22536
22537
22538
22539
22540
22541
22542
22544
22545
22546
22547
22549
22550
22551
22553
22555
22556
22557
22558
22560
22561
22562
22563
22564
22565
22566
22567
22568
22569
22570
22572
22573
22575
22576
22577
22578
22579
22580
22581
22582
22583
22584
22585
22586
22587
22588
22589
22590
22591
22593
22594
22595
22596
22597
22598
22599
22600
22602
22603
22604
22605
22606
22608
22609
22610
22611
22613
22614
22615
22616
22618
22619
22621
22622
22623
22624
22625
22626
22627
22628
22629
22630
22631
22632
22633
22634
22635
22636
22637
22640
22641
22642
22643
22644
22645
22648
22649
22651
22654
22655
22656
22657
22660
22661
22662
22663
22664
22665
22666
22668
22670
22671
22672
22673
22675
22676
22677
22678
22682
22684
22685
22686
22687
22689
22690
22691
22692
22694
22695
22696
22697
22698
22699
22700
22701
22702
22703
22705
22706
22707
22709
22710
22711
22712
22714
22715
22716
22717
22718
22721
22724
22725
22727
22728
22729
22730
22731
22732
22735
22736
22737
22738
22739
22740
22741
22742
22743
22744
22746
22747
22748
22749
22750
22753
22754
22755
22756
22757
22759
22760
22761
22762
22763
22764
22766
22767
22768
22770
22771
22772
22773
22774
22775
22776
22777
22778
22779
22782
22783
22784
22785
22786
22787
22788
22789
22790
22791
22792
22793
22794
22796
22797
22799
22800
22801
22802
22805
22806
22807
22809
22811
22812
22813
22814
22815
22816
22817
22819
22821
22822
22823
22824
22825
22826
22827
22828
22830
22832
22833
22834
22835
22838
22839
22840
22841
22842
22843
22845
22846
22847
22850
22852
22854
22856
22857
22858
22859
22860
22862
22863
22865
22866
22868
22869
22870
22871
22872
22873
22875
22876
22877
22878
22879
22880
22881
22882
22885
22887
22888
22889
22890
22891
22892
22893
22894
22898
22899
22900
22901
22902
22903
22904
22905
22906
22907
22908
22910
22911
22912
22913
22914
22915
22916
22918
22919
22921
22922
22924
22925
22927
22928
22929
22930
22931
22933
22934
22935
22937
22939
22940
22941
22942
22943
22944
22945
22947
22949
22950
22952
22953
22954
22955
22956
22957
22958
22960
22962
22963
22964
22966
22967
22969
22970
22971
22973
22974
22975
22976
22977
22979
22980
22981
22982
22983
22984
22985
22986
22987
22988
22990
22991
22992
22993
22994
22995
22996
22997
22998
22999
23000
23001
23002
23004
23007
23008
23009
23010
23011
23012
23014
23015
23016
23017
23021
23022
23023
23024
23025
23027
23028
23029
23030
23032
23033
23034
23035
23036
23037
23038
23041
23043
23044
23045
23046
23049
23050
23053
23055
23057
23058
23059
23060
23061
23064
23065
23066
23067
23068
23070
23072
23073
23074
23075
23077
23079
23080
23081
23082
23083
23084
23085
23086
23087
23088
23090
23092
23093
23094
23095
23097
23098
23099
23102
23104
23105
23107
23108
23109
23110
23111
23112
23113
23114
23116
23117
23119
23120
23121
23122
23129
23130
23132
23133
23134
23135
23136
23137
23140
23141
23142
23143
23144
23145
23146
23148
23150
23152
23153
23154
23156
23157
23159
23161
23163
23164
23165
23166
23167
23168
23170
23171
23173
23174
23176
23177
23180
23181
23182
23183
23184
23185
23186
23187
23189
23190
23191
23192
23194
23195
23196
23197
23198
23199
23201
23202
23204
23206
23208
23209
23210
23211
23214
23215
23218
23219
23220
23221
23222
23223
23225
23226
23228
23229
23230
23231
23232
23233
23235
23237
23238
23239
23240
23241
23242
23243
23244
23245
23246
23249
23250
23251
23252
23254
23255
23258
23259
23261
23263
23264
23267
23268
23269
23270
23271
23272
23273
23274
23275
23276
23277
23278
23279
23280
23281
23282
23283
23284
23285
23286
23287
23288
23290
23291
23292
23293
23294
23295
23296
23297
23298
23299
23300
23301
23302
23304
23305
23307
23308
23309
23310
23311
23312
23313
23314
23315
23316
23317
23319
23320
23323
23324
23325
23326
23327
23329
23330
23331
23334
23335
23336
23338
23339
23341
23342
23343
23344
23345
23347
23348
23349
23351
23353
23354
23356
23357
23358
23359
23360
23361
23362
23364
23365
23366
23367
23368
23369
23371
23372
23373
23374
23377
23378
23379
23380
23381
23382
23383
23384
23386
23388
23389
23391
23394
23396
23397
23398
23399
23400
23401
23402
23405
23407
23408
23409
23410
23412
23413
23414
23417
23419
23420
23421
23422
23423
23424
23425
23426
23427
23428
23429
23430
23431
23432
23434
23435
23436
23437
23438
23439
23442
23443
23444
23446
23447
23448
23449
23450
23451
23452
23454
23455
23456
23459
23463
23464
23466
23469
23470
23471
23472
23474
23475
23476
23478
23479
23480
23481
23482
23483
23484
23485
23486
23487
23488
23489
23491
23492
23493
23494
23495
23497
23498
23500
23502
23506
23507
23508
23509
23510
23511
23513
23515
23516
23517
23520
23521
23522
23524
23526
23527
23530
23531
23532
23533
23535
23536
23537
23538
23539
23540
23542
23544
23547
23548
23549
23551
23553
23554
23555
23556
23557
23558
23559
23561
23562
23563
23564
23567
23568
23570
23571
23572
23573
23574
23575
23576
23577
23578
23579
23581
23582
23583
23584
23585
23586
23587
23588
23589
23591
23592
23595
23596
23597
23598
23600
23602
23603
23604
23606
23607
23608
23609
23610
23611
23612
23613
23614
23615
23616
23617
23618
23619
23620
23622
23624
23625
23626
23628
23630
23631
23632
23633
23634
23636
23638
23639
23640
23641
23642
23643
23644
23645
23646
23647
23648
23649
23650
23652
23653
23655
23657
23658
23661
23662
23664
23665
23668
23669
23672
23673
23674
23675
23676
23677
23678
23679
23680
23681
23682
23683
23684
23686
23688
23690
23692
23693
23695
23697
23698
23699
23700
23701
23702
23703
23705
23706
23708
23709
23711
23712
23713
23714
23716
23717
23719
23720
23721
23722
23723
23724
23727
23728
23729
23730
23731
23733
23734
23735
23736
23737
23738
23739
23740
23741
23743
23744
23745
23746
23747
23748
23749
23750
23751
23752
23753
23754
23755
23756
23757
23758
23759
23760
23761
23762
23763
23764
23765
23767
23768
23769
23770
23772
23773
23774
23775
23776
23777
23779
23783
23784
23786
23788
23790
23791
23793
23795
23796
23797
23799
23800
23801
23802
23804
23805
23806
23807
23809
23810
23811
23812
23813
23814
23815
23816
23818
23819
23820
23821
23822
23823
23825
23826
23827
23828
23830
23831
23832
23833
23834
23835
23836
23837
23838
23839
23840
23841
23842
23843
23844
23845
23846
23848
23849
23850
23851
23853
23854
23856
23857
23859
23860
23861
23862
23864
23866
23867
23868
23870
23872
23873
23874
23875
23877
23878
23879
23880
23882
23883
23884
23885
23887
23890
23891
23893
23894
23895
23896
23897
23898
23899
23900
23901
23903
23904
23906
23907
23908
23909
23910
23912
23913
23914
23915
23917
23918
23919
23920
23921
23922
23925
23926
23927
23928
23929
23930
23931
23932
23934
23935
23936
23937
23938
23940
23941
23942
23944
23945
23946
23950
23951
23952
23953
23954
23956
23957
23958
23959
23960
23961
23962
23963
23964
23965
23966
23967
23968
23969
23971
23973
23975
23977
23978
23979
23980
23982
23985
23986
23987
23989
23990
23991
23992
23994
23995
23996
23997
24001
24002
24004
24005
24006
24007
24009
24010
24012
24013
24014
24015
24016
24019
24021
24022
24023
24024
24025
24026
24027
24028
24030
24033
24034
24036
24037
24038
24039
24040
24041
24046
24048
24050
24051
24052
24053
24054
24056
24057
24059
24060
24062
24063
24064
24065
24066
24068
24072
24074
24075
24076
24078
24079
24080
24081
24082
24083
24084
24085
24086
24088
24089
24090
24091
24092
24093
24094
24095
24096
24097
24098
24100
24101
24102
24104
24105
24106
24109
24110
24111
24112
24113
24115
24116
24117
24118
24119
24120
24121
24122
24123
24124
24125
24126
24127
24128
24129
24133
24135
24136
24137
24138
24139
24140
24141
24142
24145
24146
24147
24148
24149
24150
24151
24152
24156
24157
24159
24160
24161
24163
24164
24165
24167
24170
24171
24173
24175
24177
24178
24179
24180
24183
24184
24186
24188
24189
24190
24191
24192
24193
24194
24195
24197
24199
24200
24201
24203
24204
24206
24207
24209
24210
24211
24212
24213
24214
24216
24217
24218
24219
24220
24222
24223
24224
24225
24226
24227
24228
24229
24230
24231
24233
24234
24235
24236
24237
24238
24239
24240
24241
24242
24243
24244
24245
24246
24249
24250
24252
24253
24254
24255
24261
24262
24263
24265
24266
24267
24268
24269
24270
24271
24272
24273
24274
24275
24276
24277
24279
24280
24281
24282
24283
24284
24285
24286
24288
24289
24290
24291
24293
24295
24296
24297
24298
24300
24301
24302
24303
24304
24305
24307
24308
24310
24312
24313
24314
24315
24316
24317
24318
24319
24321
24322
24323
24324
24326
24327
24328
24329
24330
24331
24332
24333
24334
24336
24337
24338
24339
24340
24341
24342
24343
24344
24346
24347
24348
24349
24350
24351
24352
24353
24354
24355
24357
24358
24359
24360
24361
24363
24364
24365
24366
24367
24368
24369
24370
24371
24372
24373
24374
24376
24378
24380
24381
24382
24383
24384
24385
24386
24387
24388
24389
24391
24393
24395
24396
24397
24398
24399
24401
24402
24403
24406
24407
24408
24409
24410
24411
24412
24413
24414
24415
24416
24418
24420
24423
24424
24425
24426
24427
24429
24432
24434
24435
24436
24437
24438
24439
24440
24441
24442
24443
24444
24445
24446
24447
24448
24450
24451
24453
24454
24455
24456
24457
24458
24459
24460
24461
24462
24463
24464
24466
24467
24468
24469
24470
24471
24475
24477
24478
24479
24480
24481
24482
24483
24484
24485
24486
24489
24490
24491
24493
24495
24496
24497
24500
24501
24502
24503
24504
24505
24507
24508
24509
24510
24512
24513
24515
24517
24518
24519
24521
24522
24523
24524
24525
24526
24528
24529
24530
24531
24532
24533
24534
24535
24536
24537
24538
24542
24544
24545
24546
24547
24548
24549
24551
24553
24554
24555
24556
24557
24558
24559
24560
24561
24562
24563
24565
24566
24568
24569
24571
24572
24573
24574
24575
24576
24577
24578
24579
24580
24581
24582
24583
24584
24587
24588
24590
24591
24593
24596
24597
24598
24599
24600
24601
24602
24603
24604
24606
24608
24609
24610
24612
24613
24614
24615
24616
24617
24618
24619
24620
24621
24622
24624
24625
24627
24628
24629
24630
24631
24633
24634
24635
24636
24637
24638
24639
24640
24641
24642
24644
24646
24647
24649
24651
24652
24654
24655
24656
24657
24658
24659
24660
24661
24662
24663
24664
24665
24666
24667
24669
24670
24672
24674
24677
24678
24679
24681
24683
24685
24687
24689
24690
24691
24693
24694
24695
24696
24697
24698
24699
24700
24701
24702
24703
24705
24708
24710
24712
24713
24714
24715
24716
24717
24718
24719
24720
24721
24722
24723
24724
24725
24726
24727
24729
24730
24731
24732
24733
24734
24735
24736
24737
24738
24739
24741
24742
24745
24746
24747
24749
24751
24752
24754
24755
24758
24759
24761
24762
24763
24764
24765
24767
24768
24769
24770
24772
24773
24775
24776
24777
24778
24779
24780
24781
24782
24784
24785
24787
24788
24790
24791
24792
24793
24794
24795
24797
24799
24802
24804
24805
24806
24807
24810
24811
24812
24813
24814
24815
24816
24817
24818
24820
24821
24822
24824
24825
24826
24828
24829
24830
24831
24832
24834
24836
24837
24838
24839
24840
24841
24842
24843
24844
24845
24847
24848
24849
24850
24851
24852
24853
24854
24855
24856
24857
24858
24860
24861
24863
24864
24865
24866
24867
24868
24869
24871
24873
24874
24875
24876
24878
24879
24881
24882
24886
24890
24891
24894
24897
24899
24900
24901
24903
24904
24905
24907
24909
24911
24915
24917
24918
24919
24921
24922
24923
24924
24927
24928
24929
24930
24932
24933
24934
24935
24936
24938
24939
24940
24941
24942
24944
24946
24949
24951
24952
24953
24955
24956
24958
24959
24960
24962
24963
24964
24965
24966
24967
24968
24969
24970
24972
24973
24974
24976
24977
24978
24979
24980
24981
24982
24983
24985
24986
24987
24988
24990
24991
24992
24993
24995
24998
24999
25001
25002
25003
25004
25005
25006
25008
25009
25010
25012
25013
25015
25016
25017
25018
25019
25020
25022
25023
25025
25027
25028
25029
25030
25031
25033
25034
25035
25038
25039
25041
25042
25043
25044
25045
25047
25049
25050
25051
25053
25054
25055
25056
25057
25058
25059
25060
25062
25063
25064
25065
25066
25067
25068
25070
25074
25075
25076
25077
25078
25079
25080
25081
25082
25083
25084
25087
25091
25092
25093
25094
25095
25096
25097
25098
25099
25100
25101
25103
25104
25105
25106
25107
25108
25109
25110
25111
25113
25114
25115
25116
25117
25118
25119
25122
25123
25124
25126
25127
25128
25129
25130
25131
25132
25133
25134
25137
25138
25140
25141
25142
25143
25144
25146
25147
25148
25149
25151
25152
25153
25154
25155
25157
25160
25161
25162
25163
25164
25165
25167
25168
25170
25171
25173
25174
25175
25177
25178
25181
25182
25186
25187
25189
25190
25191
25192
25193
25194
25197
25198
25199
25200
25201
25202
25204
25206
25207
25208
25209
25210
25211
25212
25213
25214
25215
25216
25217
25219
25220
25221
25222
25223
25224
25225
25227
25228
25229
25231
25232
25233
25234
25236
25237
25241
25243
25244
25245
25246
25247
25248
25249
25250
25252
25253
25255
25256
25257
25258
25259
25260
25261
25262
25263
25264
25265
25267
25269
25270
25271
25273
25274
25275
25276
25277
25278
25279
25280
25281
25282
25283
25284
25285
25286
25287
25289
25290
25291
25292
25293
25294
25295
25296
25297
25298
25299
25300
25301
25303
25304
25305
25307
25309
25310
25311
25313
25314
25315
25316
25317
25318
25320
25322
25323
25325
25326
25328
25329
25330
25331
25333
25334
25337
25339
25340
25341
25342
25343
25344
25346
25347
25348
25349
25351
25352
25353
25354
25356
25357
25358
25361
25362
25363
25364
25365
25366
25367
25368
25369
25371
25372
25374
25375
25376
25377
25378
25379
25380
25381
25382
25383
25385
25386
25387
25388
25389
25391
25392
25393
25395
25397
25398
25399
25400
25401
25402
25404
25405
25406
25407
25408
25410
25411
25413
25414
25415
25416
25417
25418
25419
25423
25424
25425
25426
25427
25428
25429
25430
25432
25433
25434
25435
25436
25437
25438
25439
25440
25442
25445
25446
25447
25449
25450
25451
25452
25453
25456
25457
25458
25459
25460
25461
25462
25463
25464
25465
25466
25467
25468
25469
25471
25472
25473
25476
25478
25479
25480
25481
25482
25483
25485
25487
25489
25490
25492
25493
25498
25499
25500
25501
25502
25503
25504
25505
25506
25508
25510
25511
25514
25516
25517
25518
25519
25520
25521
25522
25524
25525
25526
25527
25528
25529
25530
25531
25532
25533
25534
25535
25537
25538
25539
25540
25542
25543
25544
25545
25546
25547
25548
25549
25550
25551
25552
25553
25555
25556
25557
25558
25559
25561
25562
25563
25564
25565
25567
25568
25569
25570
25571
25572
25573
25575
25580
25581
25582
25583
25584
25585
25586
25587
25588
25590
25591
25592
25593
25595
25597
25598
25599
25600
25602
25605
25606
25609
25610
25611
25613
25615
25616
25617
25618
25619
25620
25621
25622
25624
25625
25626
25627
25628
25629
25631
25632
25633
25635
25637
25638
25639
25640
25641
25642
25643
25644
25645
25646
25647
25651
25652
25654
25655
25656
25658
25659
25660
25661
25662
25663
25664
25665
25666
25668
25672
25673
25674
25675
25676
25677
25678
25679
25680
25681
25682
25685
25689
25690
25691
25692
25693
25694
25695
25696
25697
25698
25700
25701
25702
25703
25704
25705
25707
25708
25709
25710
25711
25712
25714
25715
25716
25717
25718
25719
25720
25721
25722
25723
25724
25725
25726
25727
25730
25731
25732
25733
25734
25735
25736
25737
25738
25739
25740
25741
25742
25744
25745
25749
25750
25751
25754
25756
25757
25761
25762
25763
25766
25770
25771
25772
25773
25774
25775
25776
25778
25779
25780
25781
25784
25786
25788
25790
25791
25792
25793
25794
25795
25797
25798
25800
25801
25804
25805
25806
25807
25808
25810
25812
25814
25816
25817
25819
25821
25822
25823
25824
25825
25826
25827
25828
25830
25831
25832
25833
25835
25836
25837
25839
25840
25841
25843
25844
25847
25848
25849
25852
25854
25855
25856
25857
25858
25860
25862
25863
25864
25865
25866
25868
25869
25870
25872
25874
25875
25876
25877
25878
25879
25880
25881
25882
25883
25884
25885
25887
25888
25889
25891
25892
25893
25894
25895
25896
25897
25898
25899
25901
25902
25903
25905
25906
25907
25908
25909
25910
25911
25913
25914
25915
25917
25918
25919
25920
25922
25924
25927
25928
25929
25930
25931
25932
25933
25936
25938
25939
25940
25941
25942
25944
25945
25946
25948
25949
25950
25951
25952
25953
25954
25955
25957
25958
25960
25961
25962
25965
25966
25967
25968
25969
25970
25971
25972
25974
25975
25976
25977
25978
25979
25984
25986
25988
25989
25990
25991
25992
25993
25996
25997
25998
26000
26002
26003
26004
26006
26007
26008
26009
26010
26012
26013
26014
26015
26018
26019
26022
26023
26024
26025
26026
26027
26028
26029
26030
26031
26032
26033
26034
26035
26037
26038
26040
26041
26042
26043
26044
26047
26049
26050
26051
26052
26053
26054
26055
26058
26059
26060
26061
26062
26063
26065
26066
26067
26068
26072
26074
26075
26076
26077
26078
26079
26080
26083
26084
26087
26089
26091
26092
26093
26094
26095
26097
26098
26099
26100
26101
26102
26103
26104
26107
26108
26109
26110
26111
26112
26114
26115
26117
26118
26119
26120
26121
26122
26123
26124
26126
26127
26128
26129
26130
26132
26135
26137
26139
26140
26141
26143
26144
26146
26147
26148
26150
26151
26152
26153
26155
26156
26157
26158
26161
26162
26163
26164
26165
26167
26168
26170
26172
26173
26174
26177
26178
26180
26182
26183
26184
26185
26186
26187
26189
26190
26191
26192
26193
26194
26195
26196
26200
26201
26202
26204
26205
26206
26207
26208
26209
26211
26213
26214
26215
26216
26217
26222
26223
26225
26226
26227
26228
26230
26231
26233
26234
26235
26236
26237
26239
26241
26242
26243
26247
26248
26249
26250
26252
26253
26254
26256
26257
26258
26259
26260
26262
26263
26264
26266
26267
26268
26270
26271
26273
26274
26277
26278
26279
26280
26281
26284
26285
26286
26287
26288
26289
26290
26291
26293
26294
26295
26297
26298
26299
26300
26303
26304
26305
26306
26307
26308
26310
26312
26313
26314
26316
26317
26318
26320
26321
26323
26324
26325
26326
26328
26329
26331
26334
26336
26338
26340
26341
26342
26343
26344
26345
26346
26347
26348
26349
26350
26351
26352
26353
26354
26355
26357
26358
26359
26360
26361
26362
26364
26365
26367
26370
26372
26373
26375
26377
26379
26380
26381
26382
26383
26384
26385
26386
26387
26388
26389
26392
26393
26395
26396
26397
26398
26399
26401
26404
26405
26406
26407
26408
26409
26410
26412
26413
26417
26418
26420
26425
26427
26429
26431
26432
26433
26434
26436
26437
26439
26440
26441
26442
26443
26446
26450
26451
26453
26454
26456
26458
26462
26463
26464
26466
26467
26468
26469
26470
26471
26472
26473
26474
26475
26477
26479
26480
26482
26483
26486
26487
26488
26490
26491
26492
26493
26495
26496
26497
26498
26500
26501
26502
26503
26504
26506
26507
26508
26510
26512
26514
26515
26516
26517
26519
26521
26524
26525
26526
26527
26528
26530
26531
26532
26533
26534
26535
26536
26537
26539
26540
26541
26542
26543
26544
26545
26546
26547
26548
26549
26550
26551
26552
26554
26555
26556
26561
26564
26565
26566
26568
26569
26570
26572
26573
26574
26575
26576
26577
26578
26579
26582
26584
26585
26586
26587
26588
26589
26590
26591
26592
26593
26595
26596
26597
26599
26600
26602
26604
26605
26606
26608
26609
26610
26611
26612
26613
26614
26615
26616
26617
26618
26619
26621
26622
26623
26628
26629
26630
26631
26633
26634
26635
26636
26637
26640
26641
26642
26643
26644
26645
26646
26647
26648
26649
26650
26651
26653
26654
26655
26656
26657
26658
26659
26661
26662
26664
26665
26666
26667
26670
26671
26672
26674
26676
26677
26678
26679
26680
26681
26683
26684
26685
26686
26688
26689
26691
26694
26696
26698
26699
26701
26702
26703
26704
26705
26706
26708
26709
26710
26711
26713
26714
26716
26722
26723
26725
26728
26729
26730
26731
26732
26733
26734
26737
26738
26739
26740
26742
26745
26746
26747
26748
26750
26752
26754
26755
26756
26759
26760
26762
26763
26764
26765
26766
26767
26768
26769
26770
26771
26772
26773
26774
26775
26777
26778
26779
26782
26783
26784
26785
26786
26788
26789
26790
26791
26793
26796
26799
26801
26802
26803
26804
26805
26806
26807
26808
26809
26811
26812
26813
26814
26815
26816
26817
26819
26820
26821
26822
26823
26824
26825
26828
26829
26831
26832
26833
26834
26837
26838
26841
26842
26843
26845
26846
26847
26849
26850
26857
26858
26859
26862
26863
26864
26865
26870
26873
26875
26876
26878
26879
26880
26881
26882
26884
26886
26887
26889
26892
26893
26894
26895
26896
26897
26898
26899
26900
26901
26902
26903
26904
26907
26908
26909
26910
26911
26912
26913
26914
26915
26917
26918
26920
26921
26922
26923
26925
26926
26927
26928
26930
26931
26932
26933
26934
26935
26939
26943
26944
26945
26946
26948
26949
26950
26951
26952
26953
26954
26955
26956
26957
26958
26960
26961
26962
26963
26964
26965
26969
26970
26972
26973
26974
26975
26976
26977
26978
26981
26982
26984
26985
26987
26988
26989
26990
26991
26993
26994
26996
26998
27000
27005
27006
27007
27008
27009
27011
27012
27014
27016
27017
27018
27019
27020
27021
27022
27023
27025
27026
27027
27028
27030
27031
27033
27034
27035
27036
27038
27039
27040
27041
27043
27044
27045
27047
27048
27050
27051
27052
27053
27054
27056
27059
27060
27062
27063
27065
27066
27068
27069
27070
27072
27073
27074
27078
27079
27082
27083
27084
27085
27086
27087
27089
27090
27092
27094
27095
27097
27100
27101
27102
27103
27104
27105
27107
27109
27110
27111
27116
27117
27118
27119
27120
27121
27123
27124
27125
27127
27128
27129
27130
27131
27132
27134
27135
27137
27138
27139
27140
27141
27142
27143
27147
27149
27150
27152
27153
27154
27155
27156
27158
27159
27160
27161
27162
27163
27164
27165
27167
27168
27170
27172
27173
27174
27175
27176
27177
27179
27180
27181
27182
27183
27184
27186
27187
27188
27189
27190
27191
27193
27194
27196
27197
27198
27199
27201
27202
27203
27204
27206
27209
27210
27211
27212
27213
27215
27216
27218
27219
27221
27222
27223
27224
27225
27226
27227
27228
27229
27230
27232
27233
27235
27236
27237
27238
27240
27241
27242
27244
27245
27247
27248
27249
27251
27252
27254
27255
27256
27257
27258
27259
27260
27262
27263
27264
27265
27266
27268
27271
27273
27275
27276
27277
27278
27279
27280
27281
27282
27283
27284
27285
27286
27288
27289
27290
27291
27292
27293
27294
27295
27296
27299
27300
27301
27303
27304
27305
27306
27307
27308
27309
27310
27312
27313
27314
27315
27316
27317
27318
27319
27320
27323
27324
27325
27327
27329
27330
27332
27333
27335
27336
27337
27338
27339
27340
27341
27342
27344
27345
27347
27350
27351
27352
27354
27355
27356
27357
27358
27360
27362
27363
27365
27366
27367
27370
27371
27372
27373
27374
27376
27378
27379
27380
27381
27382
27384
27385
27386
27387
27388
27389
27390
27391
27392
27393
27394
27396
27398
27399
27400
27401
27402
27403
27404
27406
27409
27410
27412
27413
27415
27416
27418
27419
27420
27421
27422
27423
27424
27425
27427
27428
27429
27430
27431
27432
27433
27435
27436
27437
27438
27439
27441
27443
27445
27446
27447
27450
27451
27453
27454
27458
27459
27460
27462
27463
27464
27466
27467
27469
27470
27471
27472
27475
27477
27478
27480
27481
27482
27483
27484
27489
27490
27491
27493
27494
27496
27499
27500
27501
27502
27504
27509
27510
27512
27513
27514
27517
27519
27520
27521
27522
27523
27525
27526
27527
27528
27529
27530
27531
27532
27533
27534
27535
27538
27539
27541
27543
27544
27545
27547
27548
27549
27550
27551
27552
27553
27555
27556
27558
27559
27560
27562
27563
27565
27566
27567
27568
27569
27570
27571
27572
27573
27574
27576
27577
27580
27583
27584
27586
27587
27588
27590
27591
27592
27593
27594
27595
27596
27597
27598
27599
27600
27601
27604
27605
27606
27608
27609
27610
27611
27612
27614
27615
27616
27618
27619
27620
27621
27622
27624
27625
27626
27628
27629
27630
27632
27634
27635
27636
27639
27640
27641
27642
27643
27646
27647
27648
27649
27650
27651
27653
27654
27655
27656
27657
27659
27661
27662
27664
27665
27666
27667
27668
27669
27670
27671
27672
27673
27674
27675
27676
27677
27679
27680
27681
27682
27685
27686
27687
27689
27690
27692
27693
27695
27696
27698
27699
27700
27701
27704
27705
27706
27707
27709
27710
27712
27713
27714
27715
27717
27718
27719
27720
27721
27722
27723
27724
27725
27729
27730
27731
27733
27734
27735
27736
27738
27739
27740
27741
27742
27743
27745
27747
27748
27749
27750
27751
27753
27754
27756
27757
27758
27759
27760
27763
27764
27765
27766
27768
27769
27770
27771
27775
27776
27777
27779
27780
27781
27782
27784
27786
27787
27788
27789
27790
27791
27794
27795
27796
27797
27799
27800
27801
27803
27804
27805
27806
27807
27808
27809
27810
27811
27812
27814
27815
27817
27819
27820
27821
27822
27823
27824
27825
27826
27827
27828
27829
27830
27832
27833
27834
27837
27840
27841
27843
27844
27846
27847
27848
27849
27852
27853
27857
27858
27859
27860
27863
27864
27867
27868
27869
27871
27873
27876
27877
27878
27879
27882
27885
27886
27889
27891
27892
27893
27894
27895
27896
27897
27900
27902
27903
27905
27906
27908
27909
27910
27912
27914
27915
27916
27917
27918
27920
27923
27924
27925
27926
27927
27928
27929
27930
27933
27934
27935
27936
27938
27941
27942
27944
27946
27948
27949
27950
27952
27953
27955
27957
27958
27960
27962
27963
27965
27966
27967
27968
27971
27974
27976
27977
27978
27979
27980
27982
27984
27986
27987
27988
27989
27991
27992
27993
27994
27995
27997
27998
27999
28000
28001
28005
28006
28007
28008
28009
28011
28012
28013
28014
28015
28016
28017
28018
28020
28022
28024
28025
28028
28032
28036
28037
28040
28041
28042
28043
28044
28048
28049
28051
28052
28053
28054
28055
28056
28057
28058
28060
28062
28063
28065
28067
28068
28069
28072
28073
28074
28076
28077
28078
28079
28080
28082
28085
28087
28088
28089
28091
28092
28093
28094
28095
28097
28098
28099
28100
28101
28103
28104
28105
28106
28107
28109
28111
28112
28113
28114
28115
28118
28119
28120
28121
28122
28124
28125
28127
28133
28136
28137
28139
28140
28141
28142
28143
28144
28147
28148
28149
28151
28153
28154
28155
28156
28157
28158
28161
28163
28164
28165
28167
28168
28169
28170
28171
28173
28174
28176
28177
28180
28181
28183
28184
28185
28186
28187
28188
28190
28191
28192
28193
28194
28197
28198
28201
28203
28205
28206
28210
28211
28213
28215
28216
28217
28218
28219
28221
28223
28224
28225
28226
28227
28228
28230
28232
28233
28234
28235
28236
28238
28239
28240
28241
28243
28244
28246
28247
28248
28249
28250
28252
28253
28254
28256
28258
28259
28260
28261
28262
28263
28264
28265
28266
28267
28271
28272
28273
28274
28275
28279
28280
28282
28283
28284
28285
28286
28288
28290
28291
28292
28293
28295
28296
28297
28298
28299
28300
28301
28302
28303
28304
28305
28306
28308
28310
28312
28313
28314
28315
28317
28319
28320
28321
28323
28326
28327
28328
28329
28330
28331
28334
28336
28338
28339
28340
28341
28342
28343
28346
28348
28350
28352
28354
28356
28357
28358
28359
28360
28362
28365
28367
28370
28371
28372
28377
28378
28380
28381
28382
28384
28385
28387
28388
28389
28390
28391
28392
28393
28394
28395
28396
28397
28398
28400
28401
28403
28404
28406
28407
28408
28409
28412
28413
28414
28416
28417
28418
28421
28422
28425
28427
28428
28430
28431
28432
28433
28434
28435
28439
28440
28441
28442
28443
28444
28445
28446
28447
28449
28450
28452
28453
28454
28456
28457
28458
28459
28461
28462
28464
28465
28466
28468
28469
28470
28471
28472
28473
28474
28475
28476
28477
28480
28481
28482
28484
28485
28486
28487
28488
28489
28493
28494
28495
28496
28497
28498
28501
28503
28504
28506
28508
28509
28510
28511
28513
28514
28515
28516
28519
28520
28522
28523
28525
28528
28530
28531
28532
28535
28536
28538
28539
28541
28542
28543
28544
28546
28547
28549
28551
28552
28555
28556
28557
28560
28561
28562
28563
28564
28565
28566
28568
28569
28571
28572
28573
28574
28575
28581
28583
28584
28585
28586
28588
28589
28592
28593
28594
28595
28596
28597
28598
28599
28600
28602
28604
28606
28607
28608
28609
28614
28617
28619
28620
28621
28622
28623
28624
28625
28626
28627
28628
28629
28631
28632
28633
28635
28637
28638
28639
28641
28643
28644
28645
28647
28648
28649
28650
28651
28652
28655
28657
28658
28659
28662
28663
28664
28665
28666
28669
28670
28671
28673
28674
28675
28676
28677
28678
28679
28681
28682
28683
28684
28685
28686
28687
28688
28689
28690
28691
28694
28695
28697
28698
28699
28701
28702
28704
28705
28706
28707
28708
28709
28710
28711
28712
28713
28714
28715
28717
28718
28721
28722
28723
28724
28726
28727
28728
28729
28730
28731
28732
28733
28735
28737
28738
28739
28741
28742
28746
28747
28750
28751
28753
28754
28755
28756
28758
28759
28760
28761
28762
28763
28764
28765
28766
28767
28769
28771
28772
28773
28774
28776
28777
28778
28782
28783
28784
28786
28787
28789
28790
28792
28794
28797
28798
28799
28803
28804
28805
28806
28808
28810
28811
28815
28817
28818
28819
28820
28821
28825
28826
28828
28829
28830
28832
28833
28834
28835
28837
28838
28839
28840
28844
28845
28846
28847
28849
28851
28852
28853
28854
28855
28856
28857
28860
28862
28863
28864
28866
28867
28868
28869
28871
28872
28873
28874
28876
28879
28880
28882
28883
28884
28885
28886
28887
28889
28890
28891
28892
28893
28894
28898
28899
28901
28902
28904
28905
28907
28908
28909
28910
28911
28912
28913
28914
28915
28917
28918
28919
28920
28921
28924
28926
28928
28929
28931
28932
28933
28934
28935
28936
28937
28940
28941
28943
28944
28945
28946
28947
28949
28950
28953
28954
28955
28956
28957
28958
28959
28961
28962
28963
28964
28969
28970
28971
28972
28973
28974
28975
28976
28978
28979
28980
28983
28985
28986
28988
28990
28991
28992
28993
28994
28995
28996
28997
28999
29000
29001
29002
29005
29006
29007
29008
29010
29012
29013
29014
29015
29016
29017
29018
29021
29022
29025
29027
29028
29029
29031
29032
29033
29034
29035
29038
29039
29040
29041
29043
29044
29045
29046
29048
29050
29051
29053
29055
29056
29057
29058
29059
29060
29061
29062
29064
29066
29067
29068
29069
29071
29072
29074
29076
29077
29078
29080
29081
29082
29085
29086
29088
29089
29091
29092
29094
29096
29097
29099
29100
29101
29102
29103
29104
29105
29106
29108
29109
29110
29112
29113
29114
29115
29116
29118
29121
29122
29123
29125
29128
29129
29130
29131
29132
29133
29134
29135
29136
29137
29138
29140
29141
29142
29143
29144
29146
29149
29150
29152
29154
29155
29157
29158
29159
29160
29161
29164
29165
29166
29168
29169
29170
29171
29172
29174
29176
29177
29178
29179
29180
29182
29183
29184
29187
29188
29190
29191
29192
29193
29194
29199
29201
29202
29203
29204
29206
29208
29209
29210
29211
29213
29214
29216
29217
29219
29220
29221
29222
29223
29226
29229
29230
29231
29233
29234
29235
29237
29238
29243
29246
29247
29249
29251
29252
29253
29254
29255
29256
29257
29259
29260
29261
29262
29263
29264
29265
29268
29269
29270
29272
29273
29274
29280
29281
29282
29283
29284
29285
29286
29287
29288
29289
29292
29293
29294
29295
29296
29297
29298
29299
29300
29301
29302
29303
29306
29308
29309
29310
29311
29313
29314
29315
29316
29317
29318
29320
29321
29322
29324
29326
29327
29328
29329
29330
29331
29332
29334
29337
29338
29339
29341
29343
29344
29345
29346
29347
29348
29350
29351
29353
29355
29356
29358
29360
29362
29364
29367
29369
29370
29371
29372
29374
29375
29377
29378
29379
29380
29381
29382
29384
29385
29387
29388
29389
29390
29391
29392
29393
29394
29395
29396
29397
29398
29400
29402
29403
29404
29407
29408
29409
29412
29413
29414
29415
29419
29420
29421
29422
29424
29425
29426
29427
29428
29430
29433
29434
29435
29436
29437
29438
29439
29440
29441
29442
29443
29445
29446
29447
29448
29449
29452
29454
29456
29457
29458
29460
29463
29464
29465
29466
29468
29470
29471
29472
29474
29476
29477
29478
29479
29481
29482
29485
29487
29489
29490
29491
29492
29493
29494
29495
29496
29500
29501
29502
29503
29505
29506
29507
29508
29510
29511
29512
29517
29518
29519
29523
29525
29527
29528
29532
29533
29534
29535
29536
29537
29539
29540
29541
29542
29543
29544
29545
29547
29548
29549
29551
29552
29553
29554
29556
29557
29559
29560
29562
29563
29564
29566
29567
29569
29570
29571
29574
29577
29579
29581
29582
29584
29585
29586
29587
29588
29589
29591
29592
29593
29594
29595
29596
29597
29598
29602
29606
29607
29608
29611
29612
29615
29616
29617
29618
29619
29621
29622
29623
29624
29625
29627
29628
29629
29632
29633
29634
29635
29636
29637
29638
29639
29640
29642
29643
29644
29645
29646
29647
29648
29649
29650
29651
29653
29654
29655
29657
29658
29659
29661
29663
29664
29665
29666
29667
29668
29669
29670
29672
29677
29678
29681
29682
29683
29684
29685
29686
29687
29689
29691
29693
29694
29695
29696
29697
29699
29701
29703
29704
29705
29706
29707
29708
29711
29712
29713
29715
29717
29719
29720
29721
29722
29723
29725
29726
29727
29728
29729
29730
29731
29732
29735
29737
29738
29741
29742
29748
29749
29751
29752
29753
29754
29755
29757
29758
29760
29762
29763
29764
29765
29768
29770
29771
29772
29773
29774
29775
29776
29778
29780
29781
29783
29784
29786
29787
29788
29789
29791
29793
29794
29796
29797
29799
29801
29802
29804
29805
29806
29807
29808
29809
29812
29815
29818
29819
29821
29822
29823
29824
29826
29828
29829
29830
29831
29832
29833
29834
29835
29836
29838
29840
29841
29842
29843
29844
29845
29846
29847
29850
29851
29852
29853
29854
29856
29858
29859
29860
29861
29863
29864
29865
29866
29867
29868
29869
29873
29877
29878
29879
29880
29881
29883
29884
29885
29886
29887
29889
29890
29891
29892
29893
29894
29895
29896
29897
29899
29901
29902
29903
29905
29907
29908
29909
29910
29912
29913
29914
29915
29916
29918
29919
29921
29922
29925
29926
29927
29928
29929
29933
29934
29935
29936
29937
29939
29940
29941
29949
29951
29952
29953
29954
29955
29957
29958
29960
29961
29963
29964
29965
29966
29969
29971
29972
29973
29976
29977
29978
29979
29980
29981
29982
29983
29985
29986
29988
29989
29990
29991
29992
29993
29994
29995
29997
29998
29999
30000
30001
30002
30003
30004
30006
30007
30008
30009
30010
30012
30014
30015
30016
30017
30018
30020
30021
30022
30023
30026
30027
30028
30029
30030
30033
30034
30035
30036
30037
30038
30039
30040
30043
30044
30046
30047
30049
30051
30052
30053
30054
30056
30057
30058
30059
30062
30064
30065
30066
30067
30068
30069
30070
30071
30072
30074
30075
30076
30078
30079
30081
30082
30084
30086
30087
30089
30090
30091
30092
30094
30095
30096
30097
30098
30100
30101
30102
30104
30106
30107
30108
30111
30113
30114
30116
30117
30118
30119
30120
30122
30123
30125
30126
30127
30129
30131
30132
30133
30135
30136
30137
30138
30139
30140
30141
30142
30143
30145
30146
30147
30148
30149
30150
30151
30152
30155
30157
30159
30162
30164
30171
30172
30173
30174
30177
30179
30180
30181
30182
30183
30184
30185
30187
30189
30191
30192
30195
30198
30200
30203
30204
30205
30207
30208
30209
30211
30212
30214
30215
30217
30218
30219
30220
30221
30222
30223
30224
30225
30226
30227
30228
30231
30233
30235
30237
30239
30240
30241
30243
30245
30246
30250
30251
30252
30253
30255
30257
30260
30261
30262
30264
30265
30266
30267
30268
30269
30270
30271
30272
30276
30277
30278
30282
30284
30287
30289
30290
30291
30292
30293
30294
30296
30299
30303
30308
30310
30312
30315
30316
30317
30318
30319
30323
30324
30325
30326
30327
30328
30329
30330
30331
30332
30333
30334
30335
30336
30337
30338
30339
30340
30342
30344
30345
30347
30349
30351
30353
30354
30355
30357
30358
30360
30361
30362
30363
30364
30365
30366
30367
30368
30369
30370
30371
30373
30374
30376
30377
30378
30379
30382
30383
30385
30386
30387
30391
30393
30394
30396
30397
30398
30399
30401
30404
30405
30407
30408
30410
30411
30412
30413
30414
30415
30417
30419
30420
30421
30423
30425
30426
30430
30431
30433
30435
30437
30439
30442
30446
30451
30452
30453
30455
30456
30457
30458
30459
30461
30462
30463
30465
30466
30467
30470
30471
30472
30473
30474
30475
30476
30478
30479
30480
30481
30483
30484
30486
30487
30488
30489
30491
30492
30494
30496
30497
30498
30499
30501
30502
30503
30505
30506
30508
30509
30510
30511
30512
30513
30514
30515
30516
30519
30520
30521
30522
30523
30527
30533
30534
30535
30537
30538
30539
30541
30542
30545
30547
30550
30551
30552
30553
30557
30558
30559
30560
30561
30563
30564
30565
30566
30567
30568
30569
30571
30572
30573
30575
30576
30577
30578
30579
30580
30581
30586
30587
30588
30590
30591
30593
30594
30596
30597
30598
30599
30600
30601
30603
30604
30606
30610
30611
30612
30614
30615
30618
30619
30621
30622
30623
30624
30626
30629
30630
30631
30634
30635
30637
30638
30639
30640
30641
30642
30643
30644
30646
30647
30650
30651
30653
30654
30655
30656
30657
30659
30660
30661
30662
30663
30664
30666
30668
30669
30670
30672
30673
30674
30675
30676
30677
30678
30680
30681
30683
30684
30686
30687
30690
30691
30692
30693
30695
30696
30697
30698
30700
30701
30702
30703
30705
30709
30710
30713
30714
30715
30716
30717
30718
30719
30720
30722
30723
30724
30725
30728
30729
30730
30731
30733
30734
30737
30738
30740
30741
30742
30743
30744
30745
30746
30747
30748
30749
30750
30752
30753
30755
30756
30758
30760
30761
30762
30763
30764
30766
30769
30774
30775
30776
30777
30779
30781
30783
30784
30785
30787
30788
30789
30790
30792
30793
30794
30795
30796
30797
30798
30800
30801
30803
30805
30806
30807
30809
30810
30812
30813
30814
30815
30816
30817
30818
30819
30820
30821
30823
30824
30825
30827
30828
30831
30832
30834
30835
30836
30838
30841
30843
30846
30848
30850
30851
30852
30854
30855
30857
30858
30859
30860
30861
30862
30863
30864
30866
30868
30869
30870
30871
30873
30875
30876
30877
30878
30879
30881
30882
30883
30887
30888
30889
30890
30892
30893
30894
30895
30897
30899
30900
30901
30902
30904
30906
30909
30911
30912
30913
30914
30915
30916
30917
30918
30919
30923
30924
30926
30927
30928
30930
30931
30932
30933
30935
30937
30938
30939
30941
30942
30945
30946
30949
30951
30953
30954
30955
30957
30959
30960
30961
30962
30964
30965
30966
30967
30968
30969
30971
30974
30975
30976
30977
30978
30979
30980
30982
30986
30987
30988
30990
30991
30992
30993
30994
30995
30996
30997
30998
30999
31000
31001
31003
31005
31007
31008
31009
31011
31012
31013
31014
31015
31016
31022
31023
31024
31025
31026
31027
31028
31029
31030
31031
31032
31035
31036
31038
31039
31040
31042
31043
31046
31047
31049
31051
31052
31053
31054
31056
31057
31058
31061
31062
31063
31065
31071
31073
31074
31075
31076
31077
31078
31081
31083
31084
31085
31086
31087
31088
31090
31092
31094
31097
31098
31099
31100
31103
31104
31105
31106
31107
31108
31109
31111
31113
31114
31117
31118
31120
31126
31127
31128
31129
31130
31133
31134
31135
31136
31137
31138
31139
31141
31142
31143
31144
31146
31147
31150
31151
31152
31153
31154
31155
31157
31158
31159
31160
31162
31163
31164
31165
31167
31168
31169
31170
31172
31173
31174
31175
31178
31179
31180
31183
31184
31186
31187
31189
31190
31192
31193
31195
31196
31197
31198
31199
31201
31205
31206
31207
31209
31210
31211
31212
31213
31215
31216
31217
31218
31219
31220
31221
31223
31226
31227
31228
31229
31230
31231
31233
31235
31240
31241
31242
31243
31244
31245
31247
31248
31249
31251
31253
31255
31256
31257
31259
31260
31261
31262
31264
31265
31266
31267
31268
31269
31270
31271
31273
31276
31277
31281
31284
31285
31286
31287
31288
31291
31292
31294
31296
31297
31298
31299
31300
31302
31303
31304
31309
31310
31312
31313
31314
31315
31317
31318
31319
31320
31321
31324
31325
31326
31327
31328
31329
31330
31334
31335
31336
31337
31338
31340
31341
31343
31344
31346
31347
31348
31349
31350
31351
31352
31354
31355
31356
31358
31360
31361
31363
31364
31365
31367
31372
31374
31375
31376
31377
31378
31379
31380
31381
31383
31384
31385
31388
31389
31390
31391
31392
31393
31394
31402
31403
31404
31405
31408
31410
31411
31412
31414
31415
31416
31417
31419
31420
31422
31423
31424
31425
31426
31427
31428
31434
31435
31436
31437
31438
31439
31440
31442
31443
31445
31446
31447
31448
31449
31450
31452
31456
31458
31459
31460
31462
31464
31465
31466
31467
31468
31470
31471
31472
31473
31474
31477
31478
31479
31480
31483
31484
31485
31487
31488
31489
31490
31491
31493
31494
31495
31497
31498
31500
31502
31503
31504
31507
31508
31510
31511
31513
31516
31517
31519
31520
31521
31524
31525
31526
31528
31529
31532
31533
31534
31535
31538
31539
31540
31541
31542
31543
31546
31547
31548
31551
31552
31555
31556
31558
31559
31563
31564
31565
31566
31569
31571
31572
31573
31574
31575
31579
31580
31581
31582
31584
31586
31588
31590
31591
31592
31593
31594
31595
31596
31599
31600
31602
31603
31604
31605
31607
31609
31611
31612
31615
31616
31617
31619
31620
31621
31623
31625
31626
31627
31628
31629
31632
31633
31634
31635
31637
31638
31639
31640
31641
31643
31644
31645
31647
31649
31650
31651
31653
31654
31655
31656
31659
31660
31661
31663
31664
31665
31666
31669
31671
31672
31673
31675
31676
31677
31678
31680
31681
31683
31685
31686
31690
31692
31693
31694
31695
31697
31699
31700
31701
31703
31705
31706
31708
31711
31712
31713
31714
31718
31719
31720
31724
31725
31726
31727
31728
31730
31731
31732
31733
31734
31735
31737
31738
31740
31741
31744
31746
31747
31748
31751
31752
31753
31754
31756
31759
31760
31761
31763
31765
31766
31768
31769
31770
31776
31777
31779
31781
31784
31785
31788
31789
31790
31791
31793
31795
31799
31800
31801
31802
31803
31805
31808
31809
31810
31812
31813
31815
31816
31820
31821
31822
31823
31824
31826
31827
31829
31836
31837
31838
31840
31841
31844
31846
31848
31849
31850
31852
31853
31854
31855
31856
31858
31859
31860
31862
31863
31864
31865
31868
31870
31871
31872
31873
31874
31875
31877
31878
31879
31881
31882
31883
31884
31886
31887
31888
31890
31891
31896
31899
31900
31902
31903
31904
31906
31908
31909
31910
31911
31913
31918
31919
31920
31921
31923
31924
31925
31926
31927
31928
31929
31930
31931
31932
31935
31936
31937
31938
31939
31940
31941
31942
31943
31944
31945
31946
31948
31949
31950
31952
31954
31955
31956
31957
31958
31959
31961
31964
31965
31966
31968
31969
31970
31971
31972
31973
31974
31975
31976
31977
31978
31979
31980
31982
31983
31984
31985
31986
31987
31988
31989
31990
31991
31992
31994
31995
31996
31997
31999
32001
32002
32003
32004
32006
32007
32009
32010
32011
32013
32015
32016
32017
32020
32021
32022
32023
32025
32026
32027
32028
32031
32032
32035
32036
32038
32039
32040
32042
32043
32045
32048
32049
32050
32052
32054
32058
32059
32061
32062
32063
32065
32066
32071
32073
32074
32075
32076
32077
32079
32080
32082
32083
32084
32086
32087
32088
32089
32090
32091
32093
32094
32095
32096
32097
32099
32100
32102
32104
32107
32108
32109
32110
32112
32114
32115
32116
32117
32118
32119
32120
32121
32122
32123
32127
32128
32129
32130
32131
32132
32139
32141
32142
32143
32144
32145
32147
32148
32149
32150
32153
32154
32156
32157
32158
32159
32160
32163
32164
32167
32168
32169
32170
32171
32172
32174
32175
32176
32177
32178
32179
32182
32183
32184
32185
32187
32188
32189
32190
32191
32192
32193
32194
32195
32204
32205
32207
32208
32209
32210
32211
32212
32214
32216
32218
32219
32220
32223
32224
32225
32226
32227
32228
32230
32232
32233
32235
32236
32237
32238
32239
32241
32243
32246
32247
32248
32249
32250
32251
32252
32253
32254
32255
32256
32257
32258
32260
32261
32263
32264
32265
32267
32269
32270
32271
32272
32274
32275
32278
32279
32280
32282
32283
32284
32285
32286
32288
32289
32290
32291
32294
32296
32298
32300
32301
32302
32303
32305
32306
32308
32310
32311
32313
32314
32315
32317
32318
32319
32321
32323
32325
32327
32328
32330
32331
32332
32333
32334
32335
32336
32337
32338
32341
32342
32343
32344
32345
32346
32348
32350
32351
32353
32354
32355
32358
32359
32361
32362
32363
32364
32365
32367
32368
32369
32370
32372
32373
32374
32375
32376
32378
32379
32380
32381
32384
32385
32386
32387
32388
32389
32391
32393
32394
32396
32398
32399
32400
32404
32405
32407
32408
32410
32411
32412
32416
32417
32418
32419
32420
32424
32425
32427
32428
32430
32432
32433
32434
32436
32437
32439
32441
32442
32443
32445
32447
32449
32450
32451
32453
32454
32455
32459
32460
32462
32464
32466
32467
32468
32469
32471
32472
32473
32476
32477
32478
32480
32483
32484
32485
32487
32488
32490
32491
32493
32494
32495
32496
32497
32498
32499
32500
32503
32504
32505
32507
32508
32509
32511
32514
32515
32516
32517
32519
32520
32521
32523
32524
32525
32526
32527
32530
32532
32534
32537
32540
32541
32543
32544
32545
32549
32550
32551
32553
32554
32555
32556
32557
32559
32560
32561
32563
32565
32566
32567
32569
32570
32571
32572
32573
32577
32579
32582
32584
32585
32588
32590
32591
32595
32596
32597
32599
32602
32603
32604
32606
32607
32609
32610
32611
32613
32614
32616
32617
32620
32623
32624
32626
32627
32628
32630
32631
32633
32634
32635
32636
32637
32638
32639
32640
32641
32642
32644
32645
32647
32649
32650
32651
32653
32654
32655
32656
32657
32658
32659
32660
32662
32663
32665
32666
32668
32671
32673
32674
32675
32676
32677
32678
32679
32680
32681
32683
32687
32689
32690
32691
32692
32693
32695
32696
32699
32700
32708
32709
32710
32711
32712
32713
32714
32715
32717
32718
32719
32721
32722
32723
32725
32726
32728
32729
32732
32735
32736
32740
32741
32743
32745
32746
32749
32751
32752
32753
32754
32755
32758
32759
32760
32764
32766
32767
32769
32770
32773
32774
32775
32776
32777
32778
32779
32781
32783
32784
32785
32786
32787
32788
32790
32791
32792
32793
32794
32796
32797
32798
32800
32802
32804
32805
32807
32808
32811
32813
32814
32815
32817
32819
32820
32821
32822
32826
32827
32828
32829
32830
32831
32832
32833
32835
32836
32837
32838
32839
32843
32844
32845
32846
32847
32848
32849
32850
32853
32854
32856
32861
32862
32863
32865
32866
32870
32871
32872
32874
32875
32876
32877
32878
32879
32880
32881
32883
32886
32887
32889
32890
32892
32894
32895
32897
32898
32899
32900
32903
32906
32907
32909
32911
32913
32915
32916
32917
32918
32919
32920
32921
32923
32924
32925
32927
32929
32930
32931
32932
32933
32935
32938
32939
32940
32941
32942
32944
32946
32947
32948
32949
32952
32953
32954
32955
32956
32957
32958
32960
32961
32962
32963
32964
32965
32966
32967
32968
32969
32971
32972
32973
32974
32975
32979
32981
32982
32983
32985
32988
32990
32992
32994
32995
32996
32998
33001
33002
33005
33006
33007
33009
33010
33011
33016
33017
33018
33019
33021
33023
33024
33025
33026
33027
33028
33029
33030
33033
33034
33035
33037
33038
33039
33041
33042
33044
33045
33047
33049
33051
33052
33053
33055
33056
33057
33059
33060
33061
33062
33064
33066
33067
33068
33069
33072
33073
33075
33076
33078
33081
33083
33084
33085
33086
33087
33088
33089
33090
33091
33093
33094
33095
33096
33097
33098
33099
33100
33101
33102
33105
33106
33107
33108
33109
33110
33111
33112
33113
33114
33115
33118
33119
33120
33124
33125
33126
33129
33130
33132
33134
33135
33137
33138
33140
33142
33145
33146
33147
33148
33151
33152
33153
33155
33156
33157
33158
33159
33161
33163
33164
33165
33167
33170
33171
33172
33174
33175
33176
33177
33178
33179
33180
33182
33185
33186
33187
33188
33189
33190
33191
33192
33193
33194
33195
33199
33200
33203
33204
33205
33206
33208
33210
33211
33212
33213
33214
33215
33217
33218
33219
33220
33222
33226
33227
33229
33230
33231
33233
33235
33236
33237
33238
33239
33240
33241
33242
33244
33246
33248
33249
33250
33251
33252
33254
33256
33258
33259
33260
33261
33264
33265
33266
33267
33268
33269
33270
33271
33273
33274
33276
33277
33278
33283
33284
33285
33286
33287
33289
33290
33291
33293
33295
33298
33299
33300
33301
33302
33303
33304
33305
33307
33308
33309
33310
33311
33312
33313
33314
33315
33318
33319
33320
33324
33325
33326
33330
33331
33332
33333
33335
33337
33339
33340
33341
33342
33343
33344
33345
33347
33350
33351
33352
33353
33354
33355
33357
33358
33359
33360
33361
33362
33363
33366
33367
33368
33371
33373
33378
33379
33380
33382
33385
33386
33387
33388
33389
33392
33393
33394
33395
33397
33400
33401
33402
33403
33404
33405
33407
33408
33410
33413
33416
33417
33418
33419
33420
33421
33426
33427
33429
33430
33431
33433
33435
33436
33438
33439
33440
33441
33444
33445
33446
33447
33448
33449
33450
33451
33453
33454
33456
33457
33459
33461
33462
33464
33465
33466
33467
33468
33470
33472
33474
33475
33476
33479
33480
33481
33484
33485
33486
33487
33488
33489
33490
33491
33493
33494
33495
33496
33498
33499
33501
33502
33503
33508
33509
33510
33513
33514
33515
33517
33518
33519
33520
33524
33525
33528
33530
33532
33533
33534
33536
33537
33538
33539
33540
33541
33542
33543
33544
33545
33548
33549
33550
33551
33552
33553
33554
33555
33556
33557
33565
33567
33569
33572
33575
33576
33577
33578
33580
33582
33583
33584
33585
33586
33587
33589
33590
33591
33592
33593
33595
33599
33600
33601
33602
33603
33604
33606
33607
33608
33609
33611
33612
33613
33617
33618
33619
33621
33622
33625
33626
33629
33631
33632
33633
33634
33635
33639
33640
33642
33645
33648
33649
33651
33652
33654
33655
33656
33657
33658
33660
33661
33662
33664
33665
33666
33667
33670
33671
33673
33675
33676
33679
33681
33682
33683
33684
33685
33686
33687
33689
33690
33691
33692
33693
33694
33695
33697
33699
33700
33701
33702
33705
33709
33710
33711
33712
33713
33714
33717
33718
33720
33722
33723
33724
33725
33726
33727
33729
33730
33731
33732
33733
33734
33736
33737
33739
33740
33741
33742
33744
33746
33748
33750
33752
33753
33754
33756
33757
33758
33759
33760
33761
33762
33763
33764
33765
33766
33767
33768
33769
33770
33771
33773
33774
33776
33777
33778
33779
33780
33781
33782
33783
33784
33785
33786
33787
33788
33789
33791
33792
33793
33794
33795
33796
33797
33799
33800
33801
33802
33803
33804
33805
33807
33808
33809
33810
33811
33812
33813
33814
33815
33816
33817
33818
33820
33823
33825
33826
33827
33828
33829
33830
33832
33833
33836
33837
33838
33839
33840
33841
33843
33845
33847
33848
33849
33850
33853
33854
33855
33857
33858
33860
33861
33862
33863
33866
33868
33869
33871
33872
33873
33875
33876
33877
33880
33883
33887
33889
33893
33894
33897
33898
33899
33900
33901
33902
33905
33907
33910
33911
33912
33914
33915
33916
33917
33918
33920
33922
33924
33926
33928
33929
33930
33931
33932
33933
33935
33936
33939
33940
33944
33945
33948
33949
33950
33951
33952
33953
33954
33955
33956
33957
33958
33959
33960
33961
33962
33963
33964
33968
33969
33970
33971
33972
33973
33974
33977
33979
33980
33981
33983
33985
33987
33990
33991
33992
33993
33994
33995
33998
33999
34002
34004
34005
34006
34007
34008
34009
34012
34013
34015
34016
34017
34018
34021
34022
34023
34024
34025
34027
34029
34030
34032
34033
34035
34036
34037
34043
34044
34045
34047
34048
34049
34051
34052
34055
34057
34058
34059
34061
34063
34065
34066
34067
34072
34073
34074
34075
34077
34080
34081
34082
34085
34086
34088
34089
34091
34093
34094
34096
34097
34098
34099
34100
34101
34105
34106
34107
34108
34109
34110
34111
34112
34116
34117
34119
34124
34125
34126
34127
34129
34130
34131
34132
34134
34135
34136
34141
34142
34145
34146
34149
34150
34151
34153
34154
34156
34157
34158
34160
34162
34163
34164
34165
34167
34169
34170
34171
34173
34176
34178
34180
34181
34183
34184
34185
34186
34188
34189
34191
34192
34195
34196
34198
34200
34201
34205
34209
34210
34212
34215
34217
34218
34219
34220
34221
34224
34225
34227
34228
34229
34234
34235
34237
34238
34240
34242
34243
34244
34245
34246
34247
34249
34250
34252
34254
34256
34257
34258
34259
34261
34263
34264
34265
34266
34267
34268
34269
34270
34271
34274
34276
34282
34283
34284
34287
34288
34290
34291
34292
34293
34294
34295
34296
34297
34298
34299
34300
34301
34302
34303
34305
34307
34308
34310
34311
34313
34314
34315
34317
34319
34320
34322
34325
34327
34329
34330
34334
34337
34338
34339
34343
34344
34346
34350
34351
34353
34356
34358
34359
34361
34362
34364
34366
34367
34368
34369
34370
34371
34372
34373
34374
34375
34376
34377
34378
34379
34381
34382
34383
34384
34385
34386
34387
34388
34389
34390
34392
34393
34396
34397
34403
34404
34405
34406
34407
34408
34410
34411
34412
34413
34415
34416
34417
34418
34419
34420
34426
34427
34429
34430
34432
34438
34439
34440
34441
34444
34445
34447
34449
34450
34451
34455
34457
34459
34460
34462
34463
34465
34466
34467
34468
34470
34472
34473
34474
34475
34480
34481
34482
34483
34485
34488
34490
34491
34492
34493
34494
34498
34499
34500
34502
34503
34506
34507
34508
34510
34512
34513
34515
34518
34519
34520
34521
34523
34526
34527
34529
34531
34532
34533
34534
34535
34536
34537
34538
34539
34541
34542
34543
34547
34549
34551
34553
34555
34556
34557
34558
34559
34560
34563
34565
34566
34568
34570
34571
34572
34573
34574
34575
34576
34577
34578
34579
34580
34582
34583
34584
34585
34586
34587
34588
34589
34590
34593
34595
34596
34600
34601
34602
34603
34604
34605
34606
34607
34608
34609
34610
34611
34613
34617
34620
34622
34624
34625
34626
34628
34629
34630
34632
34633
34635
34636
34639
34641
34643
34644
34645
34646
34647
34648
34649
34652
34653
34654
34656
34659
34660
34661
34662
34663
34664
34665
34667
34669
34670
34671
34672
34673
34674
34675
34676
34677
34679
34681
34682
34684
34685
34686
34687
34690
34691
34693
34695
34699
34700
34702
34703
34704
34706
34707
34711
34712
34714
34716
34719
34722
34724
34725
34726
34727
34728
34729
34731
34732
34733
34736
34738
34741
34742
34744
34745
34747
34748
34750
34751
34753
34754
34755
34756
34757
34759
34761
34764
34765
34766
34767
34768
34771
34772
34773
34774
34775
34776
34779
34780
34781
34783
34784
34786
34787
34789
34793
34794
34795
34796
34797
34801
34802
34805
34806
34807
34808
34809
34810
34811
34813
34814
34816
34817
34818
34821
34822
34823
34825
34826
34827
34830
34831
34832
34833
34835
34838
34839
34840
34841
34842
34844
34845
34846
34848
34849
34852
34854
34855
34859
34860
34862
34863
34864
34865
34866
34867
34868
34869
34871
34872
34873
34874
34875
34876
34877
34878
34880
34881
34883
34885
34888
34889
34890
34891
34893
34896
34897
34898
34901
34902
34904
34905
34906
34907
34909
34912
34913
34915
34919
34920
34925
34926
34927
34928
34929
34930
34932
34935
34936
34937
34938
34939
34940
34941
34942
34943
34944
34945
34946
34950
34951
34952
34953
34954
34955
34956
34958
34961
34962
34965
34966
34968
34970
34971
34973
34979
34980
34982
34985
34987
34988
34990
34992
34993
34994
34995
34997
34998
35000
35002
35003
35007
35012
35013
35015
35016
35017
35018
35020
35021
35022
35023
35024
35029
35030
35032
35034
35035
35036
35037
35039
35041
35042
35043
35044
35045
35047
35048
35054
35055
35057
35058
35059
35060
35061
35065
35067
35069
35070
35072
35073
35074
35075
35076
35078
35080
35081
35082
35084
35085
35086
35087
35088
35090
35091
35092
35093
35094
35096
35097
35098
35100
35101
35102
35103
35104
35106
35108
35109
35110
35111
35112
35113
35114
35116
35117
35118
35119
35120
35123
35124
35125
35126
35128
35131
35133
35134
35135
35136
35137
35138
35139
35140
35141
35142
35143
35145
35147
35148
35149
35150
35152
35154
35155
35156
35157
35158
35159
35160
35161
35162
35163
35165
35166
35168
35169
35170
35172
35173
35174
35175
35178
35183
35184
35185
35187
35188
35189
35190
35193
35195
35196
35197
35199
35201
35202
35203
35204
35205
35207
35208
35209
35210
35212
35214
35215
35216
35218
35221
35223
35224
35226
35228
35229
35230
35231
35234
35237
35238
35239
35240
35241
35242
35243
35244
35246
35248
35250
35254
35255
35256
35257
35260
35261
35264
35265
35269
35271
35272
35274
35276
35277
35278
35282
35285
35286
35288
35296
35298
35299
35300
35301
35302
35306
35308
35311
35312
35313
35315
35316
35317
35318
35322
35325
35326
35328
35329
35330
35331
35337
35339
35340
35341
35342
35343
35344
35346
35348
35351
35354
35355
35356
35358
35359
35360
35363
35364
35365
35369
35371
35372
35374
35375
35376
35378
35380
35381
35382
35383
35386
35387
35390
35395
35397
35398
35399
35400
35401
35402
35403
35404
35406
35407
35408
35409
35412
35413
35414
35417
35418
35419
35420
35422
35423
35424
35425
35426
35427
35430
35431
35432
35433
35434
35435
35438
35439
35441
35442
35443
35444
35446
35451
35452
35456
35459
35461
35463
35464
35465
35466
35467
35468
35471
35473
35474
35475
35476
35477
35478
35479
35481
35482
35488
35489
35490
35491
35492
35493
35494
35497
35503
35504
35506
35511
35512
35513
35514
35515
35516
35519
35520
35521
35522
35523
35524
35525
35526
35528
35530
35531
35533
35538
35539
35542
35543
35544
35545
35546
35547
35548
35549
35550
35551
35555
35556
35557
35559
35560
35562
35564
35568
35571
35572
35574
35576
35577
35581
35583
35584
35585
35588
35589
35590
35591
35593
35594
35595
35598
35599
35600
35601
35602
35603
35604
35605
35608
35612
35614
35615
35617
35620
35621
35622
35623
35624
35625
35627
35629
35632
35633
35634
35635
35636
35637
35638
35640
35642
35643
35644
35647
35649
35653
35655
35657
35658
35661
35662
35664
35668
35669
35671
35672
35673
35674
35675
35677
35678
35679
35680
35682
35683
35684
35686
35688
35690
35691
35692
35693
35694
35695
35696
35697
35698
35700
35701
35702
35704
35705
35706
35707
35709
35711
35713
35715
35716
35718
35719
35721
35725
35726
35727
35728
35729
35732
35733
35735
35736
35737
35739
35740
35742
35744
35746
35747
35748
35749
35750
35751
35752
35754
35755
35757
35758
35759
35760
35761
35762
35764
35765
35766
35768
35769
35772
35773
35774
35775
35776
35777
35778
35779
35784
35786
35787
35788
35789
35790
35791
35792
35793
35794
35796
35798
35799
35800
35801
35806
35807
35808
35809
35810
35811
35812
35815
35817
35819
35821
35822
35824
35825
35826
35835
35836
35837
35838
35839
35840
35841
35843
35844
35845
35846
35848
35851
35852
35853
35855
35858
35859
35861
35862
35863
35864
35865
35867
35869
35872
35873
35874
35876
35877
35880
35881
35882
35883
35885
35886
35887
35890
35891
35892
35893
35894
35895
35896
35898
35899
35901
35904
35906
35907
35908
35909
35910
35911
35913
35914
35916
35917
35919
35920
35921
35922
35923
35924
35926
35929
35930
35931
35932
35934
35935
35936
35937
35938
35939
35941
35942
35943
35944
35945
35947
35948
35949
35955
35956
35958
35959
35960
35963
35965
35966
35967
35968
35969
35970
35971
35972
35973
35974
35975
35978
35979
35980
35981
35983
35984
35985
35986
35987
35988
35989
35990
35992
35995
35996
35997
35998
35999
36000
36001
36003
36004
36009
36010
36011
36012
36013
36015
36016
36017
36018
36021
36022
36025
36026
36027
36028
36030
36032
36033
36034
36035
36036
36037
36038
36039
36042
36045
36048
36049
36050
36052
36053
36055
36059
36060
36061
36064
36065
36066
36067
36070
36071
36073
36074
36075
36076
36078
36079
36082
36084
36087
36088
36089
36090
36091
36092
36093
36095
36097
36098
36100
36102
36105
36106
36109
36110
36112
36113
36114
36116
36118
36121
36123
36126
36127
36131
36132
36133
36136
36137
36138
36139
36141
36142
36144
36145
36146
36147
36151
36153
36154
36156
36157
36158
36160
36161
36162
36163
36164
36165
36166
36167
36168
36169
36170
36171
36174
36175
36176
36180
36181
36182
36184
36185
36186
36187
36188
36189
36190
36193
36195
36196
36198
36199
36200
36201
36203
36204
36205
36210
36211
36212
36213
36214
36215
36219
36221
36222
36225
36227
36228
36229
36230
36231
36232
36233
36234
36237
36239
36243
36244
36245
36246
36247
36249
36251
36252
36253
36254
36256
36257
36260
36261
36263
36265
36266
36267
36268
36269
36271
36274
36275
36277
36279
36280
36283
36284
36288
36289
36292
36294
36295
36297
36298
36299
36300
36303
36304
36306
36311
36312
36313
36314
36317
36318
36319
36320
36322
36325
36328
36330
36331
36333
36334
36335
36336
36337
36339
36341
36342
36344
36345
36346
36347
36348
36349
36350
36351
36352
36353
36354
36355
36358
36359
36361
36363
36365
36366
36367
36369
36370
36371
36372
36373
36375
36377
36379
36381
36382
36383
36385
36386
36388
36390
36391
36393
36394
36397
36398
36403
36409
36412
36414
36415
36416
36418
36419
36420
36421
36422
36423
36424
36425
36427
36428
36429
36432
36434
36435
36436
36437
36438
36439
36440
36442
36444
36445
36446
36447
36448
36450
36452
36453
36456
36457
36464
36465
36468
36470
36472
36474
36475
36478
36479
36480
36482
36483
36485
36487
36489
36490
36491
36492
36495
36496
36497
36498
36500
36501
36507
36512
36513
36514
36515
36516
36517
36519
36521
36523
36524
36527
36529
36530
36531
36534
36535
36536
36537
36538
36541
36544
36545
36546
36547
36549
36550
36552
36554
36555
36556
36557
36562
36563
36565
36569
36571
36574
36576
36577
36578
36579
36583
36584
36585
36586
36588
36589
36590
36591
36592
36593
36596
36597
36599
36600
36601
36602
36604
36605
36609
36613
36615
36616
36617
36618
36619
36620
36623
36624
36626
36627
36629
36630
36631
36632
36633
36634
36636
36637
36638
36639
36640
36641
36642
36643
36646
36647
36649
36650
36652
36654
36655
36656
36657
36660
36665
36667
36669
36670
36673
36676
36679
36680
36681
36683
36684
36685
36686
36687
36688
36690
36692
36695
36696
36699
36700
36702
36703
36707
36712
36713
36714
36717
36719
36721
36722
36723
36724
36725
36726
36728
36729
36732
36733
36734
36737
36739
36741
36742
36743
36744
36748
36749
36751
36759
36760
36763
36764
36766
36767
36768
36769
36770
36772
36773
36774
36780
36781
36783
36784
36785
36790
36791
36793
36794
36795
36796
36797
36798
36799
36800
36802
36803
36804
36806
36807
36808
36809
36810
36811
36812
36813
36814
36816
36817
36819
36821
36822
36823
36824
36825
36826
36828
36830
36831
36832
36833
36834
36835
36836
36837
36838
36839
36840
36841
36842
36843
36844
36845
36846
36847
36849
36850
36851
36852
36855
36856
36857
36860
36861
36862
36863
36864
36865
36866
36867
36870
36871
36875
36876
36877
36878
36879
36881
36882
36883
36884
36885
36889
36890
36891
36892
36893
36894
36895
36897
36898
36899
36900
36901
36902
36903
36907
36908
36909
36910
36911
36912
36913
36915
36917
36919
36920
36923
36924
36926
36927
36928
36931
36932
36933
36934
36935
36936
36937
36939
36940
36941
36942
36944
36945
36947
36948
36949
36951
36953
36954
36956
36958
36959
36960
36961
36962
36964
36965
36967
36970
36972
36973
36976
36978
36979
36980
36981
36982
36983
36984
36985
36986
36988
36990
36996
36998
36999
37001
37002
37005
37006
37008
37010
37011
37012
37013
37017
37019
37020
37022
37023
37024
37025
37026
37027
37028
37029
37033
37034
37036
37037
37040
37041
37042
37043
37045
37046
37047
37048
37049
37050
37052
37053
37054
37055
37057
37059
37060
37061
37062
37063
37064
37065
37066
37069
37070
37072
37073
37074
37075
37076
37078
37079
37080
37081
37083
37085
37087
37088
37089
37090
37092
37093
37097
37098
37099
37102
37103
37104
37105
37107
37109
37110
37112
37115
37119
37121
37122
37124
37125
37126
37127
37128
37129
37130
37131
37132
37134
37135
37136
37138
37139
37140
37142
37147
37149
37151
37152
37153
37154
37155
37157
37158
37159
37160
37161
37162
37163
37167
37168
37169
37170
37171
37172
37174
37177
37178
37179
37180
37181
37182
37183
37185
37186
37188
37189
37190
37194
37197
37198
37200
37201
37202
37203
37204
37205
37206
37207
37208
37210
37212
37215
37216
37218
37219
37220
37221
37222
37224
37225
37232
37233
37235
37236
37238
37240
37242
37244
37246
37247
37250
37252
37253
37254
37257
37259
37260
37265
37266
37267
37270
37271
37273
37274
37276
37278
37280
37281
37282
37284
37285
37286
37289
37291
37292
37294
37296
37298
37299
37303
37304
37306
37308
37309
37310
37312
37313
37314
37315
37316
37319
37320
37321
37323
37325
37326
37327
37328
37329
37331
37332
37333
37334
37335
37336
37337
37339
37342
37343
37344
37345
37347
37348
37350
37351
37352
37354
37356
37357
37358
37359
37360
37361
37363
37364
37365
37366
37367
37368
37374
37375
37378
37379
37380
37381
37382
37384
37385
37388
37389
37391
37392
37393
37395
37396
37398
37399
37400
37401
37402
37404
37412
37413
37414
37416
37417
37421
37422
37423
37424
37430
37431
37432
37434
37435
37436
37437
37439
37441
37442
37443
37444
37445
37447
37448
37451
37454
37455
37456
37457
37459
37460
37461
37462
37463
37465
37467
37471
37473
37474
37475
37476
37477
37478
37481
37482
37485
37487
37488
37490
37491
37493
37498
37499
37502
37506
37507
37511
37514
37515
37516
37518
37520
37522
37523
37525
37526
37527
37528
37529
37531
37534
37536
37537
37538
37539
37540
37541
37543
37544
37546
37547
37549
37550
37554
37555
37556
37557
37562
37563
37564
37567
37568
37569
37570
37572
37573
37574
37576
37579
37582
37584
37585
37586
37587
37589
37590
37591
37592
37593
37595
37597
37603
37604
37606
37608
37610
37611
37612
37613
37616
37617
37619
37621
37622
37629
37630
37631
37632
37633
37634
37635
37637
37638
37639
37640
37641
37642
37643
37647
37650
37651
37652
37653
37654
37655
37656
37657
37658
37663
37664
37665
37666
37667
37668
37671
37673
37674
37676
37677
37679
37680
37681
37683
37685
37686
37687
37689
37691
37693
37694
37695
37696
37698
37699
37700
37704
37705
37707
37708
37709
37713
37714
37715
37716
37717
37721
37725
37726
37728
37729
37730
37731
37732
37733
37734
37737
37739
37740
37741
37742
37743
37744
37747
37748
37750
37753
37754
37755
37756
37759
37760
37761
37762
37765
37767
37770
37771
37774
37775
37779
37780
37781
37785
37786
37787
37792
37793
37794
37796
37797
37799
37800
37803
37804
37805
37808
37809
37810
37812
37813
37816
37818
37819
37820
37823
37824
37825
37826
37827
37828
37829
37830
37831
37832
37834
37837
37838
37839
37841
37843
37844
37845
37846
37847
37848
37849
37850
37852
37853
37854
37857
37860
37864
37870
37871
37874
37876
37877
37879
37880
37882
37884
37885
37886
37887
37888
37890
37891
37894
37896
37897
37901
37906
37907
37908
37909
37910
37911
37912
37914
37916
37917
37918
37919
37922
37926
37932
37934
37935
37936
37938
37939
37942
37943
37944
37945
37950
37951
37954
37955
37956
37957
37958
37961
37962
37965
37967
37968
37970
37972
37974
37975
37976
37978
37980
37981
37984
37987
37989
37990
37993
37994
37995
37996
37998
37999
38000
38001
38002
38003
38004
38005
38007
38008
38009
38011
38012
38013
38016
38017
38018
38020
38024
38026
38027
38028
38029
38033
38036
38038
38041
38044
38045
38046
38047
38049
38050
38055
38056
38057
38058
38059
38060
38062
38065
38066
38067
38068
38070
38071
38073
38074
38075
38076
38081
38084
38085
38086
38089
38090
38091
38093
38094
38097
38099
38100
38103
38104
38105
38106
38107
38109
38111
38112
38113
38114
38116
38117
38121
38123
38125
38126
38127
38129
38130
38132
38134
38135
38136
38137
38139
38141
38144
38146
38147
38148
38149
38152
38153
38154
38155
38156
38157
38158
38160
38162
38166
38167
38168
38170
38172
38175
38176
38177
38179
38182
38185
38186
38187
38188
38189
38191
38192
38195
38196
38197
38198
38199
38200
38201
38202
38203
38205
38207
38208
38209
38210
38211
38214
38217
38219
38220
38224
38225
38226
38227
38228
38234
38236
38237
38238
38239
38240
38242
38243
38245
38247
38248
38249
38251
38252
38253
38254
38255
38256
38257
38258
38260
38261
38264
38266
38267
38268
38269
38273
38274
38275
38276
38277
38278
38279
38283
38284
38285
38287
38288
38289
38290
38292
38293
38294
38296
38299
38300
38301
38308
38309
38310
38314
38315
38318
38321
38322
38327
38329
38330
38331
38333
38334
38336
38338
38339
38343
38344
38345
38346
38347
38348
38349
38350
38351
38352
38353
38354
38358
38361
38362
38365
38366
38367
38368
38369
38372
38374
38375
38381
38383
38384
38385
38387
38389
38390
38391
38393
38394
38396
38397
38398
38400
38402
38403
38406
38407
38408
38409
38411
38415
38416
38418
38420
38421
38422
38423
38424
38425
38428
38429
38430
38432
38433
38435
38440
38442
38447
38448
38449
38450
38451
38453
38455
38456
38459
38460
38462
38463
38465
38469
38470
38472
38473
38474
38475
38476
38477
38478
38479
38480
38481
38482
38483
38484
38486
38488
38490
38491
38493
38495
38496
38498
38501
38502
38503
38505
38506
38508
38512
38515
38516
38517
38518
38519
38521
38522
38523
38524
38526
38528
38529
38531
38535
38537
38538
38539
38540
38541
38543
38544
38545
38548
38551
38552
38553
38556
38557
38559
38561
38562
38563
38564
38566
38568
38569
38570
38572
38573
38574
38577
38580
38581
38582
38583
38584
38585
38586
38587
38588
38589
38590
38591
38592
38593
38597
38598
38601
38603
38604
38606
38609
38611
38617
38619
38620
38621
38622
38623
38624
38625
38627
38631
38633
38634
38637
38638
38641
38643
38645
38648
38649
38653
38654
38656
38657
38661
38663
38665
38666
38667
38668
38669
38671
38672
38675
38676
38678
38679
38680
38681
38684
38685
38686
38689
38693
38694
38695
38696
38697
38698
38699
38700
38701
38702
38704
38707
38708
38709
38710
38711
38712
38715
38716
38718
38722
38725
38728
38729
38731
38733
38734
38737
38738
38739
38742
38743
38744
38746
38747
38749
38753
38754
38755
38756
38757
38758
38760
38761
38764
38766
38767
38770
38772
38774
38777
38778
38779
38780
38782
38783
38786
38787
38788
38789
38791
38794
38795
38796
38797
38798
38799
38800
38801
38804
38806
38807
38808
38810
38812
38815
38817
38818
38819
38820
38821
38823
38826
38828
38831
38832
38833
38836
38838
38839
38841
38842
38843
38844
38847
38848
38851
38853
38854
38855
38862
38863
38864
38865
38866
38867
38868
38870
38871
38872
38873
38874
38875
38876
38877
38880
38883
38886
38888
38889
38891
38892
38894
38895
38896
38897
38898
38901
38902
38904
38905
38906
38907
38909
38911
38913
38915
38916
38917
38920
38921
38923
38925
38926
38927
38928
38929
38930
38932
38934
38935
38936
38937
38943
38944
38946
38951
38952
38953
38956
38958
38961
38963
38965
38968
38971
38973
38976
38978
38981
38982
38983
38984
38985
38986
38987
38988
38989
38993
38996
38997
38999
39000
39003
39004
39005
39006
39007
39008
39009
39010
39012
39013
39015
39016
39017
39018
39019
39021
39023
39025
39026
39028
39029
39030
39031
39034
39035
39039
39040
39042
39044
39046
39047
39048
39049
39051
39054
39056
39059
39061
39064
39065
39066
39067
39068
39070
39072
39073
39074
39075
39076
39078
39081
39082
39084
39087
39089
39090
39091
39094
39095
39096
39097
39098
39099
39100
39102
39103
39105
39107
39108
39109
39110
39111
39113
39114
39115
39116
39117
39119
39120
39121
39122
39123
39124
39125
39126
39127
39128
39129
39130
39131
39132
39137
39139
39140
39141
39142
39144
39145
39146
39147
39149
39150
39151
39153
39155
39158
39159
39160
39161
39162
39163
39164
39167
39170
39173
39175
39177
39180
39181
39182
39184
39185
39186
39188
39189
39192
39194
39196
39198
39202
39204
39208
39210
39212
39213
39214
39215
39219
39220
39221
39222
39223
39224
39226
39228
39229
39230
39233
39234
39237
39238
39240
39241
39242
39244
39245
39248
39249
39252
39254
39255
39257
39258
39259
39262
39263
39264
39266
39267
39268
39270
39271
39273
39274
39275
39277
39280
39282
39285
39286
39287
39291
39292
39294
39295
39296
39297
39298
39299
39300
39303
39304
39306
39309
39313
39314
39317
39318
39319
39320
39321
39323
39328
39330
39331
39333
39334
39335
39336
39338
39339
39345
39346
39347
39348
39350
39352
39354
39355
39356
39358
39360
39362
39364
39365
39366
39368
39369
39371
39373
39375
39378
39379
39380
39381
39382
39383
39385
39386
39388
39390
39391
39393
39396
39399
39405
39406
39407
39410
39411
39412
39413
39415
39416
39417
39420
39421
39426
39429
39430
39432
39435
39437
39438
39440
39441
39443
39444
39445
39446
39448
39450
39451
39455
39456
39457
39459
39463
39464
39465
39466
39467
39468
39470
39471
39472
39475
39477
39478
39479
39481
39484
39485
39488
39489
39491
39492
39493
39495
39498
39499
39500
39503
39505
39506
39507
39508
39510
39511
39512
39513
39514
39515
39516
39520
39521
39523
39524
39525
39527
39529
39530
39531
39532
39535
39536
39537
39538
39539
39540
39542
39543
39544
39545
39547
39548
39549
39550
39551
39552
39553
39557
39559
39562
39564
39565
39566
39567
39570
39571
39572
39574
39576
39577
39578
39579
39580
39582
39585
39586
39587
39588
39589
39590
39592
39594
39598
39599
39600
39601
39603
39604
39606
39607
39609
39610
39612
39613
39614
39615
39616
39617
39618
39619
39621
39622
39626
39627
39630
39634
39635
39636
39639
39640
39641
39642
39643
39644
39645
39647
39648
39649
39650
39651
39652
39653
39654
39655
39656
39657
39661
39663
39664
39665
39666
39671
39672
39673
39674
39675
39677
39678
39679
39680
39681
39682
39686
39687
39688
39691
39692
39695
39698
39700
39702
39703
39704
39708
39709
39710
39714
39716
39717
39718
39720
39721
39724
39725
39726
39727
39728
39730
39733
39734
39736
39737
39740
39741
39742
39743
39744
39745
39746
39747
39748
39750
39751
39752
39753
39754
39755
39760
39761
39765
39766
39767
39768
39769
39770
39771
39773
39775
39776
39778
39779
39781
39782
39783
39787
39788
39791
39792
39793
39795
39796
39797
39799
39801
39802
39805
39809
39811
39812
39813
39815
39816
39821
39823
39826
39827
39830
39831
39833
39834
39835
39836
39837
39840
39842
39843
39844
39846
39847
39848
39849
39850
39851
39852
39853
39854
39859
39862
39865
39866
39867
39870
39871
39873
39874
39875
39876
39878
39879
39881
39886
39888
39890
39891
39893
39895
39898
39899
39903
39907
39908
39910
39911
39914
39915
39916
39918
39921
39922
39923
39924
39925
39926
39927
39928
39929
39930
39931
39934
39935
39937
39938
39939
39941
39942
39943
39946
39947
39949
39950
39951
39952
39953
39954
39955
39957
39958
39960
39961
39962
39963
39964
39965
39967
39968
39970
39972
39973
39975
39976
39978
39979
39982
39983
39984
39988
39989
39991
39994
39996
39997
39998
40000
40002
40003
40004
40005
40007
40008
40011
40012
40013
40014
40015
40016
40019
40020
40022
40025
40028
40029
40030
40031
40032
40033
40034
40036
40038
40039
40040
40042
40043
40046
40047
40049
40050
40052
40055
40056
40057
40059
40060
40061
40062
40064
40065
40066
40067
40070
40071
40072
40073
40075
40078
40080
40082
40084
40085
40086
40087
40088
40089
40090
40092
40093
40096
40097
40098
40099
40101
40102
40103
40106
40107
40108
40110
40112
40114
40115
40116
40118
40119
40121
40122
40124
40125
40126
40128
40129
40130
40131
40132
40134
40135
40136
40138
40139
40140
40142
40143
40144
40145
40146
40148
40149
40152
40154
40155
40156
40157
40161
40162
40163
40164
40165
40167
40170
40171
40173
40174
40175
40176
40179
40181
40182
40183
40188
40189
40190
40195
40197
40198
40199
40200
40201
40203
40204
40207
40208
40209
40210
40212
40217
40220
40223
40224
40225
40227
40229
40230
40231
40233
40235
40238
40239
40240
40241
40242
40249
40251
40252
40253
40257
40260
40262
40263
40271
40274
40275
40276
40278
40282
40284
40285
40287
40288
40289
40290
40292
40293
40295
40296
40297
40298
40300
40301
40302
40303
40304
40305
40309
40310
40311
40314
40315
40317
40323
40324
40328
40329
40331
40332
40334
40336
40337
40338
40339
40340
40341
40342
40343
40344
40345
40347
40350
40351
40352
40353
40354
40355
40356
40357
40358
40359
40360
40362
40363
40365
40366
40367
40368
40369
40370
40373
40374
40375
40376
40379
40381
40386
40387
40388
40391
40393
40396
40397
40398
40400
40403
40408
40409
40410
40414
40415
40416
40419
40420
40422
40423
40424
40425
40427
40428
40429
40432
40434
40435
40436
40438
40439
40441
40443
40444
40446
40447
40450
40452
40453
40454
40456
40457
40458
40459
40461
40462
40468
40469
40472
40473
40474
40475
40476
40479
40480
40481
40482
40485
40486
40488
40490
40491
40492
40493
40495
40496
40497
40499
40501
40503
40504
40506
40507
40509
40510
40512
40513
40516
40518
40519
40523
40525
40527
40528
40532
40534
40539
40541
40542
40543
40544
40545
40547
40548
40549
40550
40551
40552
40554
40555
40557
40559
40561
40562
40563
40565
40568
40569
40570
40571
40572
40573
40574
40575
40576
40578
40579
40581
40582
40584
40587
40589
40591
40593
40594
40595
40596
40598
40600
40602
40605
40606
40608
40609
40610
40611
40612
40613
40615
40619
40621
40622
40624
40625
40628
40629
40630
40631
40634
40635
40637
40639
40640
40641
40642
40645
40648
40650
40651
40652
40653
40656
40657
40659
40662
40664
40666
40667
40669
40670
40671
40673
40674
40675
40676
40677
40678
40679
40681
40682
40683
40684
40685
40687
40689
40693
40698
40699
40701
40702
40707
40708
40711
40712
40713
40714
40716
40717
40718
40719
40720
40722
40723
40727
40728
40729
40730
40731
40732
40734
40735
40736
40737
40740
40741
40742
40745
40746
40747
40748
40749
40751
40753
40755
40756
40757
40758
40759
40760
40761
40762
40763
40764
40769
40770
40773
40775
40778
40779
40781
40782
40784
40786
40788
40789
40790
40791
40792
40793
40795
40797
40798
40799
40802
40803
40808
40811
40812
40813
40817
40818
40819
40820
40821
40823
40825
40826
40832
40834
40836
40837
40838
40839
40840
40844
40846
40848
40849
40850
40851
40852
40853
40854
40855
40857
40858
40861
40863
40864
40866
40868
40870
40872
40874
40878
40879
40881
40884
40885
40889
40890
40891
40893
40894
40895
40896
40899
40900
40904
40905
40906
40909
40910
40912
40913
40915
40916
40917
40918
40919
40920
40921
40922
40927
40929
40933
40935
40938
40939
40940
40941
40945
40947
40951
40952
40953
40954
40957
40960
40961
40963
40967
40968
40969
40971
40972
40973
40974
40975
40976
40977
40978
40979
40980
40982
40983
40984
40986
40987
40988
40993
40996
40997
40998
40999
41000
41002
41005
41006
41007
41008
41009
41011
41012
41014
41015
41016
41019
41020
41022
41024
41025
41028
41031
41034
41036
41038
41039
41040
41041
41042
41044
41046
41047
41049
41050
41052
41053
41054
41055
41056
41057
41058
41059
41060
41061
41062
41064
41065
41067
41069
41075
41076
41077
41078
41080
41082
41085
41086
41087
41088
41089
41090
41093
41094
41095
41096
41097
41100
41102
41103
41104
41105
41106
41108
41111
41113
41114
41117
41118
41119
41120
41122
41124
41125
41126
41127
41128
41129
41130
41131
41132
41133
41134
41135
41139
41140
41141
41142
41143
41144
41145
41146
41147
41148
41151
41152
41155
41156
41158
41159
41163
41164
41166
41167
41168
41169
41170
41171
41172
41173
41174
41175
41177
41178
41179
41180
41182
41183
41184
41185
41186
41188
41191
41192
41195
41196
41200
41201
41203
41205
41206
41210
41211
41212
41213
41217
41219
41220
41221
41223
41224
41226
41227
41228
41229
41230
41231
41232
41234
41235
41239
41244
41245
41248
41251
41253
41257
41258
41259
41260
41261
41263
41264
41265
41266
41267
41268
41269
41270
41271
41272
41273
41274
41275
41276
41278
41280
41281
41282
41285
41286
41287
41288
41289
41290
41292
41293
41294
41295
41297
41298
41302
41304
41306
41307
41310
41312
41313
41314
41315
41317
41318
41320
41324
41325
41326
41327
41328
41329
41330
41332
41333
41334
41336
41339
41344
41345
41349
41350
41352
41353
41354
41356
41358
41359
41360
41361
41362
41364
41365
41366
41368
41369
41370
41371
41372
41375
41376
41378
41379
41380
41382
41384
41385
41386
41388
41391
41392
41393
41395
41397
41399
41402
41403
41405
41409
41410
41412
41414
41415
41416
41418
41419
41420
41423
41424
41425
41426
41427
41429
41434
41437
41438
41439
41441
41445
41446
41447
41451
41453
41454
41455
41457
41458
41459
41463
41464
41467
41468
41469
41470
41472
41476
41477
41478
41479
41480
41484
41487
41489
41490
41491
41495
41496
41497
41499
41501
41502
41504
41505
41507
41508
41510
41511
41512
41513
41514
41515
41517
41519
41520
41521
41523
41525
41528
41529
41531
41532
41535
41537
41538
41540
41542
41544
41545
41547
41548
41549
41550
41551
41552
41553
41554
41556
41557
41559
41560
41561
41562
41563
41564
41565
41567
41568
41569
41571
41572
41575
41577
41578
41582
41584
41585
41586
41587
41589
41590
41591
41593
41594
41600
41602
41603
41605
41606
41609
41611
41613
41614
41615
41616
41618
41619
41624
41625
41630
41632
41633
41634
41636
41637
41638
41641
41643
41645
41646
41647
41648
41649
41651
41653
41654
41655
41657
41658
41659
41661
41662
41663
41664
41666
41667
41669
41670
41674
41678
41680
41683
41684
41685
41689
41695
41696
41697
41698
41699
41700
41701
41702
41705
41706
41707
41710
41711
41712
41713
41714
41716
41717
41718
41720
41722
41724
41726
41728
41729
41730
41733
41735
41737
41738
41741
41743
41747
41750
41754
41755
41760
41763
41764
41767
41769
41771
41772
41774
41776
41778
41779
41780
41781
41783
41784
41785
41786
41787
41788
41789
41792
41793
41794
41795
41796
41797
41799
41801
41804
41805
41807
41808
41809
41813
41814
41815
41820
41824
41825
41829
41830
41831
41834
41835
41836
41839
41840
41841
41843
41846
41847
41850
41852
41853
41854
41855
41856
41858
41861
41863
41864
41866
41867
41868
41869
41871
41872
41873
41874
41875
41876
41877
41879
41880
41882
41883
41885
41886
41888
41889
41892
41899
41900
41902
41903
41904
41906
41907
41908
41912
41913
41915
41916
41920
41922
41923
41926
41928
41930
41931
41933
41934
41935
41936
41939
41942
41943
41944
41945
41946
41947
41948
41949
41951
41952
41953
41954
41955
41956
41957
41959
41960
41961
41962
41965
41968
41970
41973
41974
41975
41976
41978
41979
41980
41981
41982
41984
41986
41988
41992
41994
41995
41997
41998
42000
42001
42002
42004
42005
42007
42009
42010
42011
42012
42013
42014
42016
42018
42020
42021
42023
42024
42027
42032
42033
42035
42038
42042
42044
42046
42047
42048
42049
42050
42051
42052
42054
42055
42056
42057
42058
42059
42060
42061
42062
42064
42065
42069
42070
42072
42073
42075
42076
42078
42079
42080
42081
42084
42085
42087
42088
42090
42092
42093
42095
42096
42098
42099
42100
42101
42103
42104
42105
42106
42108
42109
42112
42115
42116
42117
42118
42119
42120
42122
42123
42125
42126
42127
42130
42132
42133
42136
42138
42139
42140
42143
42144
42145
42146
42149
42151
42152
42153
42154
42157
42158
42159
42160
42161
42162
42164
42165
42166
42167
42168
42169
42170
42173
42174
42176
42177
42179
42180
42181
42182
42185
42187
42189
42191
42195
42197
42198
42199
42202
42203
42204
42205
42206
42208
42209
42214
42216
42220
42221
42222
42223
42227
42228
42229
42230
42232
42234
42236
42237
42242
42244
42249
42250
42251
42254
42256
42258
42264
42266
42267
42268
42269
42270
42272
42276
42279
42280
42281
42284
42287
42288
42289
42290
42294
42295
42296
42297
42299
42303
42304
42306
42307
42311
42312
42314
42315
42316
42318
42320
42323
42324
42325
42326
42327
42328
42329
42331
42332
42334
42335
42336
42339
42340
42341
42344
42345
42349
42351
42353
42354
42355
42358
42359
42360
42362
42363
42364
42365
42366
42368
42369
42370
42371
42372
42373
42374
42377
42378
42380
42381
42382
42383
42384
42385
42386
42390
42391
42392
42396
42397
42398
42400
42401
42402
42405
42406
42407
42411
42412
42413
42416
42417
42418
42419
42422
42425
42426
42427
42428
42431
42432
42433
42434
42436
42440
42441
42442
42444
42446
42449
42450
42451
42452
42456
42457
42458
42459
42461
42462
42463
42464
42465
42466
42467
42469
42470
42471
42472
42473
42475
42476
42479
42480
42481
42484
42485
42491
42493
42495
42497
42498
42499
42500
42501
42502
42506
42507
42509
42513
42514
42516
42517
42519
42521
42522
42524
42525
42529
42530
42532
42533
42535
42538
42540
42543
42546
42549
42553
42558
42559
42561
42562
42564
42568
42571
42572
42578
42579
42583
42585
42590
42593
42594
42596
42597
42600
42601
42602
42604
42605
42606
42608
42610
42613
42614
42615
42616
42617
42618
42619
42624
42625
42628
42629
42630
42632
42634
42635
42637
42638
42641
42642
42643
42644
42648
42650
42651
42653
42654
42655
42661
42662
42665
42666
42667
42668
42672
42673
42674
42675
42676
42678
42680
42683
42684
42685
42689
42694
42695
42696
42701
42703
42704
42705
42706
42707
42709
42711
42712
42714
42715
42716
42718
42720
42721
42723
42724
42726
42727
42728
42730
42732
42733
42734
42735
42739
42741
42742
42743
42744
42746
42748
42749
42750
42753
42754
42756
42757
42759
42760
42761
42763
42764
42766
42768
42769
42770
42771
42773
42774
42775
42778
42780
42781
42783
42786
42787
42789
42791
42792
42793
42794
42797
42798
42799
42800
42801
42802
42803
42804
42807
42808
42809
42810
42812
42815
42817
42820
42821
42824
42826
42827
42828
42833
42834
42835
42836
42837
42838
42842
42843
42844
42846
42847
42849
42853
42854
42855
42856
42857
42859
42860
42861
42862
42863
42864
42865
42866
42868
42869
42872
42873
42874
42876
42878
42879
42880
42881
42882
42883
42884
42885
42887
42889
42896
42897
42898
42899
42900
42901
42902
42903
42904
42905
42909
42911
42912
42913
42914
42918
42919
42922
42926
42927
42929
42930
42932
42934
42935
42936
42937
42939
42940
42941
42942
42943
42945
42946
42950
42953
42955
42959
42960
42962
42964
42965
42966
42968
42969
42970
42971
42977
42983
42984
42985
42986
42988
42991
42992
42994
42995
42996
42997
42998
43000
43001
43004
43005
43006
43007
43008
43009
43011
43015
43016
43019
43020
43022
43027
43028
43029
43030
43032
43034
43035
43038
43039
43041
43042
43043
43044
43045
43047
43048
43051
43053
43055
43057
43061
43062
43065
43066
43070
43072
43073
43075
43077
43079
43081
43082
43085
43088
43089
43090
43092
43095
43096
43098
43099
43102
43104
43105
43110
43111
43113
43116
43117
43119
43120
43124
43126
43127
43128
43129
43130
43132
43133
43136
43137
43138
43139
43141
43142
43143
43145
43146
43147
43148
43150
43152
43155
43157
43158
43161
43164
43166
43167
43168
43169
43170
43173
43179
43181
43187
43188
43189
43190
43191
43193
43194
43195
43196
43197
43202
43204
43207
43208
43209
43211
43215
43216
43217
43219
43220
43221
43224
43225
43227
43229
43230
43236
43240
43241
43242
43244
43245
43247
43248
43250
43251
43254
43257
43258
43260
43261
43265
43267
43268
43269
43270
43272
43274
43277
43278
43279
43281
43282
43283
43285
43288
43289
43291
43294
43296
43298
43299
43300
43301
43303
43304
43305
43307
43309
43311
43314
43316
43317
43318
43319
43320
43323
43324
43325
43327
43329
43330
43334
43335
43337
43339
43341
43342
43345
43347
43354
43355
43356
43357
43361
43362
43364
43365
43366
43367
43369
43370
43371
43372
43374
43375
43379
43380
43381
43382
43386
43387
43388
43389
43390
43393
43394
43398
43399
43400
43401
43402
43406
43407
43408
43409
43413
43414
43417
43423
43424
43427
43428
43429
43431
43433
43434
43437
43439
43441
43442
43444
43445
43446
43447
43448
43449
43450
43451
43454
43456
43460
43462
43463
43466
43467
43468
43469
43471
43472
43473
43478
43479
43481
43482
43483
43485
43486
43487
43488
43489
43492
43493
43494
43495
43499
43500
43501
43502
43503
43504
43505
43508
43509
43510
43511
43512
43515
43517
43518
43521
43523
43524
43527
43528
43530
43531
43532
43534
43538
43540
43543
43544
43545
43546
43548
43551
43552
43555
43556
43558
43559
43560
43563
43565
43567
43568
43569
43570
43571
43575
43580
43581
43583
43591
43592
43594
43595
43600
43601
43602
43605
43611
43612
43613
43614
43615
43617
43618
43619
43621
43622
43623
43625
43626
43630
43631
43632
43633
43635
43636
43639
43640
43641
43643
43646
43647
43648
43649
43650
43651
43655
43659
43660
43661
43664
43665
43666
43668
43669
43670
43674
43675
43676
43677
43679
43680
43681
43684
43686
43687
43688
43690
43692
43693
43694
43696
43697
43699
43701
43702
43703
43707
43709
43710
43711
43714
43715
43716
43717
43718
43719
43724
43725
43726
43727
43729
43731
43732
43733
43734
43735
43736
43738
43739
43741
43742
43743
43744
43748
43750
43751
43752
43753
43756
43757
43759
43761
43762
43763
43764
43765
43766
43770
43771
43773
43774
43775
43776
43780
43782
43783
43786
43792
43796
43797
43798
43799
43804
43805
43806
43807
43808
43809
43814
43815
43817
43824
43825
43826
43827
43828
43830
43831
43832
43833
43834
43835
43837
43838
43841
43844
43845
43848
43849
43850
43853
43854
43856
43857
43859
43860
43861
43865
43866
43867
43870
43871
43872
43874
43875
43877
43879
43882
43883
43884
43885
43892
43894
43895
43896
43897
43899
43900
43902
43904
43906
43910
43911
43913
43915
43916
43917
43919
43920
43922
43923
43924
43926
43929
43933
43934
43935
43936
43937
43938
43939
43943
43946
43952
43953
43954
43957
43959
43962
43963
43965
43967
43969
43971
43976
43977
43979
43982
43984
43986
43987
43988
43991
43992
43993
43994
43995
43996
43998
43999
44001
44002
44003
44006
44007
44009
44010
44020
44022
44023
44025
44026
44027
44028
44029
44030
44031
44032
44034
44037
44038
44040
44041
44043
44044
44045
44047
44048
44049
44052
44054
44055
44058
44059
44061
44062
44066
44074
44075
44080
44083
44084
44085
44086
44087
44089
44091
44094
44095
44098
44101
44102
44103
44104
44106
44107
44109
44113
44115
44116
44118
44119
44121
44123
44125
44126
44127
44130
44131
44132
44133
44134
44137
44139
44141
44142
44143
44144
44145
44146
44148
44149
44150
44151
44153
44154
44155
44157
44159
44163
44165
44168
44169
44170
44171
44173
44174
44175
44177
44178
44182
44183
44184
44185
44189
44191
44192
44193
44197
44198
44199
44202
44204
44206
44207
44208
44212
44213
44216
44217
44218
44219
44220
44221
44222
44223
44225
44226
44227
44228
44231
44232
44236
44237
44239
44240
44241
44242
44243
44244
44245
44246
44247
44250
44253
44254
44255
44258
44259
44261
44264
44265
44266
44268
44270
44271
44272
44273
44274
44275
44277
44278
44279
44281
44282
44283
44284
44289
44290
44292
44295
44297
44298
44300
44305
44307
44311
44312
44313
44314
44315
44317
44318
44319
44324
44325
44327
44329
44330
44331
44333
44334
44335
44339
44340
44341
44343
44345
44346
44347
44350
44351
44353
44357
44359
44361
44362
44363
44364
44365
44367
44368
44369
44372
44375
44376
44385
44388
44393
44394
44395
44396
44397
44398
44399
44401
44402
44403
44404
44405
44409
44410
44411
44412
44413
44414
44417
44418
44422
44424
44425
44426
44429
44431
44433
44436
44439
44442
44443
44444
44446
44448
44449
44452
44456
44457
44458
44459
44460
44463
44464
44465
44466
44472
44474
44475
44476
44477
44480
44482
44483
44484
44485
44486
44487
44490
44491
44492
44493
44495
44498
44499
44500
44501
44502
44504
44505
44509
44510
44511
44515
44517
44518
44519
44520
44521
44523
44524
44525
44526
44529
44530
44531
44532
44533
44536
44538
44539
44542
44543
44546
44548
44549
44550
44552
44555
44556
44557
44558
44559
44560
44561
44562
44564
44566
44569
44571
44572
44573
44574
44575
44576
44577
44579
44582
44586
44587
44588
44589
44594
44595
44598
44599
44600
44602
44603
44606
44610
44613
44616
44619
44622
44623
44627
44628
44629
44630
44632
44634
44635
44641
44643
44644
44646
44647
44652
44653
44657
44658
44659
44662
44663
44665
44669
44670
44671
44672
44673
44674
44675
44676
44678
44679
44680
44681
44683
44684
44687
44690
44692
44693
44697
44698
44699
44701
44702
44704
44712
44713
44714
44716
44717
44718
44719
44720
44722
44723
44730
44731
44732
44733
44734
44736
44737
44739
44740
44743
44745
44746
44747
44748
44749
44751
44752
44754
44755
44758
44761
44767
44768
44769
44770
44772
44773
44776
44780
44781
44782
44784
44787
44788
44789
44790
44794
44795
44796
44798
44800
44804
44806
44808
44812
44813
44815
44816
44817
44818
44819
44820
44821
44823
44824
44826
44829
44830
44833
44835
44836
44838
44839
44841
44842
44843
44844
44845
44846
44848
44850
44851
44852
44853
44854
44855
44857
44859
44860
44862
44864
44868
44869
44870
44875
44876
44877
44878
44879
44880
44881
44883
44885
44886
44888
44893
44896
44898
44899
44900
44902
44903
44905
44909
44910
44914
44916
44917
44918
44920
44921
44922
44923
44925
44926
44928
44931
44932
44933
44934
44935
44937
44938
44940
44941
44942
44946
44949
44952
44953
44955
44959
44960
44961
44962
44963
44964
44966
44967
44969
44970
44971
44972
44975
44976
44978
44980
44983
44984
44989
44996
44997
45001
45002
45003
45004
45005
45006
45009
45010
45011
45012
45013
45016
45018
45023
45024
45025
45026
45028
45030
45031
45032
45034
45035
45037
45040
45041
45042
45043
45044
45047
45048
45049
45051
45052
45053
45054
45056
45058
45059
45060
45061
45063
45065
45068
45069
45071
45074
45076
45077
45078
45079
45083
45084
45085
45086
45087
45088
45089
45090
45091
45093
45095
45096
45097
45099
45101
45103
45106
45107
45108
45110
45112
45113
45114
45123
45124
45126
45127
45128
45130
45131
45132
45133
45134
45136
45138
45140
45141
45146
45147
45148
45149
45151
45154
45156
45157
45160
45161
45163
45164
45166
45168
45170
45172
45174
45175
45179
45182
45183
45186
45190
45191
45192
45193
45195
45196
45197
45198
45199
45200
45202
45203
45205
45207
45208
45209
45213
45214
45216
45217
45221
45222
45223
45227
45228
45229
45231
45233
45238
45239
45240
45243
45245
45247
45248
45249
45251
45252
45253
45256
45257
45259
45262
45263
45266
45269
45270
45271
45273
45274
45275
45276
45277
45279
45284
45285
45286
45287
45289
45290
45294
45297
45299
45300
45302
45304
45305
45306
45308
45309
45311
45312
45315
45319
45320
45322
45324
45326
45327
45328
45329
45330
45332
45333
45334
45338
45339
45341
45342
45343
45345
45346
45347
45348
45349
45351
45356
45358
45360
45361
45362
45364
45365
45366
45367
45368
45369
45371
45373
45374
45375
45376
45378
45379
45382
45389
45390
45391
45392
45393
45395
45396
45397
45398
45400
45401
45402
45403
45404
45407
45411
45412
45417
45418
45421
45425
45426
45427
45429
45430
45432
45435
45436
45437
45440
45441
45442
45444
45445
45446
45447
45451
45453
45454
45456
45457
45462
45463
45465
45466
45472
45473
45474
45476
45477
45478
45479
45482
45485
45489
45492
45493
45494
45495
45496
45498
45503
45504
45510
45511
45514
45516
45517
45518
45521
45522
45523
45524
45525
45526
45530
45531
45532
45534
45535
45536
45537
45538
45540
45543
45544
45545
45546
45547
45548
45550
45551
45552
45553
45554
45555
45557
45559
45560
45562
45563
45566
45567
45568
45569
45570
45573
45574
45576
45577
45579
45580
45583
45584
45585
45586
45590
45592
45593
45594
45597
45600
45601
45602
45604
45605
45606
45607
45608
45610
45615
45618
45619
45620
45621
45622
45624
45625
45626
45627
45631
45632
45633
45635
45637
45639
45640
45641
45646
45648
45649
45650
45652
45653
45656
45658
45659
45660
45662
45665
45666
45667
45668
45669
45670
45675
45676
45677
45685
45686
45689
45690
45691
45692
45693
45695
45696
45697
45699
45701
45702
45703
45704
45707
45708
45711
45712
45713
45714
45715
45719
45720
45724
45725
45726
45727
45729
45730
45731
45732
45734
45735
45736
45740
45742
45743
45744
45745
45747
45750
45751
45752
45753
45755
45757
45758
45759
45760
45762
45765
45766
45770
45771
45772
45773
45774
45775
45776
45778
45783
45784
45787
45788
45790
45793
45794
45796
45797
45798
45799
45801
45802
45807
45811
45812
45814
45816
45817
45822
45823
45827
45828
45829
45830
45831
45832
45834
45836
45838
45839
45841
45842
45843
45847
45848
45849
45850
45852
45853
45854
45855
45856
45859
45860
45861
45862
45863
45864
45865
45866
45867
45868
45869
45875
45878
45879
45881
45882
45883
45884
45887
45888
45890
45891
45892
45895
45896
45899
45900
45901
45902
45903
45904
45906
45907
45912
45913
45914
45916
45918
45919
45920
45922
45923
45924
45926
45928
45930
45933
45935
45936
45938
45941
45942
45943
45944
45947
45948
45949
45950
45952
45954
45956
45957
45961
45962
45964
45965
45967
45968
45970
45971
45972
45974
45976
45977
45978
45979
45982
45985
45986
45987
45991
45992
45993
45995
45996
45998
46000
46001
46003
46004
46006
46008
46009
46011
46013
46014
46015
46016
46018
46024
46026
46028
46029
46032
46033
46034
46035
46036
46037
46039
46040
46041
46042
46043
46046
46047
46048
46052
46053
46056
46057
46058
46060
46061
46062
46064
46065
46066
46069
46070
46071
46073
46074
46075
46076
46078
46080
46081
46082
46083
46084
46086
46088
46090
46091
46093
46095
46097
46099
46100
46101
46103
46108
46110
46112
46113
46118
46120
46121
46123
46124
46127
46128
46129
46133
46137
46138
46139
46141
46142
46143
46144
46146
46147
46149
46150
46154
46156
46157
46159
46160
46161
46162
46163
46168
46169
46170
46171
46173
46174
46175
46179
46181
46183
46185
46187
46189
46190
46192
46193
46194
46197
46199
46200
46201
46205
46207
46208
46212
46213
46216
46219
46220
46221
46222
46224
46225
46226
46227
46228
46230
46231
46232
46234
46235
46237
46238
46240
46242
46245
46246
46247
46250
46251
46252
46253
46254
46255
46259
46261
46264
46265
46266
46268
46270
46272
46275
46277
46279
46283
46284
46285
46287
46288
46289
46290
46291
46293
46295
46296
46299
46300
46301
46302
46303
46306
46310
46313
46314
46315
46316
46317
46318
46322
46323
46325
46328
46329
46330
46332
46333
46338
46339
46341
46342
46343
46346
46347
46348
46349
46351
46353
46355
46356
46357
46358
46360
46361
46362
46363
46366
46367
46368
46369
46370
46373
46375
46377
46378
46379
46383
46385
46389
46390
46391
46393
46396
46399
46400
46402
46405
46409
46410
46413
46414
46415
46417
46420
46422
46423
46424
46425
46428
46429
46431
46433
46435
46437
46438
46439
46440
46444
46446
46447
46448
46449
46450
46451
46452
46453
46455
46459
46462
46467
46471
46472
46473
46474
46476
46479
46480
46481
46482
46483
46484
46485
46487
46489
46490
46491
46492
46495
46496
46497
46499
46500
46501
46503
46505
46507
46508
46512
46517
46520
46521
46522
46523
46525
46526
46528
46529
46530
46531
46532
46533
46534
46535
46537
46539
46541
46546
46547
46548
46549
46551
46552
46553
46554
46555
46557
46559
46560
46563
46564
46565
46567
46568
46570
46571
46572
46575
46577
46578
46584
46586
46587
46590
46591
46593
46595
46596
46597
46598
46599
46600
46601
46602
46606
46607
46608
46610
46611
46614
46616
46617
46618
46620
46622
46627
46629
46631
46632
46633
46634
46639
46640
46641
46648
46649
46654
46655
46656
46657
46662
46664
46665
46668
46672
46674
46675
46676
46678
46680
46682
46683
46685
46687
46689
46690
46691
46692
46693
46695
46696
46697
46699
46700
46701
46703
46705
46706
46711
46712
46714
46715
46716
46718
46719
46720
46723
46724
46726
46729
46730
46731
46734
46736
46737
46738
46743
46744
46747
46749
46750
46751
46753
46755
46757
46758
46759
46761
46767
46768
46770
46772
46773
46775
46776
46777
46778
46779
46780
46781
46782
46784
46785
46786
46787
46793
46799
46800
46801
46806
46808
46809
46810
46812
46813
46817
46819
46820
46824
46825
46826
46827
46828
46829
46830
46832
46834
46838
46839
46840
46843
46847
46848
46850
46853
46854
46855
46856
46857
46863
46866
46867
46870
46871
46872
46877
46878
46880
46881
46886
46890
46891
46893
46894
46896
46897
46898
46900
46902
46912
46914
46915
46916
46918
46921
46922
46923
46925
46926
46927
46928
46930
46931
46932
46934
46936
46937
46938
46939
46940
46943
46944
46945
46946
46947
46950
46953
46957
46958
46961
46962
46963
46964
46966
46967
46968
46974
46975
46976
46981
46985
46987
46988
46989
46991
46992
46994
46995
46999
47000
47001
47002
47003
47006
47007
47010
47013
47015
47016
47017
47020
47022
47023
47026
47027
47029
47033
47038
47045
47047
47049
47050
47051
47055
47056
47057
47058
47061
47062
47063
47064
47065
47066
47067
47070
47072
47077
47079
47080
47086
47090
47091
47092
47093
47094
47095
47096
47099
47100
47102
47103
47105
47106
47108
47109
47110
47114
47116
47121
47122
47123
47124
47126
47128
47132
47133
47138
47140
47141
47144
47147
47149
47151
47153
47154
47157
47158
47159
47160
47161
47163
47164
47165
47166
47173
47176
47179
47182
47185
47187
47189
47191
47192
47193
47194
47196
47197
47198
47202
47203
47204
47205
47206
47209
47210
47212
47214
47216
47217
47218
47219
47221
47227
47228
47230
47231
47232
47233
47234
47235
47236
47237
47238
47241
47243
47246
47248
47249
47255
47256
47259
47260
47262
47264
47265
47267
47268
47269
47271
47272
47275
47276
47277
47278
47279
47280
47283
47285
47286
47288
47289
47290
47293
47296
47298
47300
47302
47303
47304
47305
47308
47315
47317
47321
47324
47325
47326
47327
47328
47332
47334
47336
47337
47338
47339
47340
47341
47343
47344
47345
47351
47353
47354
47356
47358
47360
47361
47362
47364
47366
47368
47371
47372
47373
47377
47380
47381
47382
47383
47384
47388
47389
47391
47393
47394
47396
47397
47398
47399
47406
47407
47410
47411
47412
47413
47416
47419
47420
47421
47422
47424
47426
47434
47438
47439
47440
47441
47443
47444
47445
47450
47451
47452
47453
47455
47456
47457
47458
47459
47460
47461
47464
47468
47471
47473
47476
47477
47478
47479
47485
47486
47488
47489
47493
47494
47499
47500
47501
47502
47506
47508
47511
47512
47514
47517
47526
47527
47529
47532
47533
47534
47538
47543
47544
47546
47547
47548
47551
47555
47558
47559
47566
47567
47571
47573
47574
47577
47580
47582
47585
47587
47588
47589
47590
47591
47595
47596
47601
47602
47603
47609
47612
47613
47614
47619
47620
47622
47625
47626
47627
47628
47629
47632
47633
47634
47635
47639
47640
47641
47643
47645
47646
47648
47649
47650
47651
47655
47656
47658
47661
47663
47665
47667
47673
47674
47675
47676
47681
47683
47685
47686
47688
47692
47696
47698
47699
47701
47707
47709
47710
47712
47713
47718
47719
47720
47721
47722
47726
47728
47729
47731
47733
47734
47739
47741
47742
47743
47744
47748
47749
47753
47755
47756
47758
47760
47763
47764
47768
47769
47770
47771
47772
47773
47774
47775
47776
47778
47779
47780
47781
47782
47784
47785
47786
47788
47789
47790
47791
47792
47793
47795
47796
47797
47799
47800
47801
47802
47807
47808
47812
47817
47818
47821
47822
47824
47825
47826
47829
47831
47832
47835
47836
47838
47839
47841
47842
47843
47844
47846
47848
47849
47851
47852
47853
47855
47856
47857
47858
47859
47861
47862
47863
47865
47866
47867
47868
47869
47872
47875
47879
47884
47885
47887
47889
47890
47891
47893
47894
47895
47896
47897
47900
47901
47902
47904
47906
47907
47910
47911
47913
47914
47915
47916
47918
47920
47921
47927
47928
47929
47930
47931
47932
47934
47935
47936
47937
47940
47942
47943
47944
47947
47948
47951
47953
47954
47955
47956
47957
47958
47960
47962
47964
47965
47966
47967
47970
47971
47973
47974
47977
47978
47979
47980
47983
47985
47988
47989
47993
47997
47999
48002
48004
48005
48007
48008
48010
48011
48015
48017
48018
48020
48022
48023
48024
48025
48026
48028
48029
48030
48036
48037
48038
48039
48043
48044
48047
48050
48054
48055
48056
48057
48058
48060
48063
48064
48067
48070
48071
48072
48073
48074
48077
48078
48079
48080
48081
48084
48085
48086
48087
48089
48093
48097
48099
48102
48103
48111
48112
48113
48114
48117
48119
48120
48124
48127
48129
48132
48134
48137
48138
48140
48142
48144
48145
48146
48148
48150
48155
48156
48157
48159
48161
48162
48164
48166
48167
48168
48169
48170
48171
48173
48174
48176
48177
48179
48180
48181
48183
48184
48187
48188
48191
48193
48196
48199
48200
48201
48202
48204
48205
48206
48211
48213
48215
48217
48218
48219
48220
48225
48230
48231
48232
48233
48234
48235
48237
48241
48242
48244
48248
48257
48260
48261
48264
48265
48266
48267
48270
48271
48272
48277
48279
48280
48281
48282
48285
48286
48290
48295
48296
48297
48298
48301
48304
48305
48307
48308
48309
48310
48311
48315
48316
48319
48320
48323
48325
48326
48327
48328
48330
48331
48332
48335
48336
48337
48338
48340
48342
48347
48349
48350
48351
48352
48355
48357
48359
48360
48365
48366
48369
48372
48373
48375
48376
48377
48379
48380
48381
48382
48384
48387
48391
48393
48394
48395
48396
48397
48399
48400
48401
48402
48403
48406
48407
48408
48409
48410
48412
48413
48416
48419
48420
48421
48422
48423
48424
48426
48427
48428
48430
48431
48434
48436
48440
48441
48444
48449
48450
48451
48454
48455
48456
48459
48461
48462
48468
48470
48472
48473
48475
48476
48477
48478
48480
48482
48483
48484
48485
48486
48489
48492
48493
48494
48496
48497
48500
48501
48502
48503
48507
48508
48509
48510
48518
48519
48523
48524
48526
48528
48529
48534
48535
48537
48539
48542
48544
48546
48547
48548
48551
48552
48553
48555
48559
48560
48564
48566
48567
48569
48570
48571
48572
48573
48575
48576
48577
48580
48583
48584
48587
48588
48591
48593
48595
48596
48600
48601
48603
48604
48606
48608
48611
48621
48622
48624
48632
48633
48634
48635
48636
48637
48641
48645
48647
48648
48652
48653
48654
48656
48658
48659
48664
48665
48666
48667
48668
48669
48671
48673
48675
48677
48678
48679
48681
48683
48684
48685
48686
48688
48690
48692
48693
48694
48696
48698
48699
48702
48704
48707
48710
48713
48714
48715
48723
48724
48725
48727
48728
48735
48736
48737
48739
48740
48741
48742
48743
48744
48745
48750
48751
48752
48753
48754
48758
48759
48761
48762
48763
48764
48767
48768
48769
48770
48772
48773
48775
48776
48778
48781
48782
48785
48788
48791
48792
48793
48794
48795
48796
48797
48799
48805
48807
48809
48810
48812
48813
48819
48820
48821
48825
48827
48832
48833
48835
48836
48837
48838
48839
48840
48841
48844
48849
48851
48852
48854
48855
48856
48857
48859
48860
48861
48862
48863
48864
48868
48870
48872
48874
48876
48877
48878
48879
48880
48881
48882
48884
48885
48886
48887
48889
48890
48893
48894
48895
48903
48904
48905
48906
48908
48909
48910
48912
48916
48917
48919
48920
48921
48922
48924
48927
48928
48929
48930
48932
48934
48936
48937
48939
48940
48942
48943
48944
48945
48946
48947
48950
48953
48955
48956
48957
48958
48959
48960
48961
48962
48963
48964
48966
48967
48970
48973
48979
48980
48982
48985
48987
48988
48992
48993
48995
48997
48999
49001
49002
49006
49007
49008
49009
49010
49011
49013
49014
49015
49017
49023
49026
49028
49029
49031
49032
49036
49038
49039
49040
49042
49044
49046
49047
49048
49049
49051
49052
49054
49055
49057
49058
49059
49060
49061
49063
49064
49066
49067
49068
49069
49070
49073
49075
49077
49078
49079
49083
49084
49086
49088
49089
49091
49093
49096
49097
49098
49100
49102
49103
49104
49107
49108
49110
49112
49113
49114
49115
49120
49121
49122
49124
49125
49126
49128
49131
49132
49133
49134
49135
49139
49141
49142
49143
49146
49148
49149
49150
49152
49153
49154
49155
49156
49157
49159
49162
49163
49164
49165
49166
49169
49170
49172
49175
49180
49186
49187
49191
49192
49197
49199
49200
49201
49202
49203
49204
49205
49206
49210
49211
49215
49217
49218
49219
49220
49221
49222
49223
49226
49227
49229
49231
49232
49236
49237
49238
49239
49240
49242
49243
49244
49245
49248
49250
49251
49252
49256
49258
49259
49261
49262
49264
49265
49267
49273
49274
49276
49279
49281
49282
49283
49284
49289
49291
49292
49293
49296
49300
49303
49304
49305
49307
49309
49310
49311
49312
49313
49314
49317
49320
49322
49324
49325
49329
49331
49333
49334
49338
49339
49340
49341
49343
49346
49347
49349
49351
49352
49353
49354
49356
49358
49360
49363
49364
49365
49366
49369
49371
49373
49374
49376
49378
49382
49388
49390
49401
49403
49404
49405
49406
49407
49409
49411
49415
49416
49418
49419
49420
49421
49422
49424
49427
49430
49431
49433
49435
49436
49437
49438
49442
49443
49451
49452
49455
49456
49457
49458
49459
49461
49463
49464
49465
49468
49469
49470
49472
49473
49475
49476
49477
49478
49481
49482
49483
49485
49487
49490
49491
49493
49496
49499
49500
49501
49502
49506
49511
49512
49513
49515
49516
49518
49521
49523
49524
49525
49528
49530
49531
49532
49533
49534
49535
49537
49539
49540
49541
49544
49545
49546
49547
49548
49549
49550
49552
49553
49556
49558
49560
49561
49564
49565
49567
49568
49569
49572
49573
49574
49575
49576
49580
49583
49585
49591
49592
49593
49595
49596
49599
49600
49601
49604
49606
49607
49616
49617
49619
49621
49622
49623
49624
49625
49626
49627
49629
49632
49633
49634
49638
49639
49642
49644
49645
49647
49649
49653
49656
49657
49663
49664
49665
49666
49667
49669
49671
49677
49678
49682
49684
49687
49691
49692
49693
49694
49697
49698
49700
49701
49703
49704
49705
49708
49709
49710
49711
49712
49713
49714
49715
49716
49718
49719
49721
49722
49723
49724
49727
49729
49731
49732
49738
49741
49743
49744
49745
49746
49748
49749
49752
49753
49754
49755
49761
49765
49766
49767
49769
49772
49776
49777
49779
49784
49787
49788
49790
49795
49798
49799
49801
49802
49805
49806
49809
49810
49813
49815
49816
49818
49823
49825
49831
49832
49834
49835
49836
49837
49838
49839
49844
49848
49850
49853
49854
49855
49857
49858
49860
49861
49862
49863
49869
49870
49873
49874
49875
49876
49877
49878
49879
49880
49881
49882
49884
49885
49886
49887
49888
49889
49896
49897
49898
49899
49901
49902
49905
49906
49907
49908
49909
49912
49913
49914
49915
49917
49918
49919
49922
49924
49925
49926
49927
49928
49929
49930
49931
49933
49934
49935
49941
49942
49944
49945
49946
49948
49949
49950
49955
49959
49961
49965
49966
49969
49971
49974
49975
49976
49977
49979
49980
49982
49986
49987
49989
49990
49991
49992
49993
49994
49995
49996
49997
49998
49999
50001
50002
50007
50009
50013
50014
50016
50017
50018
50020
50021
50027
50028
50029
50030
50031
50032
50034
50036
50042
50044
50054
50056
50058
50059
50060
50065
50066
50067
50068
50069
50070
50072
50073
50079
50080
50081
50083
50087
50089
50090
50093
50094
50095
50096
50097
50098
50099
50100
50101
50103
50104
50105
50106
50107
50108
50110
50111
50113
50114
50115
50118
50120
50123
50124
50125
50126
50128
50129
50131
50133
50138
50139
50142
50143
50144
50145
50147
50151
50158
50160
50161
50163
50167
50169
50170
50173
50175
50178
50179
50180
50186
50187
50188
50189
50191
50193
50194
50195
50196
50199
50201
50203
50205
50206
50207
50209
50213
50215
50217
50219
50220
50229
50230
50231
50233
50235
50236
50239
50240
50242
50245
50246
50247
50249
50251
50252
50254
50255
50258
50265
50267
50271
50272
50273
50274
50275
50277
50283
50285
50289
50291
50292
50297
50300
50301
50304
50305
50309
50310
50311
50315
50316
50317
50318
50319
50320
50322
50324
50326
50328
50329
50330
50331
50332
50333
50334
50335
50338
50339
50340
50342
50344
50345
50346
50347
50348
50350
50354
50355
50357
50358
50359
50360
50361
50364
50366
50369
50370
50371
50372
50376
50377
50379
50382
50386
50389
50390
50392
50394
50395
50397
50398
50402
50405
50407
50410
50412
50413
50415
50416
50417
50422
50423
50427
50428
50432
50433
50436
50438
50440
50441
50445
50447
50449
50450
50451
50452
50453
50454
50457
50460
50461
50462
50463
50464
50465
50466
50468
50469
50471
50472
50478
50480
50483
50488
50491
50492
50495
50496
50499
50500
50504
50505
50507
50508
50509
50511
50513
50514
50515
50520
50522
50524
50525
50528
50531
50532
50534
50535
50536
50538
50539
50541
50543
50545
50547
50548
50550
50551
50552
50555
50556
50559
50561
50562
50565
50567
50568
50570
50572
50573
50576
50577
50581
50582
50584
50588
50592
50600
50602
50604
50605
50606
50607
50610
50611
50612
50614
50615
50616
50617
50622
50623
50624
50625
50630
50633
50634
50636
50637
50638
50639
50640
50654
50655
50656
50657
50658
50659
50660
50661
50662
50663
50664
50667
50668
50670
50671
50679
50680
50682
50683
50686
50688
50690
50692
50693
50697
50698
50700
50702
50705
50706
50707
50710
50711
50713
50714
50715
50716
50717
50718
50719
50724
50725
50726
50728
50731
50732
50733
50734
50737
50738
50739
50742
50743
50744
50746
50748
50750
50751
50755
50756
50757
50763
50764
50767
50768
50769
50774
50775
50782
50783
50785
50786
50788
50789
50792
50794
50795
50799
50802
50803
50804
50805
50807
50808
50810
50812
50813
50815
50817
50818
50819
50820
50821
50823
50825
50826
50827
50831
50832
50833
50838
50839
50841
50844
50845
50846
50850
50853
50854
50855
50856
50857
50859
50863
50865
50870
50872
50873
50876
50877
50879
50882
50884
50885
50890
50892
50893
50895
50897
50900
50901
50902
50904
50908
50913
50915
50920
50921
50923
50928
50932
50933
50936
50937
50938
50940
50942
50943
50944
50945
50946
50947
50949
50955
50956
50958
50959
50960
50962
50963
50965
50966
50970
50971
50973
50975
50976
50981
50982
50984
50985
50986
50987
50989
50990
50991
50992
50994
50997
50998
51000
51005
51008
51010
51011
51013
51015
51016
51018
51020
51021
51024
51026
51028
51030
51033
51034
51037
51038
51041
51042
51044
51046
51047
51049
51057
51058
51059
51063
51067
51068
51069
51070
51074
51075
51076
51077
51078
51079
51080
51085
51086
51087
51088
51092
51094
51097
51098
51099
51101
51102
51103
51104
51105
51106
51110
51112
51113
51114
51118
51119
51121
51123
51128
51133
51135
51138
51139
51143
51144
51148
51151
51154
51155
51157
51158
51159
51160
51164
51165
51169
51171
51172
51177
51179
51180
51183
51184
51185
51186
51187
51189
51190
51192
51195
51197
51198
51199
51201
51203
51204
51205
51206
51209
51210
51211
51212
51214
51215
51216
51217
51218
51219
51220
51222
51224
51227
51228
51230
51231
51234
51236
51237
51239
51240
51241
51245
51247
51248
51249
51253
51254
51256
51263
51269
51272
51273
51274
51275
51278
51280
51281
51284
51285
51286
51287
51289
51290
51297
51299
51301
51309
51316
51317
51319
51320
51322
51323
51324
51325
51331
51332
51333
51334
51336
51338
51339
51340
51342
51343
51344
51347
51351
51354
51355
51356
51357
51358
51359
51362
51364
51365
51369
51370
51372
51376
51379
51380
51381
51382
51390
51392
51393
51395
51398
51399
51401
51403
51404
51406
51407
51411
51413
51415
51416
51417
51418
51422
51424
51425
51432
51442
51443
51444
51448
51451
51453
51454
51455
51456
51457
51459
51460
51461
51463
51464
51465
51467
51469
51470
51471
51473
51475
51476
51479
51481
51482
51486
51487
51488
51489
51492
51493
51494
51496
51498
51499
51501
51503
51505
51508
51509
51512
51513
51515
51516
51518
51520
51524
51525
51527
51529
51532
51533
51536
51538
51541
51542
51544
51545
51548
51550
51553
51554
51555
51556
51558
51559
51561
51563
51564
51566
51568
51569
51571
51572
51573
51574
51575
51577
51578
51579
51580
51584
51586
51587
51588
51589
51590
51592
51594
51595
51598
51601
51602
51603
51607
51610
51612
51616
51620
51622
51623
51624
51626
51630
51631
51632
51633
51635
51637
51642
51644
51645
51646
51648
51651
51652
51653
51655
51663
51665
51666
51669
51671
51673
51674
51675
51676
51680
51682
51688
51690
51694
51695
51696
51698
51700
51701
51705
51706
51710
51711
51715
51716
51721
51722
51726
51727
51728
51729
51730
51733
51737
51741
51742
51746
51747
51748
51749
51757
51759
51760
51762
51764
51771
51773
51774
51775
51776
51777
51779
51781
51782
51784
51785
51790
51791
51792
51794
51797
51803
51807
51808
51809
51811
51812
51813
51815
51816
51819
51822
51831
51833
51834
51837
51838
51842
51843
51845
51846
51850
51851
51852
51853
51854
51855
51859
51860
51863
51864
51866
51869
51871
51874
51876
51877
51881
51883
51885
51887
51888
51889
51890
51891
51893
51898
51899
51900
51901
51902
51903
51904
51905
51910
51913
51914
51919
51922
51923
51924
51926
51927
51930
51931
51932
51933
51935
51937
51939
51944
51947
51948
51950
51952
51953
51954
51955
51958
51964
51966
51968
51969
51971
51972
51973
51976
51977
51982
51983
51984
51985
51989
51990
51991
51993
52000
52004
52005
52006
52007
52008
52010
52011
52014
52015
52017
52018
52019
52021
52022
52023
52025
52026
52027
52029
52031
52034
52036
52039
52040
52041
52042
52043
52044
52046
52047
52049
52050
52051
52053
52055
52057
52059
52060
52061
52062
52067
52068
52070
52077
52078
52081
52084
52085
52090
52092
52094
52097
52098
52100
52105
52106
52108
52116
52117
52118
52120
52123
52124
52126
52127
52129
52130
52131
52132
52133
52138
52139
52140
52141
52142
52144
52145
52148
52149
52151
52152
52154
52156
52157
52158
52159
52160
52162
52166
52167
52168
52172
52173
52174
52176
52180
52182
52183
52186
52188
52189
52190
52191
52193
52194
52195
52199
52201
52202
52211
52213
52214
52215
52217
52218
52219
52220
52221
52223
52228
52230
52231
52232
52237
52238
52239
52240
52242
52243
52244
52245
52249
52250
52254
52256
52262
52263
52264
52265
52268
52269
52270
52274
52275
52277
52278
52279
52280
52281
52285
52287
52288
52290
52293
52294
52295
52297
52298
52300
52302
52303
52304
52306
52310
52311
52315
52317
52318
52320
52323
52326
52328
52329
52330
52331
52332
52336
52338
52339
52347
52348
52349
52351
52353
52354
52357
52359
52365
52367
52369
52371
52372
52380
52384
52386
52387
52390
52392
52395
52396
52397
52398
52400
52401
52402
52406
52408
52409
52410
52411
52412
52413
52417
52418
52419
52422
52423
52425
52426
52428
52429
52432
52433
52434
52436
52439
52440
52441
52442
52444
52446
52448
52449
52450
52451
52452
52455
52456
52457
52459
52462
52463
52464
52465
52468
52469
52470
52473
52474
52476
52478
52480
52481
52483
52484
52486
52487
52488
52489
52490
52493
52496
52498
52500
52501
52502
52508
52510
52511
52513
52514
52515
52516
52518
52519
52524
52525
52535
52538
52543
52546
52548
52549
52551
52556
52559
52560
52561
52562
52563
52565
52566
52567
52569
52575
52579
52582
52584
52588
52589
52591
52592
52593
52594
52595
52596
52599
52603
52604
52606
52609
52610
52611
52612
52614
52615
52616
52618
52621
52622
52623
52624
52625
52627
52628
52629
52632
52634
52635
52636
52637
52640
52641
52642
52643
52645
52648
52651
52652
52654
52655
52656
52657
52659
52662
52665
52666
52667
52669
52671
52673
52677
52678
52680
52682
52683
52684
52685
52688
52689
52694
52695
52696
52698
52703
52706
52707
52708
52711
52712
52713
52717
52720
52721
52722
52724
52726
52727
52728
52731
52732
52733
52734
52736
52738
52742
52747
52749
52750
52754
52755
52756
52757
52762
52766
52771
52773
52775
52778
52780
52783
52784
52788
52789
52790
52794
52796
52801
52803
52805
52811
52813
52815
52819
52822
52823
52825
52826
52827
52828
52830
52835
52836
52837
52838
52840
52841
52845
52847
52848
52849
52850
52853
52856
52858
52859
52860
52862
52865
52866
52868
52870
52871
52872
52876
52883
52884
52886
52887
52889
52893
52896
52898
52900
52901
52903
52904
52907
52908
52914
52916
52917
52919
52920
52921
52923
52924
52926
52927
52929
52931
52932
52933
52934
52935
52936
52939
52940
52941
52942
52943
52945
52946
52949
52952
52953
52954
52958
52961
52962
52965
52966
52967
52968
52970
52971
52972
52975
52976
52979
52980
52984
52989
52990
52991
52992
52993
52994
52995
52996
53000
53002
53004
53005
53007
53008
53010
53011
53016
53017
53019
53022
53023
53024
53026
53027
53030
53031
53032
53035
53036
53037
53038
53039
53040
53041
53044
53045
53047
53049
53050
53055
53057
53059
53063
53064
53065
53066
53067
53068
53069
53070
53071
53073
53074
53077
53078
53080
53082
53083
53084
53085
53086
53089
53090
53092
53096
53097
53100
53102
53103
53105
53107
53108
53109
53111
53113
53115
53116
53118
53121
53125
53126
53127
53132
53135
53136
53137
53139
53140
53141
53145
53148
53149
53152
53155
53159
53162
53163
53164
53166
53170
53171
53174
53175
53176
53177
53179
53180
53184
53187
53188
53189
53192
53193
53196
53198
53204
53207
53209
53211
53213
53215
53217
53218
53220
53223
53224
53226
53227
53228
53230
53231
53233
53234
53235
53236
53237
53238
53239
53240
53243
53245
53251
53253
53256
53257
53258
53259
53265
53266
53267
53268
53269
53270
53271
53272
53274
53275
53276
53277
53278
53281
53282
53283
53290
53292
53294
53295
53297
53298
53300
53301
53303
53304
53306
53309
53310
53312
53316
53318
53321
53322
53324
53327
53330
53334
53337
53339
53340
53343
53345
53349
53350
53351
53353
53354
53358
53359
53360
53361
53365
53367
53368
53369
53374
53379
53380
53381
53383
53384
53387
53388
53390
53394
53395
53396
53397
53400
53402
53405
53409
53414
53415
53416
53417
53419
53424
53427
53432
53434
53435
53437
53438
53439
53440
53442
53448
53449
53451
53454
53456
53458
53459
53461
53463
53466
53470
53472
53475
53476
53478
53483
53484
53485
53486
53489
53490
53492
53493
53494
53498
53499
53501
53503
53504
53507
53512
53518
53520
53523
53527
53528
53531
53532
53533
53535
53536
53538
53540
53541
53543
53546
53547
53549
53550
53553
53556
53557
53560
53564
53566
53567
53568
53569
53571
53573
53574
53576
53577
53579
53580
53582
53584
53585
53586
53589
53590
53591
53592
53593
53596
53597
53598
53601
53602
53611
53612
53613
53614
53615
53617
53618
53624
53625
53626
53630
53631
53639
53642
53648
53650
53651
53653
53655
53656
53660
53661
53662
53663
53668
53670
53673
53675
53677
53678
53679
53681
53683
53684
53685
53688
53690
53691
53692
53696
53698
53699
53700
53703
53709
53714
53716
53720
53721
53727
53729
53730
53731
53732
53736
53738
53739
53740
53746
53747
53751
53753
53754
53759
53760
53764
53766
53768
53772
53773
53775
53776
53779
53781
53782
53784
53785
53786
53787
53789
53790
53792
53797
53798
53800
53803
53805
53809
53810
53812
53824
53825
53826
53829
53830
53833
53834
53836
53838
53839
53840
53843
53844
53845
53847
53848
53850
53851
53852
53857
53863
53865
53866
53868
53871
53872
53873
53876
53878
53879
53880
53881
53882
53885
53886
53893
53894
53897
53898
53901
53902
53904
53907
53909
53910
53913
53915
53916
53917
53920
53923
53924
53926
53928
53931
53933
53935
53938
53940
53945
53948
53951
53952
53953
53954
53955
53959
53960
53961
53962
53963
53964
53966
53967
53969
53971
53972
53973
53974
53975
53977
53979
53980
53982
53983
53985
53989
53990
53991
53992
53993
53995
53997
53998
54001
54003
54004
54005
54006
54009
54013
54014
54015
54018
54022
54023
54024
54026
54027
54030
54031
54032
54033
54034
54035
54042
54043
54044
54047
54051
54052
54056
54057
54063
54065
54067
54070
54072
54079
54080
54082
54084
54087
54088
54090
54093
54094
54095
54097
54098
54099
54100
54102
54108
54109
54111
54112
54113
54114
54115
54116
54118
54119
54120
54124
54125
54127
54128
54131
54132
54133
54134
54135
54136
54137
54139
54142
54145
54149
54150
54152
54154
54155
54157
54166
54172
54173
54174
54176
54177
54182
54183
54185
54187
54190
54192
54193
54195
54205
54206
54208
54209
54210
54211
54212
54216
54217
54218
54219
54220
54223
54226
54227
54228
54230
54231
54233
54235
54237
54238
54241
54242
54243
54244
54248
54250
54251
54252
54253
54254
54255
54256
54258
54260
54261
54262
54263
54265
54267
54270
54271
54279
54281
54285
54288
54289
54292
54293
54295
54297
54299
54302
54304
54305
54306
54307
54311
54312
54315
54321
54322
54323
54324
54326
54328
54329
54331
54332
54333
54338
54339
54340
54341
54342
54344
54347
54351
54352
54353
54356
54358
54359
54360
54361
54363
54367
54368
54369
54372
54374
54376
54377
54378
54379
54383
54385
54386
54390
54391
54392
54393
54395
54396
54399
54404
54406
54409
54412
54414
54418
54419
54422
54424
54430
54433
54437
54438
54439
54440
54444
54452
54454
54455
54457
54460
54466
54474
54476
54483
54484
54488
54493
54495
54497
54498
54500
54501
54503
54504
54506
54508
54512
54513
54514
54517
54518
54519
54520
54521
54522
54526
54527
54529
54531
54532
54533
54534
54537
54538
54542
54543
54547
54548
54551
54553
54554
54555
54556
54560
54561
54562
54563
54565
54567
54568
54571
54572
54574
54577
54579
54582
54583
54584
54586
54588
54589
54590
54591
54593
54596
54599
54601
54603
54607
54612
54614
54615
54616
54619
54622
54624
54625
54627
54628
54633
54634
54635
54637
54639
54641
54642
54646
54649
54651
54652
54659
54664
54665
54667
54668
54670
54674
54675
54678
54679
54680
54681
54682
54683
54686
54687
54688
54689
54690
54693
54694
54697
54698
54699
54700
54701
54703
54704
54706
54707
54709
54712
54713
54714
54717
54723
54726
54731
54733
54738
54740
54741
54743
54744
54745
54746
54748
54751
54753
54754
54755
54756
54757
54759
54763
54768
54769
54770
54771
54774
54775
54778
54782
54784
54786
54789
54791
54792
54794
54795
54797
54799
54800
54801
54802
54810
54814
54816
54818
54821
54824
54825
54826
54829
54830
54833
54834
54835
54837
54838
54842
54848
54850
54851
54852
54853
54855
54856
54859
54860
54861
54865
54867
54869
54871
54874
54876
54878
54879
54880
54881
54882
54883
54886
54887
54891
54896
54897
54900
54902
54903
54907
54909
54911
54912
54917
54919
54925
54929
54930
54931
54933
54934
54935
54936
54938
54939
54940
54944
54946
54947
54948
54949
54952
54953
54955
54958
54962
54963
54964
54965
54966
54967
54969
54970
54971
54972
54975
54976
54980
54986
54987
54988
54990
54991
54996
55000
55002
55003
55010
55015
55018
55020
55022
55024
55025
55026
55031
55032
55035
55036
55037
55038
55039
55045
55046
55047
55048
55049
55052
55054
55060
55061
55064
55065
55066
55067
55068
55072
55073
55074
55075
55078
55079
55084
55085
55086
55087
55089
55090
55091
55092
55094
55097
55098
55099
55100
55101
55102
55106
55110
55113
55114
55115
55116
55117
55120
55121
55122
55125
55129
55131
55132
55133
55135
55136
55138
55139
55140
55142
55143
55145
55148
55150
55152
55155
55156
55157
55158
55160
55161
55163
55167
55168
55170
55171
55172
55173
55175
55176
55180
55182
55188
55189
55190
55195
55196
55198
55199
55200
55201
55203
55204
55205
55206
55207
55208
55209
55211
55213
55217
55219
55221
55223
55224
55227
55228
55235
55240
55241
55242
55243
55249
55252
55253
55254
55256
55259
55262
55266
55267
55273
55275
55276
55277
55278
55284
55285
55287
55288
55289
55290
55291
55292
55294
55295
55297
55298
55299
55300
55304
55305
55312
55313
55314
55316
55317
55320
55322
55323
55327
55331
55332
55333
55334
55336
55337
55338
55346
55347
55348
55349
55352
55353
55355
55357
55358
55359
55361
55363
55368
55370
55372
55373
55374
55377
55378
55379
55383
55384
55387
55393
55394
55396
55399
55401
55402
55403
55404
55409
55410
55411
55415
55418
55419
55421
55423
55424
55425
55426
55428
55429
55432
55434
55436
55438
55440
55441
55442
55444
55445
55451
55452
55454
55456
55458
55461
55463
55464
55465
55468
55471
55472
55475
55477
55479
55481
55482
55483
55488
55489
55492
55493
55494
55495
55496
55497
55499
55500
55501
55503
55506
55507
55510
55511
55512
55517
55521
55523
55524
55531
55535
55537
55540
55541
55543
55545
55548
55549
55552
55553
55555
55557
55558
55559
55560
55561
55562
55565
55566
55570
55571
55572
55575
55577
55578
55579
55580
55581
55582
55583
55588
55589
55590
55592
55593
55594
55598
55602
55603
55604
55606
55607
55608
55611
55612
55616
55618
55619
55620
55622
55625
55627
55628
55630
55632
55634
55635
55636
55639
55642
55643
55645
55646
55648
55649
55650
55655
55656
55657
55665
55670
55671
55673
55674
55677
55680
55682
55683
55685
55687
55688
55689
55690
55691
55692
55697
55698
55699
55703
55704
55707
55708
55709
55710
55712
55713
55717
55718
55719
55720
55721
55722
55723
55724
55728
55731
55734
55737
55738
55739
55742
55743
55744
55745
55746
55747
55748
55750
55753
55767
55768
55769
55771
55772
55773
55774
55779
55781
55782
55783
55785
55786
55787
55789
55791
55792
55793
55796
55797
55798
55800
55802
55803
55804
55806
55807
55809
55810
55811
55812
55814
55815
55818
55821
55825
55827
55831
55833
55834
55836
55838
55839
55842
55844
55845
55846
55850
55851
55853
55854
55855
55856
55857
55858
55860
55861
55862
55867
55869
55871
55872
55876
55877
55879
55881
55883
55884
55885
55893
55897
55899
55901
55903
55906
55910
55911
55913
55914
55917
55918
55924
55925
55927
55930
55931
55932
55933
55935
55937
55938
55940
55941
55942
55943
55945
55946
55948
55949
55950
55951
55952
55954
55955
55956
55958
55960
55961
55964
55965
55968
55970
55971
55972
55976
55977
55979
55982
55983
55985
55991
55993
55994
55998
56000
56002
56004
56005
56008
56009
56010
56011
56014
56017
56018
56019
56021
56028
56031
56033
56036
56037
56038
56040
56041
56042
56043
56044
56045
56051
56053
56054
56055
56057
56059
56063
56064
56066
56067
56068
56073
56074
56075
56076
56077
56078
56080
56081
56082
56084
56085
56088
56092
56093
56095
56096
56098
56099
56102
56108
56110
56111
56115
56127
56128
56129
56132
56133
56137
56139
56140
56141
56142
56146
56147
56149
56150
56152
56153
56154
56156
56161
56162
56165
56166
56167
56168
56170
56171
56172
56173
56176
56177
56179
56182
56183
56184
56187
56193
56194
56197
56198
56199
56201
56203
56204
56209
56212
56213
56214
56217
56218
56222
56228
56231
56232
56233
56235
56239
56240
56241
56243
56245
56246
56248
56250
56252
56253
56257
56258
56259
56260
56262
56265
56268
56270
56271
56274
56275
56276
56277
56279
56280
56281
56283
56284
56285
56286
56288
56289
56293
56294
56295
56296
56298
56299
56301
56303
56304
56306
56307
56312
56313
56316
56317
56319
56320
56322
56326
56328
56331
56338
56339
56340
56341
56342
56343
56347
56349
56350
56353
56354
56356
56358
56364
56366
56367
56370
56372
56373
56374
56377
56378
56383
56385
56387
56388
56390
56391
56393
56394
56395
56396
56399
56401
56403
56411
56412
56415
56419
56421
56425
56427
56428
56429
56430
56434
56435
56436
56437
56438
56439
56441
56442
56443
56445
56446
56448
56449
56450
56454
56455
56456
56458
56459
56460
56461
56462
56463
56465
56466
56468
56470
56471
56481
56483
56484
56485
56489
56490
56491
56492
56496
56497
56498
56501
56502
56504
56506
56507
56510
56511
56514
56517
56518
56519
56523
56526
56534
56535
56536
56538
56539
56540
56542
56543
56545
56546
56547
56548
56551
56552
56553
56555
56556
56557
56558
56559
56561
56564
56565
56566
56570
56577
56578
56580
56581
56582
56583
56595
56597
56598
56599
56603
56604
56606
56610
56611
56612
56615
56617
56620
56623
56627
56628
56630
56634
56638
56641
56643
56645
56648
56649
56650
56652
56653
56656
56660
56666
56670
56672
56673
56677
56679
56682
56683
56684
56685
56686
56688
56690
56692
56696
56697
56699
56700
56702
56703
56705
56706
56707
56710
56713
56715
56723
56724
56725
56726
56727
56728
56729
56730
56736
56738
56742
56743
56744
56747
56748
56749
56756
56757
56758
56761
56764
56766
56767
56768
56771
56772
56773
56774
56775
56778
56779
56782
56784
56788
56791
56793
56796
56797
56799
56804
56805
56807
56809
56815
56816
56819
56821
56825
56826
56829
56831
56832
56833
56835
56837
56848
56851
56852
56857
56858
56859
56860
56862
56865
56866
56867
56871
56872
56874
56876
56879
56881
56885
56889
56890
56891
56892
56893
56894
56895
56896
56897
56900
56901
56903
56904
56905
56907
56909
56911
56917
56919
56920
56921
56923
56925
56929
56930
56931
56932
56933
56936
56937
56938
56940
56941
56944
56945
56946
56948
56949
56950
56955
56956
56957
56959
56962
56963
56970
56976
56977
56980
56981
56984
56987
56988
56989
56991
56992
56994
56996
56997
56999
57003
57004
57009
57010
57013
57014
57016
57017
57018
57019
57020
57024
57026
57028
57029
57035
57037
57038
57039
57041
57042
57043
57047
57048
57050
57051
57052
57054
57056
57057
57060
57062
57063
57066
57068
57069
57070
57073
57074
57075
57078
57079
57080
57081
57086
57087
57088
57092
57094
57098
57101
57103
57104
57106
57108
57115
57116
57118
57120
57122
57123
57124
57125
57127
57129
57130
57131
57133
57134
57135
57138
57141
57144
57146
57147
57149
57150
57151
57152
57153
57154
57156
57158
57160
57163
57164
57166
57167
57168
57169
57171
57172
57173
57176
57178
57179
57181
57182
57183
57188
57190
57193
57194
57196
57198
57199
57200
57201
57205
57206
57207
57208
57211
57213
57216
57217
57219
57221
57223
57225
57227
57231
57233
57235
57236
57238
57239
57241
57242
57244
57246
57247
57248
57250
57256
57261
57265
57267
57271
57273
57277
57280
57282
57283
57284
57287
57288
57289
57290
57291
57292
57296
57302
57304
57306
57308
57309
57312
57314
57315
57316
57322
57323
57324
57325
57331
57335
57336
57339
57341
57345
57348
57350
57353
57354
57355
57357
57358
57360
57361
57363
57365
57371
57372
57373
57380
57381
57382
57385
57388
57389
57394
57398
57400
57402
57405
57406
57407
57408
57409
57411
57413
57415
57417
57418
57419
57421
57423
57424
57427
57428
57432
57434
57435
57436
57438
57439
57441
57444
57448
57449
57450
57451
57453
57454
57456
57460
57463
57465
57467
57468
57469
57477
57479
57480
57481
57482
57483
57486
57487
57489
57491
57496
57499
57501
57505
57508
57510
57511
57512
57513
57520
57521
57524
57530
57532
57534
57535
57536
57539
57541
57542
57544
57545
57548
57549
57550
57551
57552
57554
57555
57559
57561
57564
57565
57567
57570
57571
57572
57573
57576
57578
57582
57583
57584
57586
57587
57589
57590
57592
57596
57597
57599
57604
57605
57609
57610
57615
57616
57619
57621
57623
57627
57633
57635
57637
57640
57644
57646
57648
57650
57651
57652
57655
57656
57657
57658
57659
57664
57666
57668
57670
57672
57677
57678
57681
57683
57684
57686
57687
57689
57690
57692
57694
57696
57700
57703
57707
57708
57709
57710
57711
57712
57713
57714
57716
57717
57724
57726
57727
57728
57733
57735
57736
57738
57739
57741
57742
57744
57749
57752
57756
57760
57761
57762
57763
57764
57765
57770
57772
57773
57774
57778
57784
57785
57786
57789
57791
57794
57796
57797
57798
57799
57801
57803
57804
57805
57807
57808
57810
57811
57820
57821
57822
57825
57831
57832
57833
57834
57835
57836
57838
57840
57843
57844
57850
57851
57854
57859
57863
57864
57865
57870
57871
57873
57874
57878
57879
57880
57881
57883
57884
57885
57889
57890
57892
57894
57895
57898
57899
57901
57902
57903
57905
57909
57913
57914
57918
57925
57926
57927
57928
57930
57932
57933
57935
57941
57943
57948
57949
57951
57952
57953
57954
57955
57956
57957
57958
57959
57960
57961
57962
57965
57966
57967
57972
57973
57978
57980
57981
57982
57983
57985
57987
57988
57989
57990
57994
57998
58001
58003
58004
58010
58011
58013
58017
58021
58022
58025
58027
58031
58034
58038
58042
58043
58044
58046
58048
58051
58058
58059
58063
58066
58074
58075
58077
58078
58082
58083
58084
58085
58087
58091
58093
58096
58098
58106
58110
58111
58112
58114
58115
58117
58118
58120
58122
58124
58126
58127
58130
58131
58132
58133
58135
58136
58139
58140
58143
58144
58145
58146
58147
58150
58152
58153
58154
58157
58159
58160
58163
58166
58169
58170
58172
58173
58175
58178
58181
58183
58185
58186
58188
58190
58191
58196
58201
58202
58203
58205
58206
58215
58216
58218
58219
58220
58225
58228
58230
58231
58233
58235
58236
58237
58239
58242
58243
58244
58246
58248
58251
58252
58253
58256
58257
58262
58263
58264
58266
58268
58270
58271
58272
58273
58274
58276
58277
58279
58282
58284
58287
58288
58289
58293
58300
58302
58303
58304
58305
58307
58308
58309
58310
58316
58317
58318
58319
58320
58321
58323
58325
58326
58329
58330
58331
58332
58333
58334
58340
58345
58347
58350
58351
58355
58356
58358
58359
58362
58363
58365
58366
58371
58373
58374
58377
58382
58383
58384
58387
58391
58393
58394
58396
58397
58400
58407
58408
58410
58411
58413
58414
58418
58419
58420
58421
58423
58424
58425
58426
58428
58430
58432
58433
58434
58435
58439
58441
58442
58445
58446
58449
58454
58455
58456
58458
58460
58463
58467
58468
58469
58473
58474
58476
58477
58479
58483
58484
58485
58487
58488
58491
58495
58496
58498
58500
58502
58504
58507
58511
58514
58518
58519
58522
58523
58524
58525
58526
58527
58530
58531
58532
58533
58535
58536
58538
58540
58542
58544
58548
58549
58552
58553
58554
58555
58556
58557
58558
58560
58561
58562
58563
58565
58567
58571
58572
58574
58575
58576
58577
58581
58586
58589
58592
58593
58594
58596
58599
58600
58602
58603
58606
58607
58609
58611
58612
58614
58615
58616
58621
58622
58623
58631
58634
58635
58638
58641
58642
58645
58646
58648
58649
58650
58653
58655
58656
58657
58659
58660
58662
58666
58669
58672
58674
58675
58680
58681
58687
58691
58697
58699
58702
58706
58707
58709
58713
58715
58716
58718
58720
58721
58722
58723
58724
58725
58726
58727
58728
58729
58730
58731
58732
58733
58737
58738
58740
58743
58744
58746
58747
58751
58752
58753
58755
58759
58762
58763
58764
58765
58767
58768
58770
58774
58777
58778
58780
58783
58784
58785
58786
58787
58788
58790
58791
58793
58797
58801
58802
58804
58806
58807
58811
58814
58815
58818
58820
58821
58824
58825
58833
58838
58839
58843
58844
58847
58849
58854
58855
58859
58860
58861
58864
58865
58867
58868
58870
58872
58873
58874
58875
58876
58877
58879
58881
58883
58885
58886
58891
58896
58901
58902
58904
58905
58906
58908
58909
58914
58916
58917
58919
58920
58922
58923
58925
58926
58927
58928
58930
58932
58934
58935
58939
58940
58941
58943
58945
58946
58954
58957
58959
58961
58963
58964
58967
58971
58972
58976
58977
58978
58980
58981
58985
58986
58987
58990
58991
58995
58996
58998
58999
59001
59010
59012
59014
59015
59016
59017
59021
59022
59023
59024
59026
59027
59029
59030
59031
59035
59036
59038
59039
59040
59042
59047
59048
59049
59050
59051
59052
59055
59056
59058
59059
59062
59063
59068
59069
59070
59072
59073
59074
59076
59077
59079
59080
59082
59086
59093
59096
59097
59098
59100
59102
59103
59111
59115
59118
59119
59121
59127
59128
59132
59136
59137
59139
59140
59141
59142
59143
59144
59148
59154
59157
59158
59159
59161
59162
59163
59165
59167
59168
59171
59172
59173
59175
59176
59177
59178
59181
59183
59186
59187
59188
59190
59192
59193
59195
59197
59199
59207
59209
59211
59212
59215
59217
59218
59222
59224
59225
59229
59230
59231
59233
59234
59236
59237
59238
59240
59241
59243
59250
59253
59254
59256
59261
59263
59266
59269
59272
59273
59274
59275
59276
59278
59280
59281
59282
59286
59288
59290
59291
59296
59298
59299
59304
59307
59308
59311
59312
59313
59315
59317
59319
59320
59321
59322
59326
59327
59330
59333
59334
59337
59338
59340
59341
59342
59343
59344
59348
59349
59351
59352
59354
59355
59360
59361
59362
59364
59365
59366
59367
59372
59373
59375
59376
59379
59380
59381
59382
59383
59384
59385
59388
59393
59394
59395
59397
59399
59400
59401
59404
59405
59408
59409
59412
59419
59422
59427
59429
59432
59433
59434
59435
59438
59441
59442
59443
59444
59445
59447
59448
59450
59452
59453
59457
59458
59460
59462
59465
59467
59469
59470
59471
59473
59476
59478
59479
59480
59486
59487
59488
59493
59494
59499
59501
59502
59505
59506
59508
59511
59513
59514
59517
59518
59519
59521
59526
59528
59529
59535
59538
59542
59543
59544
59547
59549
59550
59552
59555
59557
59562
59564
59568
59569
59570
59571
59574
59575
59576
59579
59583
59585
59589
59591
59596
59597
59598
59600
59605
59606
59607
59608
59609
59610
59612
59613
59616
59618
59619
59621
59622
59623
59624
59626
59628
59629
59630
59631
59632
59637
59640
59641
59642
59643
59646
59653
59654
59656
59661
59663
59666
59668
59669
59670
59673
59676
59677
59678
59680
59684
59686
59689
59690
59696
59699
59700
59702
59710
59712
59713
59714
59716
59717
59718
59720
59722
59723
59724
59728
59731
59732
59733
59735
59737
59739
59740
59741
59744
59748
59749
59750
59752
59753
59754
59756
59760
59761
59763
59769
59770
59771
59774
59776
59780
59782
59785
59786
59788
59789
59793
59797
59799
59800
59802
59804
59810
59812
59816
59820
59822
59823
59824
59826
59827
59828
59829
59833
59835
59837
59840
59841
59842
59847
59849
59860
59867
59869
59871
59875
59876
59879
59883
59885
59887
59890
59896
59898
59901
59902
59903
59904
59905
59907
59910
59911
59916
59917
59918
59920
59922
59924
59926
59929
59930
59932
59933
59936
59942
59943
59944
59945
59948
59949
59950
59951
59956
59957
59961
59963
59964
59965
59966
59968
59969
59970
59977
59980
59981
59982
59984
59986
59987
59988
59993
59994
59997
60001
60002
60003
60004
60006
60008
60010
60012
60013
60014
60018
60020
60024
60025
60026
60030
60032
60037
60039
60040
60041
60042
60044
60045
60049
60050
60051
60052
60055
60059
60063
60065
60067
60068
60069
60073
60083
60086
60087
60088
60092
60096
60098
60099
60100
60101
60106
60110
60111
60112
60116
60120
60121
60130
60131
60132
60134
60136
60138
60139
60140
60141
60142
60145
60146
60150
60151
60152
60154
60157
60162
60163
60172
60173
60174
60175
60180
60181
60186
60187
60189
60190
60192
60197
60199
60200
60204
60208
60210
60211
60212
60213
60216
60219
60220
60223
60226
60227
60228
60231
60236
60239
60240
60242
60243
60245
60246
60250
60255
60256
60257
60258
60260
60261
60263
60266
60268
60269
60270
60271
60273
60275
60277
60280
60281
60282
60283
60285
60286
60289
60290
60296
60298
60299
60301
60304
60305
60306
60307
60309
60314
60316
60317
60318
60320
60321
60322
60325
60327
60328
60332
60333
60337
60339
60341
60343
60346
60347
60349
60352
60358
60359
60360
60361
60363
60364
60367
60370
60371
60372
60373
60376
60377
60384
60386
60390
60391
60396
60397
60403
60404
60408
60409
60414
60416
60418
60419
60420
60422
60426
60427
60428
60431
60434
60436
60437
60439
60440
60442
60443
60445
60446
60447
60450
60451
60453
60456
60457
60459
60461
60462
60466
60467
60468
60470
60471
60473
60474
60476
60477
60478
60480
60483
60484
60485
60487
60489
60491
60493
60494
60495
60497
60498
60500
60501
60506
60507
60512
60514
60516
60518
60523
60526
60527
60528
60532
60534
60537
60538
60544
60546
60552
60554
60559
60560
60562
60563
60564
60565
60566
60568
60570
60575
60577
60578
60581
60582
60583
60584
60585
60586
60590
60591
60592
60593
60594
60599
60600
60602
60603
60605
60606
60607
60610
60611
60613
60617
60618
60619
60622
60623
60628
60629
60630
60631
60633
60635
60637
60640
60641
60643
60644
60647
60648
60651
60654
60662
60663
60666
60669
60670
60671
60675
60676
60677
60681
60683
60684
60685
60687
60692
60694
60697
60698
60702
60705
60708
60711
60712
60714
60717
60719
60723
60726
60729
60730
60733
60734
60735
60736
60737
60738
60743
60744
60756
60757
60758
60763
60770
60775
60777
60779
60781
60782
60783
60784
60785
60786
60789
60792
60794
60796
60797
60800
60801
60803
60804
60807
60814
60815
60821
60822
60826
60828
60831
60834
60836
60838
60839
60840
60842
60845
60846
60847
60848
60850
60851
60854
60856
60857
60859
60861
60862
60863
60867
60868
60869
60870
60875
60876
60881
60883
60884
60889
60893
60894
60895
60897
60898
60901
60905
60907
60911
60912
60914
60915
60917
60919
60921
60922
60923
60924
60925
60927
60931
60934
60936
60939
60940
60943
60944
60945
60947
60950
60952
60955
60956
60958
60960
60963
60966
60967
60969
60971
60973
60977
60978
60980
60981
60985
60988
60991
60992
60994
60996
61000
61002
61003
61004
61005
61007
61008
61010
61012
61013
61017
61021
61027
61030
61036
61038
61041
61050
61051
61055
61056
61060
61063
61064
61065
61066
61074
61075
61079
61081
61085
61086
61089
61094
61097
61101
61103
61106
61107
61108
61110
61113
61114
61116
61117
61126
61129
61133
61134
61135
61138
61139
61144
61145
61146
61148
61152
61153
61154
61155
61161
61163
61165
61166
61169
61170
61176
61177
61180
61184
61191
61193
61195
61199
61205
61209
61217
61222
61223
61225
61227
61228
61229
61230
61235
61236
61237
61239
61240
61241
61243
61244
61245
61246
61247
61249
61250
61252
61254
61255
61260
61261
61264
61265
61267
61269
61271
61274
61275
61276
61280
61281
61282
61284
61296
61297
61299
61302
61303
61306
61307
61310
61312
61314
61317
61319
61323
61325
61330
61332
61334
61335
61336
61338
61342
61343
61344
61345
61354
61357
61358
61360
61361
61364
61368
61369
61375
61378
61380
61384
61386
61387
61389
61393
61394
61398
61399
61401
61402
61404
61405
61408
61411
61412
61413
61415
61416
61425
61434
61436
61440
61441
61442
61443
61444
61446
61448
61449
61454
61457
61461
61468
61471
61472
61473
61475
61476
61477
61478
61483
61485
61493
61496
61498
61499
61500
61501
61502
61507
61514
61520
61521
61522
61523
61525
61527
61532
61534
61535
61536
61538
61539
61540
61542
61543
61544
61551
61552
61555
61556
61558
61561
61562
61563
61565
61566
61568
61569
61570
61571
61574
61578
61586
61587
61590
61594
61598
61601
61602
61603
61606
61608
61610
61612
61614
61615
61616
61617
61620
61621
61624
61625
61626
61627
61631
61632
61633
61635
61637
61642
61643
61644
61649
61652
61653
61654
61655
61658
61659
61660
61661
61663
61664
61665
61672
61674
61677
61680
61683
61684
61685
61687
61688
61689
61692
61694
61696
61697
61698
61703
61704
61705
61709
61712
61717
61720
61721
61722
61725
61726
61731
61732
61735
61736
61738
61741
61742
61743
61745
61747
61749
61752
61753
61756
61758
61759
61763
61765
61769
61774
61776
61781
61782
61783
61789
61790
61791
61794
61795
61796
61798
61799
61800
61801
61803
61804
61805
61806
61807
61810
61811
61815
61816
61818
61819
61820
61822
61826
61837
61841
61842
61845
61850
61851
61857
61859
61863
61865
61866
61869
61871
61872
61873
61876
61877
61878
61879
61880
61885
61887
61888
61890
61892
61893
61896
61901
61902
61903
61905
61906
61908
61909
61910
61911
61913
61914
61915
61920
61921
61922
61923
61924
61925
61928
61930
61931
61932
61933
61934
61937
61939
61942
61943
61946
61947
61949
61950
61952
61955
61958
61959
61964
61966
61967
61971
61972
61974
61975
61976
61978
61981
61982
61984
61988
61992
61993
61995
61996
61998
62004
62009
62017
62020
62021
62023
62024
62025
62027
62028
62033
62036
62037
62040
62041
62043
62044
62045
62046
62047
62049
62052
62055
62056
62059
62060
62062
62065
62068
62069
62070
62071
62073
62082
62084
62086
62087
62088
62090
62092
62093
62095
62096
62099
62103
62104
62105
62108
62110
62112
62114
62116
62117
62122
62124
62125
62126
62127
62133
62134
62135
62136
62138
62139
62141
62142
62143
62144
62149
62153
62154
62155
62156
62158
62159
62160
62162
62164
62165
62166
62167
62170
62171
62172
62174
62179
62180
62182
62186
62189
62192
62193
62195
62196
62197
62198
62206
62207
62210
62214
62217
62225
62227
62228
62233
62234
62235
62236
62238
62239
62241
62242
62243
62244
62247
62248
62249
62250
62251
62253
62256
62259
62260
62261
62262
62263
62265
62266
62273
62275
62278
62279
62283
62284
62285
62288
62290
62291
62292
62293
62294
62296
62297
62305
62306
62307
62311
62316
62317
62319
62324
62327
62328
62329
62332
62333
62334
62336
62342
62343
62344
62345
62349
62352
62355
62357
62359
62361
62363
62366
62368
62369
62371
62373
62374
62376
62377
62379
62381
62383
62386
62387
62388
62389
62391
62392
62394
62398
62399
62400
62401
62404
62406
62407
62409
62411
62413
62415
62423
62427
62428
62430
62431
62432
62437
62443
62446
62447
62449
62450
62453
62454
62457
62459
62463
62465
62466
62467
62471
62475
62476
62481
62486
62487
62488
62489
62490
62491
62495
62501
62502
62503
62504
62506
62507
62514
62517
62518
62520
62521
62524
62525
62527
62529
62532
62533
62534
62535
62538
62545
62546
62548
62549
62550
62555
62557
62558
62561
62567
62568
62569
62572
62576
62577
62579
62581
62584
62586
62588
62591
62592
62597
62600
62601
62605
62610
62611
62613
62614
62618
62619
62623
62624
62629
62630
62633
62634
62636
62637
62643
62646
62647
62649
62651
62653
62654
62657
62663
62665
62669
62671
62674
62676
62677
62680
62683
62685
62686
62687
62691
62694
62695
62696
62697
62699
62700
62704
62705
62708
62711
62712
62715
62719
62724
62725
62727
62728
62729
62731
62732
62735
62736
62737
62739
62744
62745
62746
62747
62748
62750
62751
62755
62756
62762
62763
62765
62766
62768
62770
62771
62772
62773
62774
62776
62777
62778
62780
62781
62782
62786
62788
62789
62790
62792
62794
62795
62796
62797
62804
62807
62809
62810
62811
62813
62814
62816
62817
62818
62819
62820
62823
62824
62825
62828
62829
62830
62831
62834
62837
62839
62840
62842
62843
62844
62849
62850
62856
62861
62862
62863
62865
62866
62872
62873
62877
62883
62885
62886
62889
62891
62892
62893
62894
62898
62900
62906
62907
62910
62911
62912
62916
62919
62921
62922
62923
62925
62929
62930
62932
62938
62940
62942
62943
62948
62950
62951
62957
62963
62964
62966
62969
62970
62971
62973
62974
62978
62979
62980
62981
62982
62985
62987
62988
62989
62991
62993
62994
63001
63004
63005
63006
63008
63010
63011
63020
63021
63023
63024
63026
63029
63030
63032
63036
63040
63042
63043
63049
63051
63053
63055
63057
63060
63061
63062
63063
63065
63066
63067
63068
63069
63073
63074
63080
63082
63083
63084
63085
63092
63094
63098
63099
63104
63106
63111
63113
63116
63117
63118
63119
63120
63123
63126
63127
63128
63132
63136
63138
63139
63140
63143
63145
63147
63148
63151
63155
63157
63160
63161
63164
63165
63166
63167
63170
63171
63173
63174
63175
63179
63184
63186
63187
63192
63193
63198
63200
63204
63205
63208
63211
63222
63227
63230
63232
63237
63239
63240
63244
63245
63248
63250
63254
63256
63257
63259
63260
63261
63262
63266
63267
63270
63273
63276
63277
63279
63280
63281
63285
63287
63288
63289
63290
63292
63293
63294
63299
63305
63307
63309
63310
63311
63317
63319
63320
63326
63328
63330
63331
63332
63333
63335
63338
63339
63343
63344
63345
63346
63352
63353
63354
63355
63356
63358
63361
63366
63367
63368
63371
63375
63377
63378
63379
63380
63381
63382
63383
63385
63386
63387
63388
63395
63396
63398
63399
63402
63403
63406
63409
63410
63411
63412
63414
63417
63418
63420
63421
63422
63429
63430
63433
63434
63442
63445
63447
63449
63452
63453
63454
63455
63456
63462
63464
63466
63467
63471
63472
63473
63477
63478
63479
63481
63482
63486
63487
63488
63498
63500
63501
63503
63505
63511
63512
63514
63520
63521
63522
63528
63529
63531
63532
63534
63536
63541
63542
63544
63547
63548
63550
63551
63553
63554
63556
63557
63558
63559
63561
63562
63563
63564
63565
63566
63567
63569
63570
63574
63575
63576
63580
63582
63583
63584
63591
63593
63595
63600
63601
63602
63603
63605
63606
63611
63613
63616
63620
63622
63625
63628
63630
63634
63636
63638
63641
63642
63644
63649
63653
63656
63658
63659
63660
63661
63662
63663
63666
63667
63668
63669
63670
63671
63673
63678
63679
63680
63681
63682
63683
63685
63686
63687
63690
63691
63697
63700
63702
63703
63704
63710
63712
63713
63716
63720
63721
63722
63723
63724
63725
63728
63731
63734
63735
63737
63738
63740
63744
63745
63746
63751
63755
63756
63757
63760
63764
63765
63767
63768
63769
63774
63776
63783
63788
63792
63793
63795
63797
63799
63802
63805
63809
63812
63815
63816
63818
63819
63821
63824
63826
63832
63834
63836
63838
63840
63841
63845
63851
63853
63854
63858
63861
63862
63863
63864
63866
63868
63869
63870
63871
63872
63873
63879
63880
63881
63882
63883
63885
63887
63893
63896
63897
63898
63901
63908
63910
63913
63915
63917
63919
63923
63928
63933
63934
63938
63940
63942
63943
63945
63947
63951
63953
63954
63955
63956
63961
63965
63967
63973
63974
63976
63977
63979
63980
63985
63989
63990
63991
63995
63998
63999
64007
64008
64009
64010
64013
64016
64017
64021
64022
64023
64024
64025
64026
64028
64029
64030
64034
64036
64037
64042
64044
64045
64046
64048
64050
64053
64055
64057
64058
64059
64063
64064
64066
64070
64073
64075
64077
64081
64085
64089
64090
64094
64102
64108
64111
64112
64113
64116
64117
64118
64119
64120
64123
64125
64127
64130
64131
64132
64133
64135
64137
64138
64140
64142
64144
64145
64146
64147
64148
64149
64151
64155
64159
64162
64164
64170
64171
64173
64174
64179
64180
64181
64182
64183
64185
64191
64195
64196
64198
64202
64203
64204
64206
64207
64208
64209
64211
64219
64226
64229
64231
64234
64235
64239
64240
64241
64243
64249
64251
64252
64254
64255
64256
64258
64263
64264
64266
64267
64268
64273
64276
64278
64282
64283
64284
64285
64287
64289
64293
64294
64295
64297
64298
64301
64302
64304
64306
64307
64310
64313
64317
64320
64324
64326
64328
64329
64331
64334
64335
64338
64339
64340
64342
64343
64344
64347
64348
64349
64352
64355
64358
64359
64366
64369
64371
64373
64374
64375
64379
64381
64387
64389
64390
64391
64393
64394
64395
64396
64398
64403
64404
64406
64408
64410
64412
64415
64416
64421
64422
64423
64425
64430
64431
64436
64437
64439
64440
64441
64445
64446
64448
64450
64452
64453
64455
64456
64457
64459
64460
64461
64462
64463
64467
64468
64469
64470
64474
64475
64476
64478
64479
64484
64486
64490
64491
64493
64494
64495
64498
64499
64500
64504
64505
64507
64510
64513
64516
64517
64519
64522
64528
64531
64532
64541
64543
64547
64550
64552
64553
64557
64558
64559
64560
64562
64568
64570
64571
64574
64575
64576
64579
64581
64588
64590
64595
64596
64599
64604
64605
64608
64609
64612
64614
64616
64618
64619
64622
64623
64624
64628
64632
64633
64635
64636
64641
64645
64648
64649
64654
64662
64666
64667
64671
64673
64676
64682
64686
64688
64694
64695
64697
64700
64702
64706
64707
64708
64714
64715
64719
64720
64721
64722
64725
64726
64727
64729
64731
64735
64738
64740
64743
64751
64753
64756
64760
64761
64763
64775
64776
64777
64778
64779
64780
64784
64792
64796
64798
64799
64800
64804
64805
64807
64808
64810
64811
64812
64813
64815
64816
64819
64821
64828
64829
64831
64832
64836
64837
64838
64839
64840
64847
64850
64851
64852
64853
64855
64856
64857
64861
64867
64870
64872
64875
64876
64878
64880
64882
64885
64886
64888
64889
64892
64894
64897
64899
64904
64906
64910
64911
64913
64914
64915
64919
64920
64922
64924
64926
64927
64931
64932
64933
64935
64940
64941
64944
64945
64950
64951
64954
64956
64958
64969
64970
64973
64975
64976
64978
64990
64991
64992
64995
64997
64998
65001
65005
65006
65007
65011
65014
65015
65018
65019
65020
65021
65024
65026
65027
65028
65029
65030
65031
65035
65036
65038
65039
65040
65041
65042
65043
65045
65048
65053
65055
65057
65058
65059
65060
65063
65065
65070
65073
65074
65079
65081
65082
65084
65085
65086
65088
65089
65090
65092
65094
65104
65106
65110
65111
65112
65114
65117
65120
65121
65122
65126
65128
65130
65132
65137
65138
65139
65141
65146
65147
65151
65154
65157
65158
65159
65161
65162
65166
65167
65172
65173
65174
65175
65177
65178
65184
65191
65192
65194
65195
65199
65201
65205
65209
65215
65219
65224
65226
65229
65230
65231
65234
65235
65236
65238
65239
65240
65244
65245
65247
65250
65252
65254
65256
65257
65259
65260
65261
65262
65264
65267
65268
65269
65273
65275
65276
65277
65279
65283
65284
65286
65287
65289
65291
65293
65297
65298
65304
65305
65307
65310
65312
65313
65314
65316
65319
65322
65325
65326
65327
65332
65334
65337
65340
65342
65343
65346
65358
65359
65362
65363
65364
65365
65369
65378
65381
65382
65386
65387
65389
65390
65392
65393
65394
65395
65396
65397
65399
65400
65402
65403
65405
65406
65408
65409
65411
65413
65416
65423
65424
65426
65427
65428
65435
65436
65440
65441
65444
65446
65451
65454
65461
65463
65464
65467
65468
65473
65474
65478
65481
65482
65486
65489
65491
65493
65496
65498
65499
65500
65501
65507
65509
65511
65518
65519
65526
65529
65530
65531
65537
65538
65539
65540
65546
65549
65550
65552
65554
65559
65562
65567
65569
65574
65581
65582
65584
65585
65586
65588
65590
65592
65593
65594
65597
65598
65599
65606
65607
65609
65611
65612
65613
65618
65619
65620
65624
65626
65630
65633
65635
65637
65639
65640
65641
65651
65652
65653
65655
65657
65659
65660
65662
65663
65666
65667
65669
65671
65677
65680
65686
65687
65690
65691
65692
65693
65696
65702
65708
65709
65710
65711
65714
65718
65719
65721
65722
65724
65728
65729
65731
65733
65734
65735
65737
65739
65742
65743
65751
65752
65753
65755
65756
65757
65758
65759
65763
65764
65765
65766
65770
65771
65774
65777
65780
65785
65787
65789
65790
65793
65794
65799
65802
65804
65812
65813
65814
65815
65817
65818
65819
65823
65826
65827
65829
65831
65832
65833
65837
65844
65846
65851
65853
65854
65856
65857
65858
65861
65863
65864
65867
65870
65873
65875
65876
65878
65881
65882
65883
65884
65885
65886
65890
65892
65894
65897
65898
65899
65901
65902
65903
65905
65912
65914
65915
65916
65917
65918
65919
65921
65922
65924
65927
65928
65932
65937
65941
65942
65948
65949
65956
65959
65960
65961
65964
65966
65967
65968
65971
65974
65975
65977
65982
65986
65987
65990
65994
65997
65999
66000
66005
66009
66011
66012
66013
66015
66022
66023
66025
66026
66029
66031
66034
66035
66038
66039
66041
66042
66044
66048
66052
66053
66054
66059
66062
66064
66065
66067
66070
66072
66073
66077
66079
66085
66086
66087
66095
66099
66100
66103
66104
66110
66117
66119
66121
66127
66128
66129
66131
66132
66133
66134
66135
66141
66142
66143
66144
66145
66147
66148
66150
66151
66152
66153
66155
66157
66158
66162
66163
66166
66168
66169
66171
66172
66175
66177
66179
66185
66186
66188
66191
66193
66194
66196
66198
66203
66208
66209
66213
66214
66216
66217
66219
66227
66229
66230
66232
66233
66237
66238
66239
66240
66243
66244
66246
66248
66249
66250
66251
66252
66254
66258
66265
66269
66274
66275
66276
66281
66282
66285
66286
66289
66290
66291
66293
66298
66299
66301
66302
66303
66306
66307
66308
66310
66311
66312
66317
66319
66320
66322
66323
66326
66327
66328
66329
66330
66333
66335
66336
66337
66338
66339
66340
66342
66344
66347
66348
66349
66350
66351
66352
66354
66356
66357
66359
66361
66362
66364
66366
66367
66373
66375
66381
66390
66394
66396
66400
66401
66403
66405
66406
66408
66417
66418
66420
66424
66425
66429
66436
66438
66439
66441
66443
66445
66446
66447
66448
66449
66452
66454
66455
66467
66469
66470
66471
66472
66473
66474
66476
66480
66482
66484
66486
66487
66488
66490
66495
66496
66499
66501
66504
66505
66507
66514
66515
66516
66517
66520
66521
66522
66526
66527
66532
66533
66534
66535
66538
66539
66540
66544
66551
66558
66559
66560
66561
66562
66564
66565
66566
66569
66570
66571
66572
66573
66574
66576
66577
66578
66580
66583
66584
66586
66590
66591
66592
66594
66595
66596
66599
66604
66609
66610
66612
66615
66619
66622
66626
66631
66633
66634
66635
66636
66639
66640
66642
66646
66649
66655
66656
66657
66659
66660
66662
66663
66664
66668
66672
66677
66679
66680
66683
66685
66686
66690
66691
66692
66693
66695
66696
66697
66702
66708
66711
66713
66714
66715
66716
66717
66723
66724
66725
66728
66729
66730
66732
66735
66745
66746
66749
66750
66754
66755
66763
66765
66768
66770
66771
66773
66775
66781
66782
66783
66786
66788
66793
66795
66804
66810
66813
66815
66816
66821
66822
66825
66826
66828
66830
66832
66833
66834
66835
66836
66838
66843
66844
66848
66853
66854
66856
66857
66858
66859
66862
66863
66872
66873
66880
66883
66884
66885
66887
66888
66889
66893
66895
66897
66900
66902
66903
66905
66907
66909
66912
66913
66915
66919
66922
66923
66924
66925
66926
66930
66932
66935
66936
66938
66940
66945
66946
66949
66950
66953
66955
66956
66958
66959
66960
66961
66962
66963
66967
66969
66973
66975
66976
66977
66979
66982
66983
66985
66988
66990
66992
66995
66997
66999
67000
67002
67004
67008
67011
67012
67016
67017
67021
67023
67024
67025
67026
67029
67036
67037
67038
67039
67041
67042
67043
67044
67053
67054
67059
67060
67064
67065
67070
67071
67072
67074
67076
67078
67079
67080
67081
67082
67084
67085
67091
67092
67095
67097
67100
67101
67102
67107
67109
67112
67114
67116
67119
67127
67128
67130
67132
67134
67137
67138
67140
67142
67143
67144
67145
67148
67149
67150
67153
67154
67157
67159
67160
67161
67164
67168
67169
67170
67171
67172
67173
67174
67176
67177
67178
67180
67184
67190
67194
67196
67198
67203
67204
67205
67206
67208
67210
67214
67215
67217
67218
67220
67224
67229
67234
67235
67236
67237
67238
67244
67246
67247
67248
67251
67253
67257
67259
67260
67263
67264
67266
67268
67272
67273
67274
67275
67278
67279
67283
67287
67288
67290
67291
67292
67295
67296
67300
67301
67304
67305
67306
67307
67309
67311
67312
67314
67319
67324
67327
67330
67332
67334
67339
67342
67347
67348
67351
67352
67353
67354
67355
67356
67360
67363
67366
67368
67373
67375
67378
67383
67385
67387
67390
67401
67402
67406
67407
67409
67411
67412
67416
67418
67419
67422
67426
67427
67428
67429
67431
67432
67433
67435
67438
67440
67441
67442
67446
67455
67458
67459
67464
67467
67473
67474
67475
67476
67479
67481
67484
67486
67489
67490
67492
67499
67500
67503
67504
67511
67512
67515
67517
67518
67519
67521
67522
67525
67526
67527
67528
67533
67539
67541
67542
67544
67546
67547
67548
67549
67550
67556
67558
67559
67560
67563
67570
67572
67573
67574
67575
67576
67577
67579
67580
67581
67582
67584
67585
67586
67591
67596
67597
67605
67606
67607
67608
67609
67610
67611
67612
67617
67619
67623
67625
67626
67628
67630
67631
67638
67640
67642
67648
67649
67651
67652
67656
67657
67659
67660
67665
67666
67667
67670
67673
67677
67678
67684
67685
67686
67688
67690
67693
67694
67704
67708
67710
67711
67718
67721
67723
67725
67726
67727
67728
67729
67731
67734
67739
67740
67745
67748
67750
67752
67755
67757
67758
67759
67762
67765
67766
67769
67770
67771
67773
67774
67775
67776
67783
67784
67785
67791
67792
67802
67803
67807
67813
67814
67815
67817
67818
67819
67821
67823
67826
67828
67831
67832
67837
67842
67844
67848
67850
67851
67857
67860
67862
67863
67865
67872
67873
67876
67878
67883
67884
67886
67887
67892
67893
67894
67897
67898
67900
67906
67909
67913
67914
67915
67916
67919
67920
67921
67922
67923
67926
67927
67934
67939
67940
67942
67943
67944
67947
67949
67951
67953
67954
67955
67957
67959
67960
67970
67976
67978
67979
67981
67983
67988
67990
67997
67999
68005
68006
68007
68008
68015
68017
68019
68022
68024
68030
68032
68033
68035
68036
68037
68041
68042
68043
68044
68045
68049
68053
68059
68060
68064
68065
68066
68070
68072
68074
68079
68080
68084
68086
68087
68089
68092
68096
68097
68099
68101
68103
68107
68109
68112
68115
68116
68117
68125
68131
68134
68137
68138
68139
68145
68146
68147
68148
68154
68156
68157
68159
68163
68167
68168
68170
68171
68173
68175
68184
68188
68190
68191
68192
68194
68201
68202
68207
68208
68213
68214
68217
68218
68219
68220
68222
68226
68227
68230
68234
68239
68242
68247
68252
68267
68268
68270
68275
68278
68279
68282
68290
68297
68300
68304
68309
68310
68311
68313
68314
68315
68323
68324
68327
68328
68334
68336
68337
68342
68345
68346
68347
68350
68351
68355
68356
68359
68361
68362
68363
68367
68369
68370
68372
68373
68375
68376
68385
68386
68387
68388
68392
68393
68394
68395
68396
68397
68401
68402
68403
68405
68408
68410
68411
68412
68416
68417
68419
68420
68421
68422
68429
68430
68431
68434
68437
68442
68443
68445
68452
68456
68457
68458
68459
68460
68461
68462
68463
68464
68466
68469
68471
68473
68477
68481
68482
68484
68488
68490
68493
68496
68498
68499
68500
68507
68508
68510
68516
68517
68519
68520
68522
68524
68526
68527
68530
68531
68534
68535
68539
68540
68542
68550
68552
68555
68556
68558
68559
68563
68566
68569
68570
68574
68578
68579
68585
68586
68589
68591
68596
68598
68600
68606
68610
68612
68613
68614
68615
68619
68620
68621
68623
68624
68625
68634
68635
68636
68639
68641
68642
68645
68646
68647
68648
68656
68657
68659
68670
68672
68674
68676
68677
68680
68681
68689
68690
68695
68697
68701
68703
68704
68707
68708
68711
68716
68720
68721
68723
68724
68725
68730
68733
68737
68738
68740
68742
68743
68744
68745
68752
68754
68761
68763
68764
68765
68766
68767
68769
68770
68772
68775
68777
68780
68790
68792
68794
68796
68797
68801
68802
68803
68804
68805
68806
68808
68810
68812
68815
68818
68819
68822
68825
68827
68828
68829
68830
68831
68833
68841
68843
68846
68847
68848
68849
68851
68852
68856
68857
68858
68859
68864
68866
68868
68870
68872
68874
68884
68885
68887
68889
68890
68891
68892
68894
68895
68896
68897
68898
68904
68905
68907
68910
68913
68914
68916
68917
68918
68919
68921
68923
68925
68929
68931
68935
68936
68937
68943
68944
68948
68949
68950
68951
68952
68954
68955
68956
68957
68959
68960
68962
68967
68968
68970
68972
68974
68975
68976
68977
68978
68983
68984
68985
68991
68992
68995
68998
68999
69002
69013
69016
69017
69018
69021
69022
69028
69030
69031
69033
69035
69041
69049
69052
69053
69055
69056
69058
69060
69061
69067
69070
69072
69074
69075
69076
69081
69083
69084
69086
69087
69088
69089
69090
69091
69095
69097
69098
69099
69100
69104
69105
69108
69109
69110
69111
69112
69113
69114
69128
69130
69132
69135
69136
69138
69142
69144
69154
69155
69156
69157
69160
69162
69164
69169
69176
69178
69181
69183
69186
69188
69190
69191
69192
69193
69195
69199
69207
69217
69219
69220
69223
69224
69226
69228
69229
69231
69237
69245
69246
69248
69250
69251
69252
69253
69255
69264
69265
69267
69273
69276
69279
69281
69285
69290
69293
69294
69295
69297
69298
69299
69300
69302
69305
69308
69311
69315
69319
69320
69321
69322
69323
69326
69328
69329
69330
69332
69335
69338
69340
69342
69343
69344
69345
69351
69352
69358
69361
69363
69366
69367
69369
69372
69374
69377
69378
69383
69388
69391
69392
69397
69399
69400
69402
69403
69404
69405
69406
69407
69413
69416
69417
69418
69420
69421
69423
69429
69431
69432
69434
69438
69445
69447
69449
69452
69453
69454
69458
69460
69461
69464
69466
69467
69468
69472
69473
69479
69482
69484
69485
69486
69488
69498
69499
69501
69502
69503
69504
69505
69508
69515
69521
69522
69523
69525
69526
69532
69536
69538
69539
69540
69541
69542
69543
69544
69546
69551
69552
69553
69554
69557
69561
69566
69567
69569
69572
69574
69577
69579
69583
69587
69589
69590
69595
69597
69598
69604
69612
69615
69619
69621
69625
69627
69628
69629
69631
69634
69635
69637
69638
69641
69644
69649
69652
69659
69665
69668
69672
69673
69678
69679
69682
69683
69684
69685
69687
69692
69693
69695
69701
69702
69707
69709
69714
69716
69718
69719
69721
69722
69724
69725
69727
69730
69733
69736
69737
69740
69744
69749
69755
69757
69758
69760
69763
69764
69765
69768
69772
69777
69781
69782
69784
69785
69787
69788
69790
69793
69798
69805
69810
69812
69813
69814
69817
69819
69823
69825
69831
69833
69835
69836
69840
69842
69843
69846
69847
69848
69851
69853
69861
69863
69865
69868
69869
69877
69878
69879
69882
69884
69886
69889
69892
69893
69896
69898
69899
69900
69905
69910
69911
69914
69917
69918
69920
69921
69922
69923
69924
69926
69928
69930
69931
69932
69933
69942
69944
69945
69947
69949
69951
69958
69964
69970
69976
69977
69978
69982
69983
69987
69989
69996
69997
70003
70004
70005
70007
70011
70012
70017
70020
70022
70023
70032
70033
70034
70038
70040
70041
70042
70045
70049
70059
70060
70062
70064
70065
70071
70072
70073
70075
70076
70077
70078
70084
70090
70092
70093
70094
70095
70097
70098
70100
70103
70104
70106
70107
70109
70110
70116
70118
70120
70123
70126
70128
70130
70132
70133
70136
70137
70139
70142
70143
70145
70147
70150
70152
70157
70158
70160
70161
70162
70164
70168
70169
70172
70173
70174
70179
70183
70187
70188
70190
70196
70197
70202
70205
70206
70208
70209
70213
70218
70219
70221
70226
70229
70235
70236
70237
70243
70244
70245
70246
70248
70249
70254
70255
70256
70257
70261
70263
70268
70271
70273
70275
70278
70281
70282
70289
70290
70293
70295
70297
70300
70307
70309
70313
70315
70316
70320
70321
70322
70323
70324
70325
70327
70328
70329
70336
70338
70340
70341
70342
70349
70350
70352
70355
70357
70359
70360
70368
70369
70370
70371
70376
70378
70381
70382
70383
70387
70388
70391
70392
70394
70395
70396
70398
70410
70419
70421
70424
70426
70427
70428
70430
70431
70433
70434
70435
70436
70437
70438
70439
70440
70443
70446
70448
70454
70457
70458
70466
70469
70470
70472
70473
70474
70475
70479
70481
70485
70489
70491
70494
70496
70498
70500
70505
70507
70508
70510
70512
70513
70514
70516
70518
70519
70520
70521
70522
70523
70524
70526
70527
70528
70530
70535
70537
70540
70543
70544
70545
70546
70548
70553
70554
70558
70560
70561
70565
70566
70568
70572
70573
70574
70575
70577
70588
70591
70594
70595
70598
70604
70605
70607
70609
70610
70611
70613
70614
70617
70620
70626
70628
70629
70630
70631
70641
70642
70643
70644
70645
70647
70649
70655
70657
70661
70662
70664
70665
70666
70669
70671
70672
70673
70674
70676
70678
70683
70684
70687
70688
70691
70692
70696
70697
70699
70701
70703
70704
70705
70706
70707
70708
70713
70714
70717
70718
70719
70721
70723
70725
70726
70729
70733
70735
70736
70742
70743
70746
70751
70754
70755
70757
70758
70760
70763
70764
70765
70766
70767
70768
70770
70780
70785
70791
70798
70799
70804
70807
70810
70813
70814
70818
70820
70821
70825
70827
70833
70835
70838
70839
70842
70845
70846
70848
70849
70850
70853
70854
70859
70861
70863
70865
70866
70867
70868
70870
70876
70880
70883
70884
70885
70886
70888
70891
70893
70895
70897
70899
70901
70904
70905
70908
70910
70912
70915
70920
70921
70927
70929
70932
70933
70936
70937
70939
70942
70944
70946
70948
70953
70955
70959
70960
70963
70964
70965
70966
70974
70975
70977
70981
70984
70986
70987
70988
70992
70993
70996
70997
70998
71001
71005
71008
71014
71015
71016
71018
71019
71023
71029
71032
71034
71039
71040
71044
71046
71047
71048
71049
71050
71054
71055
71059
71060
71061
71062
71063
71064
71065
71068
71070
71072
71073
71075
71079
71080
71088
71090
71091
71093
71097
71100
71101
71103
71108
71116
71118
71119
71122
71126
71127
71128
71129
71133
71134
71137
71139
71140
71142
71144
71145
71147
71150
71152
71154
71157
71158
71159
71163
71164
71166
71168
71172
71177
71178
71183
71186
71187
71188
71192
71196
71202
71204
71209
71213
71214
71217
71218
71219
71220
71222
71227
71234
71238
71240
71242
71246
71255
71256
71257
71261
71262
71264
71267
71275
71276
71277
71282
71284
71286
71290
71291
71293
71295
71296
71297
71301
71303
71304
71305
71306
71309
71310
71312
71314
71315
71317
71318
71319
71320
71323
71324
71326
71328
71329
71336
71339
71340
71344
71345
71346
71347
71348
71354
71355
71356
71359
71366
71367
71369
71370
71374
71376
71384
71387
71394
71396
71400
71403
71404
71405
71408
71411
71414
71420
71422
71427
71428
71433
71436
71439
71441
71444
71446
71448
71451
71452
71458
71460
71464
71465
71475
71476
71477
71479
71481
71482
71483
71486
71490
71492
71494
71495
71497
71500
71504
71507
71508
71510
71511
71514
71516
71519
71520
71521
71522
71524
71527
71533
71534
71535
71537
71538
71539
71541
71544
71545
71547
71548
71549
71550
71551
71552
71553
71556
71563
71565
71566
71567
71568
71570
71571
71574
71577
71578
71579
71584
71586
71587
71588
71590
71591
71592
71595
71596
71598
71600
71603
71605
71610
71611
71614
71615
71616
71617
71621
71623
71624
71626
71629
71630
71632
71633
71636
71641
71647
71651
71652
71653
71654
71659
71660
71662
71666
71668
71676
71677
71678
71680
71681
71684
71685
71686
71688
71690
71691
71692
71693
71694
71696
71698
71709
71710
71714
71715
71717
71723
71733
71734
71735
71737
71739
71740
71741
71743
71744
71748
71750
71755
71757
71759
71762
71763
71764
71766
71769
71771
71773
71774
71779
71781
71784
71786
71788
71790
71792
71793
71801
71802
71803
71808
71810
71813
71818
71821
71824
71825
71830
71836
71838
71840
71842
71843
71845
71848
71849
71852
71853
71854
71855
71861
71862
71867
71869
71871
71873
71875
71876
71877
71878
71881
71886
71888
71890
71896
71900
71904
71907
71910
71911
71912
71915
71919
71921
71923
71925
71926
71927
71930
71934
71936
71937
71940
71942
71943
71944
71945
71946
71952
71953
71960
71962
71968
71969
71970
71972
71977
71978
71979
71980
71981
71982
71983
71985
71986
71989
71990
71993
71995
71998
72000
72002
72004
72005
72007
72010
72011
72013
72015
72017
72019
72021
72022
72026
72027
72029
72030
72036
72039
72040
72043
72045
72048
72049
72051
72052
72053
72056
72057
72062
72065
72066
72067
72068
72071
72075
72076
72077
72081
72082
72084
72086
72090
72091
72093
72099
72101
72102
72103
72105
72107
72108
72111
72112
72113
72114
72115
72116
72120
72122
72128
72131
72132
72136
72145
72149
72150
72154
72156
72159
72165
72167
72172
72173
72176
72178
72179
72181
72184
72185
72186
72187
72188
72190
72191
72194
72197
72198
72204
72206
72207
72208
72210
72212
72215
72216
72217
72218
72220
72222
72230
72233
72237
72240
72243
72244
72245
72247
72249
72252
72258
72261
72267
72272
72276
72277
72278
72280
72281
72284
72285
72288
72291
72295
72298
72300
72303
72306
72307
72308
72310
72312
72314
72315
72319
72322
72325
72329
72331
72338
72341
72345
72346
72347
72349
72352
72354
72355
72361
72364
72365
72366
72369
72371
72372
72374
72377
72378
72381
72382
72383
72384
72386
72387
72389
72391
72395
72396
72398
72399
72401
72405
72407
72412
72414
72416
72417
72418
72428
72431
72432
72434
72435
72437
72438
72441
72442
72443
72444
72445
72447
72448
72452
72457
72458
72459
72464
72467
72470
72471
72472
72473
72474
72477
72478
72479
72481
72485
72490
72493
72496
72504
72505
72507
72509
72510
72513
72518
72519
72531
72532
72535
72536
72538
72540
72541
72547
72549
72550
72553
72554
72560
72574
72588
72593
72599
72601
72603
72606
72608
72609
72611
72614
72619
72622
72624
72626
72632
72633
72636
72637
72642
72643
72649
72650
72657
72665
72666
72670
72671
72672
72674
72677
72678
72680
72681
72682
72684
72686
72688
72691
72693
72694
72703
72705
72709
72710
72711
72713
72718
72719
72720
72721
72723
72725
72726
72727
72730
72731
72734
72738
72743
72745
72749
72758
72759
72763
72770
72771
72777
72780
72781
72782
72783
72784
72786
72787
72791
72792
72795
72799
72802
72803
72805
72806
72811
72812
72815
72825
72826
72828
72830
72831
72832
72833
72836
72838
72839
72844
72845
72847
72849
72851
72852
72856
72858
72868
72872
72873
72879
72885
72887
72888
72890
72891
72895
72903
72906
72907
72909
72910
72912
72914
72915
72921
72924
72927
72929
72930
72933
72938
72939
72942
72943
72948
72953
72954
72958
72959
72961
72963
72964
72966
72967
72971
72972
72975
72977
72978
72981
72984
72986
72990
72992
72993
72998
73002
73003
73005
73009
73011
73013
73014
73016
73018
73021
73022
73025
73029
73030
73033
73034
73036
73038
73039
73041
73043
73045
73047
73048
73052
73053
73054
73055
73058
73059
73060
73068
73071
73074
73083
73084
73085
73086
73090
73092
73093
73096
73097
73111
73115
73116
73117
73118
73119
73120
73121
73124
73126
73127
73130
73132
73133
73136
73138
73139
73141
73142
73146
73150
73160
73161
73165
73168
73169
73172
73173
73174
73175
73176
73177
73178
73182
73184
73185
73186
73187
73189
73192
73194
73197
73201
73205
73206
73209
73211
73213
73215
73220
73221
73223
73224
73227
73234
73238
73240
73241
73246
73248
73249
73250
73252
73258
73259
73260
73261
73265
73267
73269
73270
73273
73275
73276
73278
73280
73284
73285
73286
73289
73292
73294
73296
73299
73300
73301
73302
73306
73307
73308
73309
73313
73314
73316
73317
73318
73320
73321
73322
73323
73328
73329
73330
73331
73332
73336
73338
73341
73343
73344
73346
73347
73348
73350
73354
73355
73359
73360
73363
73365
73367
73369
73372
73373
73374
73377
73385
73388
73390
73391
73392
73397
73400
73401
73402
73404
73406
73407
73408
73409
73416
73417
73418
73421
73424
73425
73429
73433
73437
73438
73439
73440
73442
73450
73453
73455
73456
73460
73461
73463
73466
73472
73474
73481
73486
73492
73493
73496
73499
73504
73507
73513
73516
73518
73520
73523
73531
73533
73538
73539
73540
73542
73550
73551
73554
73555
73557
73560
73566
73570
73571
73573
73574
73577
73580
73582
73584
73585
73588
73589
73592
73595
73596
73597
73598
73601
73608
73609
73610
73615
73620
73621
73623
73624
73627
73630
73635
73637
73640
73650
73652
73653
73655
73661
73666
73669
73671
73672
73674
73676
73681
73682
73685
73691
73693
73695
73698
73700
73702
73703
73705
73706
73709
73711
73714
73720
73721
73722
73728
73731
73735
73737
73739
73740
73741
73743
73746
73748
73749
73751
73753
73755
73756
73759
73764
73766
73770
73775
73777
73779
73784
73791
73792
73794
73796
73799
73801
73802
73809
73815
73817
73819
73822
73823
73824
73825
73826
73828
73829
73830
73831
73832
73833
73835
73836
73838
73840
73843
73844
73845
73846
73847
73850
73853
73858
73859
73860
73862
73863
73865
73868
73870
73872
73873
73877
73879
73882
73883
73885
73886
73887
73888
73892
73893
73896
73897
73902
73906
73907
73908
73909
73910
73912
73915
73916
73917
73922
73923
73930
73931
73933
73934
73935
73936
73940
73943
73944
73946
73951
73952
73954
73957
73959
73962
73965
73966
73972
73975
73977
73979
73982
73983
73986
73988
73991
73992
73995
73996
74000
74004
74006
74011
74017
74019
74020
74021
74026
74027
74029
74030
74031
74032
74034
74036
74037
74039
74041
74042
74043
74046
74050
74054
74055
74056
74060
74062
74063
74064
74068
74071
74072
74073
74074
74075
74078
74079
74081
74082
74087
74092
74096
74100
74101
74104
74105
74106
74109
74110
74111
74116
74117
74120
74122
74127
74129
74135
74137
74146
74149
74150
74152
74153
74157
74162
74163
74164
74166
74168
74171
74178
74182
74191
74194
74196
74197
74200
74201
74204
74206
74208
74210
74214
74217
74220
74222
74224
74227
74228
74231
74238
74239
74240
74241
74245
74247
74248
74254
74256
74258
74261
74262
74263
74267
74270
74272
74277
74280
74285
74290
74291
74293
74298
74300
74307
74308
74314
74315
74321
74327
74330
74331
74332
74333
74345
74346
74348
74350
74352
74354
74356
74358
74361
74363
74364
74366
74368
74379
74380
74384
74385
74386
74393
74396
74397
74399
74400
74402
74404
74405
74407
74408
74409
74410
74411
74413
74416
74417
74420
74428
74431
74434
74438
74441
74442
74443
74444
74451
74452
74455
74457
74460
74464
74468
74471
74472
74473
74480
74482
74483
74484
74487
74490
74491
74492
74494
74501
74504
74505
74508
74515
74518
74519
74521
74522
74525
74526
74529
74533
74535
74537
74543
74551
74554
74558
74562
74564
74566
74568
74572
74574
74576
74577
74581
74590
74593
74594
74598
74601
74602
74604
74609
74610
74612
74614
74617
74618
74620
74624
74625
74626
74627
74629
74630
74633
74634
74635
74636
74641
74643
74644
74648
74650
74653
74654
74657
74660
74661
74662
74664
74666
74671
74681
74689
74691
74694
74699
74700
74701
74702
74703
74710
74711
74715
74717
74718
74719
74722
74724
74726
74730
74731
74734
74735
74737
74740
74748
74755
74756
74757
74767
74768
74773
74777
74781
74787
74788
74789
74794
74796
74799
74803
74804
74806
74812
74813
74814
74816
74817
74818
74821
74828
74835
74839
74845
74849
74851
74854
74855
74856
74863
74864
74869
74872
74873
74878
74880
74881
74882
74885
74886
74887
74892
74894
74895
74897
74901
74903
74905
74907
74909
74915
74920
74921
74923
74924
74927
74929
74932
74936
74945
74946
74950
74954
74956
74959
74960
74962
74965
74968
74969
74976
74982
74984
74985
74988
74992
74994
74995
75002
75003
75009
75010
75013
75016
75019
75021
75022
75023
75027
75028
75029
75032
75036
75040
75049
75051
75055
75058
75064
75065
75066
75069
75070
75073
75074
75080
75084
75089
75091
75092
75098
75099
75102
75105
75106
75107
75108
75111
75113
75115
75119
75121
75122
75123
75124
75125
75128
75129
75130
75134
75136
75138
75140
75143
75150
75152
75153
75157
75165
75167
75169
75172
75174
75175
75177
75178
75180
75181
75184
75185
75187
75190
75191
75193
75194
75195
75196
75197
75200
75201
75203
75205
75206
75207
75208
75212
75213
75214
75222
75223
75230
75232
75234
75235
75236
75237
75238
75243
75244
75248
75249
75251
75252
75259
75264
75266
75269
75273
75275
75277
75278
75280
75281
75282
75283
75292
75293
75294
75302
75305
75307
75309
75311
75313
75314
75318
75320
75321
75323
75329
75330
75331
75332
75333
75336
75338
75339
75340
75342
75343
75344
75345
75346
75347
75349
75351
75352
75354
75355
75356
75358
75362
75366
75367
75370
75371
75376
75377
75379
75382
75383
75389
75394
75396
75401
75405
75409
75414
75415
75418
75419
75422
75423
75424
75426
75428
75429
75431
75439
75440
75441
75442
75452
75454
75457
75458
75459
75463
75465
75469
75475
75476
75477
75479
75481
75485
75486
75488
75490
75494
75495
75498
75502
75504
75505
75507
75509
75512
75515
75516
75519
75522
75524
75525
75527
75528
75530
75541
75544
75545
75549
75553
75555
75559
75560
75563
75564
75567
75570
75571
75578
75579
75583
75587
75590
75596
75597
75600
75604
75605
75606
75608
75613
75619
75620
75625
75626
75629
75630
75631
75642
75646
75652
75654
75656
75658
75661
75668
75669
75672
75676
75682
75683
75688
75690
75691
75693
75695
75698
75701
75704
75706
75711
75712
75716
75717
75721
75724
75727
75728
75729
75731
75738
75740
75741
75742
75743
75745
75747
75748
75750
75751
75752
75756
75758
75759
75760
75761
75766
75767
75773
75776
75778
75785
75786
75787
75789
75790
75792
75793
75794
75800
75801
75807
75809
75810
75812
75821
75823
75824
75827
75832
75835
75837
75842
75843
75848
75856
75861
75862
75864
75869
75873
75874
75879
75880
75881
75884
75885
75887
75888
75889
75892
75898
75899
75902
75905
75907
75911
75918
75920
75922
75925
75927
75928
75931
75932
75933
75940
75941
75946
75948
75952
75955
75959
75962
75963
75965
75968
75969
75973
75979
75981
75983
75988
75990
75993
75996
76007
76010
76012
76017
76019
76025
76027
76029
76031
76035
76036
76037
76039
76040
76041
76043
76045
76048
76049
76051
76052
76053
76057
76061
76062
76065
76068
76073
76076
76077
76079
76086
76092
76094
76110
76111
76113
76118
76119
76122
76125
76127
76129
76131
76137
76138
76139
76147
76149
76151
76155
76161
76165
76168
76173
76174
76176
76177
76179
76184
76186
76189
76195
76197
76199
76201
76203
76205
76207
76208
76214
76218
76220
76223
76225
76226
76227
76230
76231
76235
76238
76242
76246
76247
76254
76260
76265
76266
76273
76280
76282
76284
76285
76287
76289
76292
76294
76295
76299
76303
76304
76308
76309
76311
76312
76316
76319
76321
76322
76331
76332
76341
76342
76344
76348
76353
76354
76356
76358
76359
76360
76364
76365
76366
76367
76371
76373
76374
76375
76378
76381
76382
76388
76389
76392
76396
76397
76399
76404
76405
76409
76410
76412
76417
76418
76419
76421
76427
76430
76431
76432
76433
76435
76436
76441
76445
76447
76457
76458
76462
76466
76467
76470
76471
76473
76474
76475
76478
76482
76486
76492
76495
76501
76502
76506
76507
76508
76511
76514
76515
76516
76520
76521
76524
76526
76527
76531
76532
76533
76534
76535
76536
76542
76544
76545
76547
76548
76557
76559
76561
76564
76570
76571
76574
76577
76578
76579
76584
76586
76588
76591
76592
76594
76599
76600
76604
76605
76611
76615
76616
76622
76624
76627
76630
76631
76640
76641
76642
76644
76646
76647
76648
76655
76659
76663
76665
76666
76667
76669
76672
76674
76675
76676
76694
76695
76696
76698
76703
76709
76713
76715
76716
76717
76718
76719
76721
76723
76726
76729
76730
76735
76736
76738
76739
76740
76753
76754
76756
76760
76761
76762
76764
76768
76770
76778
76780
76781
76785
76786
76787
76789
76791
76792
76794
76797
76800
76802
76803
76805
76809
76818
76823
76825
76826
76827
76828
76830
76835
76837
76840
76841
76842
76844
76848
76849
76851
76855
76859
76866
76867
76868
76870
76874
76878
76880
76888
76890
76892
76898
76900
76901
76909
76910
76913
76924
76926
76930
76932
76933
76934
76937
76938
76939
76940
76943
76945
76950
76951
76952
76954
76957
76960
76963
76967
76980
76982
76985
76987
76989
76990
76991
76995
76996
76998
76999
77000
77003
77006
77015
77019
77022
77028
77036
77037
77040
77041
77044
77047
77048
77051
77058
77061
77063
77064
77068
77077
77079
77084
77085
77087
77096
77105
77106
77107
77114
77118
77120
77122
77126
77127
77130
77134
77135
77140
77142
77143
77144
77145
77150
77157
77159
77166
77167
77173
77174
77181
77182
77183
77184
77186
77188
77198
77206
77208
77209
77216
77217
77220
77223
77225
77227
77231
77232
77234
77235
77237
77239
77242
77243
77244
77245
77249
77250
77252
77255
77256
77258
77260
77262
77263
77264
77265
77267
77272
77278
77279
77282
77283
77285
77287
77291
77292
77293
77295
77296
77299
77302
77303
77304
77306
77309
77310
77312
77313
77315
77316
77318
77327
77330
77332
77333
77335
77338
77340
77348
77352
77354
77358
77362
77363
77375
77376
77380
77381
77383
77387
77391
77392
77393
77394
77396
77397
77399
77403
77404
77406
77408
77410
77413
77420
77423
77424
77427
77434
77439
77442
77443
77450
77453
77454
77456
77458
77459
77462
77463
77470
77471
77473
77474
77480
77481
77483
77484
77492
77493
77494
77500
77502
77505
77506
77507
77508
77510
77511
77516
77517
77518
77528
77532
77534
77541
77542
77543
77544
77547
77549
77557
77560
77562
77564
77565
77568
77569
77571
77573
77574
77577
77584
77589
77593
77596
77599
77601
77607
77610
77612
77613
77615
77616
77620
77625
77626
77632
77635
77637
77639
77645
77646
77647
77650
77651
77653
77661
77663
77666
77668
77670
77673
77677
77679
77681
77690
77694
77695
77698
77699
77702
77704
77708
77710
77711
77714
77717
77718
77720
77725
77727
77733
77735
77736
77740
77742
77743
77744
77745
77747
77748
77750
77758
77761
77773
77774
77778
77780
77781
77782
77785
77787
77788
77796
77801
77802
77805
77806
77808
77810
77814
77815
77816
77821
77825
77827
77830
77834
77839
77841
77846
77848
77851
77856
77859
77860
77862
77864
77865
77867
77870
77874
77875
77876
77880
77882
77884
77885
77886
77892
77894
77898
77899
77900
77902
77904
77912
77916
77924
77926
77928
77929
77930
77933
77935
77936
77937
77939
77941
77942
77943
77944
77946
77947
77949
77950
77953
77959
77961
77963
77968
77972
77974
77975
77976
77977
77979
77980
77982
77987
77988
77989
77990
77991
77992
77996
77997
78000
78001
78003
78004
78010
78011
78012
78014
78015
78016
78018
78019
78020
78021
78026
78028
78029
78030
78035
78041
78046
78047
78051
78052
78060
78061
78062
78067
78071
78077
78081
78083
78084
78087
78091
78095
78096
78098
78100
78101
78108
78111
78112
78115
78119
78123
78128
78129
78132
78137
78139
78143
78145
78146
78148
78149
78151
78152
78153
78154
78157
78161
78166
78167
78177
78179
78180
78182
78183
78184
78185
78188
78189
78192
78193
78194
78196
78199
78205
78206
78207
78208
78210
78211
78212
78213
78219
78222
78224
78226
78229
78230
78234
78235
78241
78242
78244
78246
78253
78254
78256
78257
78259
78262
78266
78268
78270
78272
78273
78274
78278
78284
78285
78286
78289
78290
78295
78296
78297
78298
78300
78302
78303
78304
78305
78310
78312
78313
78319
78320
78322
78326
78327
78329
78332
78333
78334
78335
78336
78340
78345
78347
78349
78355
78358
78361
78365
78367
78368
78370
78375
78379
78380
78381
78382
78386
78390
78391
78395
78397
78402
78406
78407
78415
78416
78417
78418
78419
78420
78422
78424
78438
78440
78441
78442
78443
78444
78448
78450
78454
78455
78456
78457
78461
78462
78463
78465
78469
78472
78473
78474
78478
78479
78485
78487
78490
78493
78494
78497
78502
78503
78506
78508
78511
78512
78514
78519
78521
78522
78525
78526
78527
78532
78533
78535
78537
78539
78544
78547
78552
78553
78559
78568
78570
78571
78572
78573
78574
78575
78577
78578
78579
78580
78582
78583
78588
78589
78592
78594
78596
78597
78599
78601
78602
78603
78607
78619
78620
78621
78627
78631
78636
78638
78643
78650
78652
78654
78655
78657
78658
78659
78662
78668
78669
78673
78675
78676
78683
78685
78688
78691
78695
78699
78703
78704
78705
78706
78713
78717
78718
78719
78720
78724
78729
78737
78738
78740
78741
78743
78744
78747
78749
78751
78752
78753
78759
78766
78767
78771
78775
78776
78777
78778
78784
78785
78787
78789
78795
78800
78802
78808
78809
78812
78813
78818
78823
78824
78827
78837
78840
78841
78842
78845
78847
78848
78852
78853
78854
78858
78862
78863
78866
78867
78869
78872
78873
78876
78877
78880
78885
78888
78891
78893
78895
78896
78898
78901
78902
78905
78909
78910
78911
78913
78915
78916
78919
78920
78923
78928
78930
78931
78932
78934
78937
78938
78941
78949
78951
78952
78955
78960
78971
78973
78974
78976
78979
78981
78983
78984
78989
78990
78992
78994
78995
79001
79005
79009
79013
79015
79016
79021
79025
79027
79028
79034
79042
79044
79045
79046
79047
79049
79051
79052
79057
79059
79061
79062
79065
79066
79068
79071
79073
79077
79081
79086
79089
79091
79098
79103
79110
79111
79113
79114
79115
79117
79118
79119
79124
79126
79128
79131
79133
79136
79137
79140
79141
79143
79145
79152
79154
79155
79159
79161
79173
79174
79191
79192
79193
79196
79197
79201
79202
79204
79205
79208
79210
79212
79213
79216
79218
79221
79230
79232
79240
79241
79242
79243
79247
79248
79251
79253
79255
79258
79260
79264
79265
79268
79273
79274
79277
79278
79280
79281
79283
79285
79286
79294
79298
79299
79300
79301
79304
79305
79306
79307
79311
79312
79313
79314
79315
79316
79317
79318
79319
79321
79322
79324
79325
79327
79328
79330
79331
79336
79341
79343
79345
79346
79348
79358
79359
79366
79369
79370
79371
79377
79381
79384
79388
79390
79393
79394
79395
79396
79401
79404
79407
79417
79420
79427
79432
79433
79436
79438
79439
79440
79442
79443
79446
79454
79458
79459
79460
79461
79466
79467
79470
79471
79472
79474
79475
79476
79477
79478
79480
79483
79489
79496
79502
79503
79510
79512
79515
79518
79519
79520
79530
79531
79533
79543
79546
79547
79548
79549
79550
79552
79554
79555
79561
79562
79566
79568
79578
79583
79584
79585
79588
79593
79594
79600
79601
79602
79603
79604
79606
79608
79610
79621
79622
79626
79636
79637
79639
79640
79641
79643
79648
79649
79650
79654
79655
79657
79658
79659
79665
79666
79667
79671
79674
79677
79682
79684
79686
79693
79694
79697
79699
79700
79701
79703
79717
79718
79719
79721
79722
79724
79725
79726
79731
79733
79736
79737
79739
79741
79742
79744
79745
79746
79749
79750
79751
79752
79754
79756
79757
79760
79762
79764
79770
79772
79773
79774
79775
79777
79781
79782
79784
79785
79789
79790
79792
79795
79800
79801
79805
79807
79811
79812
79813
79815
79816
79817
79819
79822
79824
79829
79831
79835
79839
79841
79846
79852
79856
79858
79862
79866
79869
79870
79872
79873
79877
79880
79881
79885
79887
79893
79894
79898
79900
79902
79903
79907
79910
79916
79918
79922
79924
79925
79930
79931
79932
79937
79938
79939
79940
79947
79948
79950
79961
79962
79965
79968
79971
79972
79974
79975
79979
79981
79985
79987
79988
79990
79991
79995
79997
79998
80011
80012
80015
80017
80018
80019
80020
80022
80032
80035
80037
80042
80045
80046
80048
80052
80053
80054
80056
80057
80058
80066
80068
80072
80077
80084
80086
80087
80093
80096
80097
80099
80100
80105
80109
80112
80113
80116
80118
80119
80120
80121
80123
80126
80129
80131
80136
80137
80139
80140
80143
80148
80149
80150
80152
80158
80160
80164
80165
80169
80170
80171
80172
80178
80181
80182
80183
80187
80189
80190
80196
80202
80203
80205
80206
80207
80211
80215
80216
80218
80224
80231
80239
80240
80241
80242
80244
80246
80248
80255
80256
80259
80274
80277
80278
80282
80285
80287
80289
80291
80292
80293
80306
80313
80316
80317
80323
80325
80330
80333
80334
80337
80340
80344
80345
80346
80347
80350
80354
80358
80360
80361
80362
80363
80365
80368
80370
80376
80381
80386
80387
80390
80393
80395
80396
80397
80400
80401
80403
80408
80411
80413
80420
80424
80425
80427
80431
80435
80439
80440
80442
80445
80447
80451
80452
80454
80455
80456
80463
80464
80466
80468
80470
80472
80473
80477
80479
80480
80483
80484
80487
80490
80492
80493
80494
80498
80499
80500
80504
80507
80511
80516
80518
80522
80523
80525
80526
80527
80529
80536
80544
80545
80553
80555
80557
80559
80560
80562
80564
80566
80570
80586
80588
80592
80597
80600
80602
80603
80606
80607
80610
80611
80612
80613
80625
80630
80632
80634
80636
80638
80640
80641
80643
80646
80647
80649
80652
80653
80654
80661
80662
80667
80670
80671
80675
80678
80681
80683
80688
80689
80692
80697
80699
80701
80702
80711
80717
80719
80722
80723
80725
80729
80731
80732
80734
80736
80740
80742
80746
80747
80748
80757
80759
80761
80763
80768
80776
80789
80791
80792
80793
80796
80797
80798
80800
80804
80806
80807
80812
80815
80816
80818
80822
80823
80828
80831
80832
80834
80836
80837
80838
80843
80844
80847
80851
80852
80858
80861
80863
80865
80867
80868
80873
80875
80878
80879
80882
80886
80890
80892
80895
80897
80899
80900
80904
80905
80913
80919
80927
80931
80943
80946
80952
80954
80955
80959
80960
80962
80968
80969
80970
80973
80976
80978
80980
80985
80986
80993
80996
80997
80998
81002
81003
81004
81007
81010
81011
81013
81018
81021
81022
81023
81024
81025
81026
81027
81029
81031
81032
81034
81035
81041
81044
81046
81047
81049
81055
81062
81064
81065
81077
81079
81081
81082
81083
81084
81085
81087
81090
81093
81095
81099
81100
81102
81103
81107
81120
81122
81123
81124
81125
81126
81127
81128
81129
81132
81133
81134
81137
81141
81142
81145
81148
81149
81152
81158
81161
81162
81165
81166
81167
81170
81172
81183
81185
81189
81191
81193
81194
81200
81201
81203
81204
81209
81212
81213
81222
81223
81228
81230
81231
81236
81237
81240
81242
81250
81257
81259
81263
81264
81266
81270
81271
81274
81279
81281
81282
81284
81287
81288
81289
81291
81292
81295
81296
81305
81306
81307
81316
81321
81326
81327
81329
81330
81331
81332
81333
81336
81337
81342
81344
81345
81347
81349
81351
81354
81355
81356
81357
81359
81361
81362
81364
81367
81371
81372
81375
81377
81378
81380
81382
81383
81384
81385
81386
81388
81394
81395
81397
81400
81402
81404
81405
81406
81414
81417
81418
81425
81428
81429
81430
81433
81438
81443
81456
81459
81461
81467
81469
81471
81472
81474
81476
81479
81480
81485
81486
81487
81490
81492
81495
81498
81499
81501
81502
81510
81520
81522
81523
81525
81527
81532
81533
81537
81539
81541
81547
81555
81557
81567
81572
81574
81578
81582
81585
81586
81588
81593
81596
81601
81604
81610
81611
81616
81619
81632
81635
81637
81638
81639
81642
81645
81646
81655
81657
81659
81662
81663
81664
81665
81677
81680
81684
81688
81702
81703
81704
81705
81707
81708
81715
81718
81722
81726
81728
81731
81748
81753
81756
81759
81760
81765
81770
81779
81780
81783
81787
81796
81802
81805
81806
81809
81810
81811
81815
81821
81827
81831
81834
81836
81837
81838
81846
81850
81857
81859
81861
81868
81870
81872
81873
81875
81885
81888
81889
81893
81895
81897
81898
81903
81905
81908
81910
81922
81924
81925
81927
81931
81932
81933
81941
81944
81955
81969
81971
81972
81978
81984
81987
81988
81991
81992
81994
81997
81999
82003
82004
82005
82007
82008
82013
82014
82015
82017
82018
82019
82020
82024
82027
82028
82029
82035
82038
82039
82040
82041
82042
82046
82047
82048
82051
82054
82057
82060
82064
82067
82068
82073
82077
82078
82080
82082
82083
82088
82089
82092
82097
82105
82106
82109
82115
82124
82130
82135
82136
82140
82143
82146
82147
82149
82151
82152
82157
82158
82159
82160
82164
82168
82170
82172
82176
82178
82181
82184
82188
82191
82194
82197
82202
82206
82208
82209
82210
82220
82221
82225
82227
82232
82236
82238
82240
82242
82243
82245
82248
82251
82253
82258
82264
82265
82268
82269
82271
82278
82279
82280
82284
82287
82290
82295
82296
82304
82305
82306
82308
82309
82311
82314
82316
82317
82323
82324
82325
82329
82333
82337
82339
82340
82343
82344
82348
82349
82353
82355
82358
82359
82363
82364
82369
82370
82372
82378
82381
82382
82388
82389
82390
82391
82395
82397
82403
82404
82405
82407
82409
82413
82414
82415
82418
82419
82422
82427
82431
82435
82442
82443
82444
82450
82455
82460
82461
82464
82469
82470
82471
82474
82478
82482
82483
82485
82490
82492
82493
82494
82497
82498
82505
82507
82510
82512
82513
82515
82518
82520
82529
82531
82534
82537
82541
82546
82549
82551
82554
82555
82558
82564
82567
82570
82572
82574
82585
82586
82587
82588
82590
82591
82593
82596
82597
82602
82604
82605
82606
82608
82614
82622
82624
82625
82626
82627
82628
82630
82634
82637
82649
82655
82668
82670
82676
82680
82682
82686
82688
82693
82697
82698
82699
82702
82703
82704
82710
82711
82713
82715
82721
82733
82738
82739
82740
82749
82750
82752
82753
82756
82761
82765
82767
82770
82773
82774
82775
82776
82778
82780
82781
82783
82785
82795
82798
82800
82804
82805
82806
82807
82808
82810
82811
82812
82817
82818
82819
82822
82823
82830
82833
82837
82839
82844
82846
82851
82852
82854
82855
82860
82864
82865
82868
82871
82876
82881
82886
82891
82892
82895
82898
82902
82907
82908
82911
82912
82913
82914
82915
82923
82927
82930
82931
82934
82935
82938
82939
82944
82946
82948
82949
82951
82954
82956
82964
82969
82974
82975
82976
82978
82980
82981
82986
82987
82991
82996
83004
83006
83007
83008
83011
83014
83015
83017
83019
83020
83022
83024
83025
83031
83032
83034
83035
83037
83044
83046
83048
83050
83052
83053
83055
83057
83059
83067
83069
83072
83073
83075
83079
83081
83083
83084
83090
83091
83092
83094
83096
83097
83101
83102
83110
83111
83113
83114
83117
83120
83123
83125
83126
83128
83131
83132
83136
83138
83148
83149
83150
83152
83156
83170
83173
83174
83181
83184
83185
83192
83193
83197
83199
83201
83207
83208
83209
83212
83218
83223
83226
83229
83231
83238
83243
83249
83252
83253
83262
83267
83268
83270
83271
83272
83273
83276
83286
83290
83295
83297
83300
83303
83304
83306
83309
83315
83317
83322
83327
83330
83331
83334
83336
83339
83342
83344
83345
83347
83352
83353
83354
83355
83357
83359
83361
83367
83369
83373
83374
83375
83376
83384
83385
83386
83387
83389
83391
83392
83394
83404
83405
83406
83408
83412
83418
83421
83422
83425
83426
83427
83429
83431
83432
83437
83441
83443
83445
83451
83452
83456
83457
83464
83467
83469
83484
83485
83491
83495
83499
83500
83501
83505
83506
83508
83509
83512
83513
83514
83515
83517
83518
83524
83525
83526
83527
83529
83535
83539
83541
83544
83545
83548
83549
83551
83554
83557
83560
83561
83565
83566
83567
83568
83570
83578
83579
83581
83582
83584
83585
83588
83592
83594
83597
83600
83601
83602
83604
83605
83607
83608
83611
83613
83617
83618
83620
83626
83629
83631
83634
83637
83638
83639
83640
83642
83645
83646
83647
83648
83650
83655
83660
83661
83665
83668
83670
83671
83672
83673
83682
83683
83685
83686
83697
83698
83699
83702
83704
83706
83709
83711
83712
83713
83719
83729
83730
83743
83750
83754
83760
83765
83767
83768
83770
83772
83774
83778
83780
83782
83783
83784
83789
83790
83806
83807
83812
83817
83820
83822
83823
83824
83826
83829
83831
83832
83835
83836
83839
83841
83842
83845
83847
83849
83851
83853
83858
83859
83862
83866
83869
83870
83871
83873
83875
83876
83877
83879
83882
83884
83889
83893
83896
83899
83902
83903
83905
83908
83910
83914
83917
83920
83921
83928
83934
83935
83936
83944
83945
83946
83947
83949
83951
83952
83957
83960
83964
83965
83967
83971
83973
83975
83976
83977
83985
83986
83992
83999
84001
84006
84008
84010
84012
84017
84023
84024
84027
84030
84031
84032
84039
84040
84044
84050
84056
84060
84068
84069
84071
84072
84074
84075
84092
84096
84100
84106
84107
84109
84112
84116
84124
84128
84134
84137
84139
84140
84142
84150
84160
84163
84164
84168
84169
84171
84172
84186
84189
84191
84194
84196
84197
84199
84203
84205
84206
84209
84210
84212
84218
84228
84232
84233
84236
84239
84243
84244
84247
84249
84250
84259
84260
84261
84264
84266
84267
84268
84270
84271
84273
84274
84278
84280
84282
84283
84284
84286
84287
84288
84290
84291
84297
84298
84300
84312
84313
84318
84321
84323
84336
84338
84341
84342
84348
84350
84353
84362
84364
84373
84376
84381
84384
84387
84390
84391
84395
84399
84401
84408
84409
84417
84418
84419
84423
84424
84425
84426
84427
84429
84433
84439
84441
84442
84445
84448
84452
84457
84465
84466
84469
84470
84472
84473
84476
84481
84483
84484
84485
84489
84492
84494
84502
84504
84505
84513
84517
84518
84519
84520
84523
84524
84525
84527
84529
84532
84533
84534
84537
84538
84544
84545
84546
84548
84550
84554
84558
84564
84565
84567
84568
84571
84572
84575
84576
84579
84580
84582
84584
84585
84591
84596
84607
84609
84613
84617
84621
84633
84635
84636
84639
84641
84642
84643
84647
84648
84651
84658
84660
84663
84664
84670
84673
84674
84676
84677
84682
84685
84697
84699
84701
84703
84705
84709
84713
84716
84717
84718
84720
84721
84722
84728
84730
84733
84736
84744
84745
84748
84749
84750
84753
84759
84760
84761
84764
84771
84773
84776
84778
84781
84784
84785
84787
84791
84792
84796
84801
84803
84806
84809
84810
84815
84817
84818
84822
84823
84824
84828
84830
84834
84836
84838
84839
84844
84846
84848
84849
84851
84853
84854
84855
84859
84860
84867
84873
84875
84879
84881
84886
84891
84893
84906
84907
84909
84915
84917
84918
84919
84921
84922
84926
84931
84943
84948
84950
84953
84957
84959
84963
84969
84971
84972
84974
84980
84982
84988
84990
84991
84993
84999
85000
85002
85003
85010
85012
85015
85027
85029
85031
85033
85037
85038
85041
85042
85043
85044
85047
85048
85050
85054
85058
85061
85062
85066
85070
85072
85076
85078
85090
85091
85099
85101
85103
85105
85110
85111
85113
85116
85118
85119
85123
85129
85130
85135
85144
85146
85148
85151
85152
85154
85156
85163
85166
85171
85175
85176
85181
85182
85183
85184
85186
85187
85188
85190
85193
85205
85207
85209
85213
85214
85233
85236
85238
85241
85248
85249
85250
85261
85265
85266
85269
85280
85284
85285
85286
85293
85302
85305
85312
85314
85315
85316
85317
85318
85319
85325
85339
85341
85342
85344
85347
85350
85353
85354
85356
85357
85358
85362
85366
85373
85374
85376
85383
85390
85393
85394
85401
85406
85407
85409
85413
85416
85417
85418
85420
85422
85423
85424
85425
85426
85428
85436
85443
85444
85449
85455
85458
85465
85467
85475
85477
85482
85483
85484
85487
85490
85495
85496
85501
85502
85505
85514
85515
85517
85519
85520
85526
85527
85529
85530
85535
85536
85541
85544
85545
85553
85557
85560
85565
85568
85569
85572
85574
85575
85576
85578
85579
85581
85583
85584
85586
85588
85595
85596
85597
85598
85601
85603
85605
85606
85609
85611
85615
85617
85624
85625
85627
85628
85631
85637
85641
85645
85646
85650
85653
85658
85660
85665
85668
85669
85671
85673
85677
85679
85681
85685
85690
85692
85708
85709
85710
85712
85713
85714
85715
85719
85724
85728
85735
85739
85745
85748
85749
85750
85751
85755
85759
85763
85770
85776
85779
85780
85783
85784
85786
85789
85791
85792
85795
85798
85802
85804
85807
85808
85809
85811
85814
85816
85819
85821
85826
85827
85829
85831
85836
85838
85840
85844
85854
85855
85857
85858
85860
85864
85865
85868
85870
85873
85874
85876
85881
85884
85886
85889
85894
85896
85898
85899
85901
85906
85912
85917
85923
85925
85928
85932
85934
85935
85936
85943
85945
85946
85950
85956
85957
85958
85960
85978
85983
85984
85987
85988
85989
85992
85993
86000
86002
86004
86006
86015
86017
86018
86020
86029
86037
86039
86043
86045
86047
86055
86058
86062
86065
86067
86072
86075
86078
86088
86092
86094
86095
86097
86100
86103
86109
86113
86115
86116
86117
86121
86122
86124
86125
86127
86130
86131
86132
86133
86140
86145
86148
86151
86154
86155
86160
86161
86162
86163
86167
86171
86175
86176
86178
86180
86182
86185
86192
86193
86195
86199
86201
86202
86203
86204
86207
86209
86210
86214
86215
86217
86221
86223
86227
86231
86236
86243
86245
86258
86262
86263
86272
86277
86286
86287
86289
86291
86295
86297
86298
86300
86310
86316
86319
86320
86323
86330
86334
86335
86338
86340
86341
86342
86344
86347
86348
86352
86353
86354
86355
86359
86362
86365
86368
86369
86371
86372
86376
86377
86378
86379
86381
86384
86385
86387
86394
86396
86399
86400
86402
86408
86412
86413
86416
86420
86422
86431
86436
86443
86444
86449
86456
86460
86461
86463
86468
86469
86470
86471
86478
86479
86480
86483
86489
86499
86508
86512
86514
86517
86518
86520
86521
86522
86523
86528
86531
86532
86533
86538
86539
86540
86542
86544
86549
86551
86559
86569
86570
86577
86578
86582
86583
86590
86592
86602
86610
86611
86615
86616
86618
86622
86626
86628
86630
86632
86634
86635
86636
86642
86652
86657
86667
86674
86675
86676
86678
86683
86684
86685
86688
86695
86696
86697
86700
86702
86703
86711
86716
86718
86720
86730
86732
86733
86734
86735
86736
86745
86746
86750
86752
86756
86759
86762
86763
86771
86774
86775
86779
86780
86782
86784
86788
86790
86791
86795
86801
86802
86806
86808
86812
86814
86816
86823
86824
86838
86839
86844
86849
86851
86852
86859
86863
86864
86870
86876
86879
86881
86883
86886
86887
86888
86891
86893
86896
86900
86903
86904
86913
86914
86916
86917
86918
86923
86927
86928
86930
86932
86936
86938
86939
86946
86947
86952
86954
86959
86967
86973
86975
86978
86982
86983
86985
86986
86988
86995
86997
86999
87001
87006
87009
87011
87012
87014
87017
87023
87024
87026
87030
87031
87035
87036
87045
87051
87052
87053
87059
87060
87064
87070
87071
87072
87080
87086
87089
87093
87095
87097
87103
87106
87109
87110
87112
87113
87117
87118
87119
87126
87128
87129
87132
87133
87135
87138
87143
87145
87147
87149
87151
87157
87162
87164
87165
87171
87172
87173
87174
87175
87176
87178
87179
87180
87181
87183
87189
87190
87194
87197
87199
87204
87205
87206
87208
87214
87222
87225
87228
87238
87241
87245
87246
87247
87250
87251
87253
87256
87260
87261
87265
87272
87275
87278
87282
87284
87286
87287
87290
87299
87301
87302
87303
87309
87310
87312
87314
87317
87328
87336
87337
87338
87343
87354
87359
87363
87365
87366
87373
87379
87380
87391
87392
87393
87395
87397
87398
87401
87405
87408
87410
87413
87421
87423
87425
87426
87428
87429
87431
87432
87442
87443
87445
87447
87452
87453
87454
87456
87457
87458
87460
87467
87470
87473
87475
87476
87484
87485
87487
87493
87496
87499
87501
87502
87506
87507
87516
87522
87526
87528
87529
87530
87534
87539
87541
87546
87547
87551
87553
87554
87561
87562
87564
87565
87568
87569
87570
87574
87576
87579
87582
87584
87590
87593
87596
87598
87601
87603
87604
87605
87607
87609
87610
87614
87616
87620
87625
87628
87629
87630
87634
87636
87637
87642
87643
87654
87659
87660
87667
87668
87670
87672
87673
87674
87679
87680
87681
87682
87686
87689
87693
87695
87696
87706
87709
87720
87722
87724
87725
87727
87729
87730
87736
87738
87740
87743
87749
87750
87751
87754
87757
87759
87761
87769
87772
87773
87774
87775
87777
87780
87797
87801
87802
87804
87805
87806
87807
87808
87809
87810
87814
87816
87819
87825
87828
87829
87831
87838
87840
87842
87843
87847
87849
87853
87863
87864
87867
87869
87870
87871
87874
87876
87878
87880
87881
87882
87887
87890
87891
87904
87907
87910
87911
87923
87925
87929
87931
87937
87939
87941
87943
87946
87949
87950
87956
87957
87958
87960
87963
87967
87971
87976
87979
87980
87984
87986
87987
87990
87991
87995
87996
88003
88007
88010
88011
88012
88013
88017
88024
88026
88029
88034
88039
88042
88047
88051
88053
88056
88064
88065
88071
88072
88074
88076
88081
88086
88087
88088
88089
88090
88093
88094
88098
88099
88100
88101
88103
88104
88105
88108
88110
88114
88117
88121
88127
88128
88129
88130
88133
88137
88138
88140
88144
88153
88154
88156
88158
88163
88166
88167
88172
88181
88182
88189
88198
88200
88205
88210
88211
88212
88215
88216
88217
88218
88230
88233
88239
88247
88248
88249
88251
88254
88255
88257
88259
88268
88270
88271
88276
88278
88279
88281
88288
88290
88295
88296
88297
88298
88300
88302
88303
88315
88318
88319
88323
88325
88326
88331
88337
88338
88341
88345
88347
88352
88355
88358
88360
88366
88367
88373
88374
88377
88379
88381
88384
88387
88390
88391
88395
88396
88398
88399
88408
88413
88418
88422
88423
88428
88429
88435
88441
88445
88449
88450
88452
88455
88456
88458
88461
88463
88466
88472
88474
88475
88476
88477
88478
88482
88484
88485
88490
88491
88492
88493
88501
88502
88513
88515
88519
88528
88529
88531
88532
88533
88534
88538
88540
88544
88546
88548
88551
88558
88559
88561
88562
88565
88571
88574
88575
88577
88579
88581
88587
88592
88596
88597
88601
88603
88604
88605
88606
88613
88614
88616
88617
88621
88622
88623
88624
88626
88629
88630
88633
88634
88635
88637
88641
88644
88648
88650
88652
88653
88654
88656
88658
88661
88663
88670
88673
88679
88681
88682
88685
88686
88689
88690
88691
88694
88698
88706
88718
88723
88724
88729
88733
88738
88742
88744
88745
88749
88757
88759
88762
88766
88767
88776
88779
88782
88784
88786
88787
88790
88794
88798
88801
88803
88806
88817
88818
88821
88822
88824
88833
88838
88841
88842
88844
88849
88850
88851
88858
88862
88869
88870
88872
88876
88877
88879
88881
88884
88885
88888
88892
88894
88895
88898
88901
88903
88905
88912
88917
88919
88923
88927
88929
88931
88932
88936
88946
88947
88952
88960
88962
88965
88966
88967
88969
88972
88975
88980
88984
88985
88988
88990
88995
89009
89012
89013
89020
89026
89028
89031
89032
89039
89046
89050
89052
89054
89057
89058
89063
89064
89065
89069
89077
89079
89082
89085
89086
89093
89095
89097
89101
89102
89107
89109
89110
89115
89119
89120
89122
89123
89124
89127
89131
89132
89135
89138
89147
89150
89151
89152
89153
89154
89157
89160
89161
89167
89170
89171
89176
89182
89190
89193
89195
89209
89211
89212
89215
89217
89219
89220
89230
89231
89237
89240
89242
89245
89246
89248
89252
89253
89254
89255
89257
89260
89263
89264
89268
89273
89274
89275
89285
89286
89287
89288
89290
89291
89292
89293
89298
89299
89303
89304
89306
89308
89309
89312
89314
89320
89325
89326
89329
89331
89338
89340
89342
89345
89346
89352
89354
89356
89359
89363
89368
89369
89370
89375
89378
89382
89385
89386
89387
89388
89389
89391
89392
89395
89398
89400
89402
89406
89408
89410
89413
89417
89419
89422
89426
89427
89428
89429
89434
89435
89438
89443
89448
89454
89455
89457
89459
89461
89468
89478
89480
89482
89484
89485
89490
89492
89494
89503
89504
89508
89514
89515
89529
89532
89533
89534
89537
89538
89539
89540
89541
89545
89554
89558
89559
89561
89562
89571
89578
89579
89581
89582
89583
89587
89595
89598
89599
89600
89603
89606
89607
89609
89610
89614
89616
89617
89619
89621
89629
89630
89635
89639
89642
89644
89647
89649
89650
89653
89661
89662
89664
89667
89668
89678
89681
89684
89687
89691
89695
89696
89704
89707
89712
89719
89720
89723
89727
89728
89729
89730
89734
89736
89744
89745
89748
89750
89752
89755
89759
89763
89766
89768
89772
89776
89778
89780
89781
89782
89784
89786
89788
89790
89791
89792
89793
89794
89795
89796
89798
89799
89803
89811
89814
89816
89817
89820
89823
89831
89838
89842
89848
89850
89856
89858
89861
89862
89866
89871
89875
89884
89886
89887
89890
89891
89893
89895
89899
89901
89903
89908
89916
89918
89922
89923
89924
89931
89934
89938
89940
89974
89976
89978
89985
89989
89991
89993
89996
89997
89999
90000
90002
90004
90005
90008
90010
90015
90016
90026
90027
90031
90034
90035
90040
90048
90051
90053
90058
90062
90069
90076
90077
90085
90090
90091
90094
90095
90096
90100
90101
90103
90106
90109
90111
90112
90113
90117
90118
90121
90124
90127
90128
90130
90133
90135
90136
90142
90146
90150
90151
90161
90162
90164
90166
90174
90175
90179
90180
90181
90182
90184
90185
90187
90189
90190
90193
90197
90198
90200
90208
90210
90214
90220
90223
90225
90227
90228
90230
90233
90237
90239
90241
90242
90244
90247
90248
90250
90252
90255
90256
90268
90273
90274
90279
90282
90283
90286
90290
90292
90305
90309
90320
90326
90327
90329
90337
90339
90342
90345
90349
90352
90356
90358
90363
90366
90368
90372
90379
90382
90390
90392
90395
90399
90400
90402
90404
90406
90409
90410
90416
90423
90426
90427
90430
90436
90446
90448
90450
90452
90455
90456
90459
90460
90470
90473
90474
90480
90481
90482
90483
90485
90493
90496
90498
90499
90500
90501
90502
90504
90508
90510
90514
90515
90519
90521
90528
90529
90530
90534
90535
90536
90539
90540
90545
90546
90551
90563
90564
90568
90574
90577
90578
90580
90581
90582
90586
90589
90590
90592
90593
90594
90595
90598
90600
90602
90604
90605
90607
90608
90609
90610
90612
90614
90622
90625
90629
90631
90632
90633
90639
90643
90645
90647
90650
90655
90657
90660
90673
90682
90690
90691
90694
90696
90699
90700
90701
90702
90707
90712
90718
90724
90732
90733
90737
90738
90739
90745
90747
90751
90752
90757
90758
90764
90765
90766
90767
90768
90769
90787
90790
90791
90792
90798
90799
90804
90812
90813
90821
90824
90825
90832
90833
90836
90838
90840
90844
90846
90853
90860
90865
90868
90869
90874
90875
90876
90877
90881
90882
90886
90888
90895
90897
90902
90906
90907
90909
90912
90916
90922
90936
90938
90939
90941
90942
90953
90955
90956
90959
90963
90964
90966
90974
90977
90980
90982
90987
90989
91005
91006
91007
91011
91013
91015
91020
91021
91022
91027
91030
91033
91034
91039
91040
91045
91046
91048
91050
91052
91053
91057
91059
91070
91071
91074
91077
91080
91083
91090
91093
91094
91096
91097
91100
91102
91104
91110
91111
91113
91119
91120
91121
91122
91125
91130
91137
91139
91140
91143
91145
91147
91149
91153
91156
91158
91161
91162
91166
91168
91169
91173
91182
91185
91192
91194
91195
91196
91197
91198
91199
91200
91210
91212
91213
91216
91220
91223
91225
91229
91233
91236
91240
91246
91248
91249
91253
91256
91258
91259
91261
91262
91266
91268
91270
91277
91278
91283
91284
91287
91289
91291
91294
91298
91301
91307
91310
91311
91313
91316
91317
91319
91320
91323
91324
91325
91326
91330
91332
91337
91338
91339
91340
91342
91345
91348
91349
91354
91357
91360
91363
91368
91369
91372
91373
91374
91380
91388
91392
91397
91400
91402
91408
91412
91413
91415
91420
91421
91429
91430
91431
91432
91433
91434
91436
91438
91451
91452
91453
91457
91460
91463
91464
91469
91470
91471
91474
91485
91488
91491
91493
91496
91503
91505
91507
91511
91513
91514
91515
91516
91518
91521
91522
91525
91526
91527
91530
91533
91534
91535
91539
91541
91543
91546
91550
91552
91554
91557
91559
91560
91562
91563
91564
91566
91571
91574
91575
91590
91594
91596
91598
91600
91603
91606
91609
91612
91613
91616
91625
91629
91630
91635
91636
91647
91648
91651
91655
91662
91663
91668
91670
91688
91689
91690
91694
91696
91698
91703
91704
91706
91707
91708
91717
91721
91723
91728
91729
91738
91740
91741
91743
91746
91748
91749
91750
91751
91753
91754
91755
91756
91757
91759
91762
91772
91775
91776
91779
91783
91784
91786
91787
91788
91789
91795
91798
91804
91807
91808
91816
91817
91819
91823
91826
91827
91832
91835
91836
91838
91839
91840
91841
91849
91850
91853
91854
91857
91860
91862
91864
91865
91871
91876
91880
91889
91892
91894
91903
91904
91907
91916
91921
91922
91925
91926
91933
91934
91935
91938
91943
91945
91947
91952
91953
91954
91955
91956
91957
91963
91965
91967
91968
91969
91974
91978
91981
91986
91987
91991
91993
91994
92001
92004
92005
92007
92010
92011
92015
92019
92023
92024
92031
92032
92033
92038
92039
92042
92043
92048
92049
92050
92051
92055
92062
92068
92069
92073
92075
92076
92077
92078
92082
92085
92087
92093
92094
92099
92102
92110
92121
92122
92124
92126
92130
92132
92137
92139
92140
92148
92154
92155
92156
92159
92161
92163
92169
92174
92180
92184
92187
92189
92192
92199
92200
92201
92204
92207
92212
92214
92216
92217
92221
92222
92225
92226
92227
92231
92234
92235
92236
92243
92244
92259
92261
92266
92270
92272
92274
92275
92278
92280
92283
92287
92288
92299
92304
92306
92309
92311
92313
92314
92320
92334
92339
92341
92344
92345
92349
92357
92360
92361
92362
92364
92365
92368
92377
92382
92383
92386
92387
92389
92390
92392
92394
92395
92399
92400
92413
92417
92418
92423
92426
92431
92434
92436
92437
92445
92448
92460
92462
92463
92464
92467
92472
92480
92481
92490
92492
92493
92495
92497
92498
92502
92506
92508
92509
92511
92517
92520
92524
92525
92526
92527
92530
92531
92535
92538
92539
92541
92542
92544
92547
92549
92552
92554
92558
92561
92562
92563
92564
92566
92568
92576
92586
92591
92593
92595
92596
92606
92616
92625
92626
92629
92630
92634
92637
92640
92641
92643
92644
92649
92650
92653
92658
92660
92664
92669
92673
92679
92683
92684
92685
92686
92689
92693
92698
92699
92700
92701
92702
92705
92706
92719
92721
92722
92723
92726
92727
92730
92733
92736
92737
92743
92745
92746
92748
92749
92750
92758
92765
92766
92770
92775
92785
92794
92795
92807
92808
92810
92811
92814
92818
92820
92824
92825
92829
92830
92831
92832
92833
92843
92845
92846
92850
92851
92852
92853
92854
92861
92864
92868
92869
92870
92872
92874
92876
92890
92892
92895
92903
92905
92906
92910
92911
92918
92927
92929
92933
92937
92940
92942
92946
92947
92953
92954
92961
92962
92963
92967
92974
92975
92977
92979
92982
92983
92984
92989
92991
92992
92993
92994
92998
93006
93007
93015
93017
93021
93022
93026
93033
93034
93037
93040
93044
93045
93046
93048
93061
93067
93075
93077
93081
93082
93085
93087
93090
93091
93093
93097
93098
93099
93106
93107
93108
93114
93115
93116
93117
93118
93119
93121
93126
93127
93128
93132
93133
93137
93139
93141
93142
93144
93148
93149
93154
93159
93160
93167
93168
93169
93171
93172
93174
93177
93178
93180
93182
93183
93186
93187
93193
93195
93206
93207
93220
93222
93225
93228
93229
93230
93233
93234
93237
93240
93243
93250
93251
93258
93260
93261
93266
93276
93289
93296
93299
93313
93317
93321
93324
93325
93327
93330
93332
93335
93336
93338
93340
93342
93349
93351
93352
93363
93366
93370
93372
93373
93383
93386
93393
93395
93403
93405
93408
93409
93418
93421
93424
93428
93432
93433
93436
93437
93445
93447
93451
93457
93459
93460
93472
93475
93478
93484
93485
93490
93493
93497
93498
93500
93502
93503
93510
93511
93515
93516
93517
93519
93520
93523
93524
93526
93527
93528
93530
93531
93534
93536
93541
93542
93555
93562
93564
93565
93571
93572
93576
93577
93583
93587
93589
93592
93593
93595
93598
93605
93608
93612
93613
93615
93616
93620
93627
93633
93635
93637
93639
93640
93641
93642
93647
93655
93658
93659
93665
93671
93677
93678
93684
93686
93687
93692
93695
93696
93701
93711
93714
93715
93719
93721
93729
93732
93733
93734
93740
93743
93744
93746
93751
93754
93755
93757
93760
93761
93763
93764
93767
93772
93776
93778
93784
93787
93788
93795
93798
93801
93803
93805
93806
93807
93810
93827
93828
93829
93830
93833
93841
93843
93848
93853
93868
93870
93873
93880
93882
93890
93895
93911
93912
93919
93920
93923
93930
93933
93940
93954
93957
93959
93964
93966
93973
93975
93982
93986
93988
93993
93994
93995
94001
94002
94006
94011
94015
94016
94027
94030
94033
94034
94035
94036
94037
94044
94047
94057
94060
94064
94065
94068
94075
94076
94080
94081
94082
94085
94086
94088
94089
94090
94096
94102
94103
94104
94106
94107
94109
94111
94112
94116
94123
94125
94132
94135
94141
94143
94146
94157
94159
94160
94165
94168
94170
94171
94172
94175
94179
94183
94184
94190
94195
94196
94201
94203
94205
94206
94210
94211
94215
94222
94229
94231
94240
94242
94243
94244
94246
94250
94255
94257
94258
94261
94262
94263
94264
94268
94270
94276
94280
94281
94291
94294
94304
94305
94306
94307
94308
94310
94318
94323
94332
94336
94337
94338
94344
94345
94348
94350
94358
94360
94361
94370
94374
94376
94379
94380
94381
94386
94388
94389
94391
94393
94394
94395
94396
94397
94398
94403
94406
94408
94409
94410
94411
94414
94418
94425
94428
94429
94434
94441
94443
94447
94453
94458
94459
94461
94463
94466
94475
94476
94479
94487
94493
94494
94497
94498
94501
94503
94504
94505
94506
94507
94513
94514
94517
94521
94524
94526
94527
94531
94533
94535
94537
94538
94540
94542
94544
94547
94549
94558
94563
94564
94569
94578
94580
94589
94593
94595
94601
94606
94609
94616
94621
94623
94626
94627
94638
94639
94640
94641
94643
94644
94646
94650
94658
94659
94671
94673
94674
94680
94681
94684
94693
94695
94698
94701
94704
94707
94708
94709
94711
94717
94718
94721
94723
94724
94733
94743
94751
94752
94754
94755
94762
94768
94774
94776
94779
94787
94793
94795
94800
94805
94809
94814
94817
94820
94827
94828
94832
94834
94838
94839
94843
94845
94847
94848
94850
94854
94855
94856
94857
94860
94861
94862
94864
94866
94872
94876
94877
94881
94883
94889
94890
94894
94898
94901
94902
94912
94915
94916
94918
94920
94924
94925
94926
94929
94931
94932
94935
94938
94939
94941
94946
94948
94954
94959
94962
94964
94967
94968
94969
94971
94973
94974
94984
94988
94990
94995
94996
94997
94998
95001
95002
95006
95012
95013
95014
95017
95018
95020
95021
95022
95025
95027
95028
95035
95042
95044
95049
95050
95058
95060
95062
95064
95066
95067
95069
95071
95072
95074
95075
95081
95087
95089
95091
95103
95104
95107
95113
95114
95115
95116
95127
95130
95134
95135
95140
95146
95149
95150
95156
95161
95166
95170
95171
95172
95177
95178
95179
95180
95183
95191
95198
95215
95222
95224
95225
95235
95238
95242
95247
95248
95249
95250
95252
95259
95262
95263
95264
95266
95267
95271
95272
95273
95285
95286
95288
95296
95301
95304
95305
95309
95312
95318
95320
95322
95323
95327
95328
95333
95338
95342
95344
95349
95350
95352
95354
95356
95361
95362
95364
95371
95373
95374
95386
95388
95389
95390
95392
95398
95400
95401
95410
95413
95416
95417
95418
95424
95426
95427
95429
95431
95437
95438
95442
95449
95451
95453
95454
95456
95457
95458
95459
95461
95462
95464
95467
95470
95471
95473
95475
95480
95482
95484
95485
95490
95495
95497
95500
95503
95513
95515
95516
95517
95518
95521
95523
95529
95530
95531
95535
95540
95542
95545
95546
95554
95558
95559
95567
95568
95579
95582
95585
95587
95588
95601
95603
95605
95609
95613
95619
95622
95623
95625
95627
95630
95634
95639
95645
95651
95657
95659
95661
95662
95668
95671
95673
95675
95676
95677
95679
95680
95681
95686
95688
95689
95695
95698
95700
95701
95702
95703
95705
95709
95711
95714
95719
95724
95725
95726
95727
95728
95729
95730
95731
95732
95734
95735
95736
95737
95738
95739
95740
95741
95742
95744
95746
95747
95748
95750
95751
95752
95753
95754
95755
95756
95757
95759
95760
95761
95762
95764
95765
95766
95768
95769
95770
95772
95773
95775
95776
95778
95779
95780
95781
95782
95783
95784
95786
95788
95789
95790
95791
95793
95795
95796
95798
95799
95800
95801
95802
95803
95804
95805
95806
95807
95808
95809
95810
95811
95813
95814
95815
95816
95818
95819
95820
95821
95822
95823
95824
95825
95826
95827
95828
95829
95830
95833
95834
95835
95836
95837
95838
95839
95840
95841
95842
95843
95844
95845
95846
95847
95849
95851
95852
95854
95855
95856
95857
95858
95859
95860
95861
95862
95864
95865
95866
95867
95868
95869
95870
95871
95872
95873
95874
95875
95876
95877
95878
95879
95880
95881
95882
95883
95884
95885
95886
95887
95888
95889
95890
95891
95892
95893
95894
95895
95896
95897
95898
95899
95900
95901
95902
95903
95904
95905
95906
95907
95908
95909
95910
95911
95912
95913
95914
95915
95916
95917
95918
95919
95920
95921
95922
95923
95924
95925
95926
95927
95928
95929
95930
95931
95932
95933
95934
95935
95936
95938
95940
95941
95942
95943
95944
95945
95946
95947
95948
95949
95951
95952
95953
95954
95955
95956
95957
95958
95959
95960
95961
95962
95963
95966
95967
95968
95969
95970
95971
95972
95973
95974
95975
95976
95977
95978
95979
95980
95981
95982
95983
95984
95985
95986
95988
95989
95990
95991
95992
95993
95994
95995
95996
95997
95998
95999
96000
96001
96002
96003
96004
96005
96006
96007
96008
96009
96010
96011
96012
96013
96014
96015
96016
96017
96018
96019
96020
96021
96022
96023
96024
96025
96026
96027
96028
96029
96030
96031
96032
96033
96034
96035
96036
96037
96038
96039
96040
96041
96042
96043
96044
96045
96046
96047
96048
96049
96050
96051
96052
96053
96054
96055
96056
96057
96059
96060
96061
96062
96063
96064
96065
96066
96067
96068
96069
96070
96072
96073
96074
96075
96076
96077
96078
96079
96080
96081
96082
96083
96084
96085
96086
96087
96088
96089
96090
96091
96092
96093
96094
96095
96096
96097
96098
96099
96100
96101
96102
96103
96105
96106
96107
96108
96109
96110
96111
96112
96113
96114
96115
96116
96117
96118
96119
96120
96121
96122
96123
96124
96125
96126
96127
96128
96129
96130
96131
96132
96133
96134
96135
96136
96137
96138
96139
96140
96141
96142
96143
96144
96146
96147
96148
96149
96150
96151
96152
96153
96154
96155
96156
96157
96158
96159
96160
96161
96162
96163
96165
96166
96167
96168
96169
96170
96171
96172
96173
96175
96176
96177
96178
96179
96180
96181
96182
96183
96184
96185
96186
96187
96188
96189
96190
96191
96192
96193
96194
96195
96196
96197
96198
96199
96200
96201
96202
96203
96204
96205
96206
96207
96208
96209
96211
96212
96213
96214
96215
96216
96217
96218
96219
96220
96221
96222
96223
96224
96225
96226
96227
96228
96229
96230
96231
96232
96233
96234
96235
96236
96237
96238
96239
96240
96241
96242
96243
96244
96245
96246
96248
96249
96250
96251
96252
96253
96254
96255
96256
96257
96258
96259
96260
96261
96262
96263
96264
96265
96266
96267
96268
96269
96270
96271
96272
96273
96274
96275
96276
96277
96278
96279
96280
96281
96282
96283
96284
96285
96286
96287
96288
96289
96290
96291
96292
96293
96294
96295
96296
96297
96298
96299
96300
96301
96302
96303
96304
96305
96306
96307
96308
96309
96310
96311
96312
96313
96314
96315
96316
96317
96318
96319
96321
96323
96324
96325
96326
96327
96328
96329
96330
96331
96332
96333
96334
96335
96336
96337
96338
96339
96341
96342
96343
96344
96345
96346
96347
96348
96349
96350
96351
96352
96353
96354
96355
96356
96357
96358
96359
96360
96361
96362
96363
96364
96365
96366
96367
96368
96369
96370
96371
96372
96373
96374
96375
96376
96378
96379
96380
96381
96382
96383
96384
96385
96386
96387
96389
96390
96391
96392
96393
96394
96395
96396
96397
96398
96399
96401
96402
96403
96404
96405
96406
96407
96408
96409
96410
96411
96412
96414
96415
96416
96417
96418
96419
96420
96421
96422
96424
96425
96426
96427
96428
96429
96430
96431
96432
96433
96434
96435
96436
96437
96439
96440
96441
96442
96443
96444
96445
96446
96447
96448
96449
96450
96451
96452
96453
96454
96455
96456
96457
96458
96459
96460
96461
96462
96463
96464
96465
96466
96467
96468
96469
96470
96471
96472
96473
96474
96475
96476
96477
96478
96479
96480
96481
96482
96483
96484
96485
96486
96487
96488
96489
96490
96491
96492
96493
96494
96495
96496
96497
96498
96499
96500
96501
96502
96504
96505
96506
96507
96508
96509
96510
96511
96512
96513
96514
96515
96516
96517
96518
96519
96520
96521
96522
96523
96524
96525
96526
96527
96528
96529
96530
96531
96532
96533
96534
96535
96536
96537
96538
96539
96540
96541
96543
96544
96545
96546
96547
96548
96549
96550
96551
96552
96553
96554
96555
96556
96557
96558
96559
96560
96561
96562
96563
96564
96565
96566
96567
96568
96569
96570
96571
96572
96574
96575
96576
96577
96578
96579
96580
96581
96582
96584
96585
96586
96588
96589
96590
96591
96592
96593
96594
96595
96596
96597
96598
96599
96600
96601
96602
96603
96604
96605
96606
96607
96608
96609
96610
96611
96612
96613
96614
96615
96616
96617
96618
96619
96620
96621
96622
96623
96624
96625
96626
96627
96628
96629
96630
96631
96632
96633
96634
96635
96636
96637
96638
96639
96640
96641
96642
96643
96644
96645
96646
96647
96648
96649
96650
96651
96652
96653
96654
96655
96656
96657
96658
96659
96661
96662
96663
96664
96665
96666
96667
96668
96669
96670
96671
96672
96674
96675
96676
96677
96678
96679
96680
96681
96682
96683
96684
96685
96686
96687
96688
96690
96691
96692
96693
96694
96696
96697
96698
96699
96700
96701
96702
96703
96704
96705
96706
96707
96708
96709
96710
96711
96712
96713
96714
96715
96716
96717
96718
96719
96720
96721
96722
96723
96724
96725
96726
96727
96728
96729
96730
96731
96732
96734
96735
96736
96737
96738
96739
96740
96741
96742
96743
96744
96746
96747
96748
96749
96750
96751
96752
96753
96754
96755
96756
96758
96759
96760
96761
96762
96763
96764
96766
96767
96768
96769
96770
96771
96773
96774
96775
96776
96777
96778
96780
96781
96782
96783
96784
96785
96786
96787
96788
96789
96790
96791
96792
96793
96794
96795
96796
96797
96798
96799
96800
96801
96802
96803
96804
96805
96806
96807
96808
96809
96810
96811
96812
96813
96814
96815
96816
96817
96818
96819
96820
96821
96822
96823
96824
96825
96826
96827
96829
96830
96831
96833
96834
96835
96836
96837
96838
96839
96841
96842
96843
96844
96845
96846
96847
96848
96849
96850
96851
96852
96853
96855
96857
96858
96859
96860
96861
96862
96863
96864
96865
96866
96867
96868
96869
96870
96871
96874
96875
96876
96877
96878
96879
96880
96881
96882
96883
96884
96885
96886
96887
96888
96889
96890
96891
96892
96893
96894
96895
96896
96897
96898
96899
96901
96902
96903
96904
96905
96906
96907
96908
96909
96910
96911
96913
96914
96916
96917
96919
96920
96921
96922
96923
96924
96925
96926
96927
96928
96929
96930
96931
96932
96933
96934
96935
96936
96937
96938
96939
96940
96941
96942
96943
96944
96945
96946
96948
96949
96950
96951
96952
96953
96954
96955
96956
96957
96958
96959
96960
96961
96962
96963
96964
96965
96966
96967
96968
96969
96970
96971
96972
96973
96974
96975
96976
96977
96978
96979
96980
96981
96982
96983
96984
96985
96986
96987
96988
96989
96990
96992
96994
96996
96997
96998
96999
97000
97001
97002
97003
97004
97005
97006
97007
97008
97009
97010
97011
97012
97013
97014
97015
97016
97017
97018
97019
97020
97021
97022
97024
97025
97026
97027
97029
97030
97031
97032
97033
97034
97035
97036
97037
97038
97039
97040
97041
97042
97043
97045
97046
97047
97048
97049
97050
97051
97052
97053
97054
97055
97056
97057
97058
97059
97060
97061
97062
97063
97064
97065
97066
97067
97068
97069
97070
97071
97072
97073
97074
97075
97076
97077
97078
97079
97080
97081
97082
97083
97084
97085
97086
97087
97088
97089
97090
97091
97092
97093
97094
97095
97097
97098
97099
97100
97101
97102
97103
97104
97105
97106
97107
97108
97109
97110
97111
97112
97113
97114
97115
97116
97117
97118
97119
97120
97121
97122
97123
97124
97125
97126
97127
97128
97129
97130
97131
97133
97134
97136
97137
97138
97139
97141
97142
97143
97144
97145
97146
97148
97149
97150
97151
97152
97153
97154
97155
97156
97157
97158
97159
97161
97162
97163
97164
97165
97166
97167
97168
97169
97170
97171
97172
97173
97174
97175
97176
97177
97178
97179
97180
97181
97182
97183
97184
97185
97186
97187
97188
97189
97190
97191
97192
97193
97194
97195
97196
97198
97199
97201
97202
97203
97204
97205
97206
97207
97208
97209
97210
97211
97213
97214
97215
97216
97217
97218
97219
97220
97221
97222
97223
97224
97225
97226
97228
97230
97231
97232
97233
97234
97235
97236
97237
97238
97239
97240
97241
97242
97243
97244
97245
97247
97248
97249
97250
97251
97252
97254
97255
97257
97258
97259
97260
97262
97263
97265
97266
97267
97268
97270
97271
97272
97273
97274
97275
97276
97277
97278
97279
97280
97281
97282
97283
97284
97285
97286
97287
97288
97289
97290
97292
97293
97294
97295
97296
97297
97298
97300
97301
97302
97303
97305
97306
97307
97308
97309
97310
97311
97312
97313
97315
97317
97318
97319
97320
97321
97322
97323
97324
97325
97326
97327
97328
97329
97330
97331
97332
97333
97334
97335
97336
97337
97338
97341
97342
97344
97345
97346
97348
97349
97350
97351
97352
97353
97354
97356
97357
97358
97359
97360
97361
97362
97363
97364
97365
97367
97368
97369
97371
97372
97373
97374
97375
97376
97377
97378
97379
97380
97381
97382
97383
97384
97385
97386
97387
97388
97389
97390
97391
97392
97393
97394
97395
97397
97398
97399
97400
97401
97402
97404
97405
97406
97407
97408
97409
97410
97411
97412
97413
97414
97415
97417
97420
97421
97422
97423
97424
97425
97426
97427
97428
97429
97430
97431
97433
97434
97435
97436
97437
97438
97439
97440
97441
97442
97443
97444
97445
97446
97447
97448
97449
97450
97451
97452
97454
97455
97456
97457
97458
97459
97460
97461
97462
97463
97466
97467
97468
97469
97470
97471
97472
97473
97474
97475
97477
97478
97481
97483
97484
97485
97486
97487
97488
97489
97490
97491
97492
97493
97494
97495
97497
97498
97499
97500
97501
97502
97503
97504
97505
97506
97507
97508
97509
97510
97511
97512
97514
97515
97516
97517
97518
97519
97520
97522
97524
97525
97526
97527
97528
97529
97530
97531
97532
97534
97536
97537
97538
97539
97541
97542
97543
97544
97550
97551
97552
97553
97554
97555
97556
97557
97558
97559
97560
97561
97562
97563
97564
97566
97567
97568
97569
97570
97571
97572
97573
97574
97575
97577
97578
97579
97580
97582
97583
97584
97585
97587
97590
97592
97593
97594
97595
97596
97597
97598
97599
97600
97601
97602
97603
97606
97607
97609
97610
97611
97612
97614
97616
97617
97618
97620
97621
97622
97623
97625
97626
97627
97628
97629
97630
97631
97632
97633
97634
97635
97637
97639
97640
97641
97642
97643
97644
97645
97646
97647
97648
97649
97651
97654
97655
97656
97657
97659
97660
97661
97662
97663
97664
97665
97666
97667
97668
97669
97670
97671
97672
97673
97674
97675
97676
97677
97678
97679
97680
97681
97682
97684
97685
97686
97688
97689
97691
97693
97694
97695
97697
97698
97699
97700
97701
97702
97703
97704
97705
97706
97707
97708
97709
97710
97711
97712
97714
97715
97716
97717
97718
97719
97720
97721
97722
97723
97724
97725
97727
97728
97729
97730
97731
97732
97733
97737
97738
97740
97741
97742
97743
97744
97746
97747
97748
97749
97750
97751
97752
97753
97755
97756
97757
97758
97759
97760
97761
97766
97768
97769
97770
97771
97772
97773
97774
97775
97776
97779
97781
97782
97783
97784
97785
97786
97787
97788
97789
97790
97791
97792
97793
97794
97795
97796
97797
97799
97800
97801
97802
97803
97804
97805
97806
97807
97808
97809
97810
97811
97812
97813
97814
97815
97816
97817
97818
97821
97822
97823
97824
97825
97826
97827
97829
97830
97831
97832
97833
97834
97835
97836
97837
97838
97839
97840
97841
97842
97843
97845
97846
97847
97849
97850
97851
97852
97853
97854
97856
97857
97858
97859
97861
97862
97865
97866
97867
97868
97869
97870
97871
97873
97874
97876
97877
97878
97879
97881
97882
97883
97884
97885
97886
97887
97888
97889
97890
97891
97893
97894
97896
97897
97898
97899
97900
97901
97902
97903
97904
97905
97906
97907
97908
97909
97910
97911
97912
97913
97914
97915
97916
97917
97918
97920
97921
97922
97923
97925
97926
97927
97928
97932
97933
97934
97935
97939
97940
97941
97943
97944
97945
97946
97947
97949
97950
97952
97954
97955
97956
97957
97958
97959
97960
97961
97963
97964
97965
97966
97967
97969
97970
97971
97972
97973
97975
97976
97980
97981
97983
97987
97988
97989
97990
97991
97992
97993
97994
97995
97996
97997
97998
98000
98001
98002
98003
98004
98006
98007
98008
98009
98011
98012
98013
98014
98015
98016
98018
98019
98020
98021
98023
98024
98025
98026
98027
98028
98029
98030
98031
98032
98033
98034
98035
98037
98040
98042
98044
98046
98047
98048
98050
98051
98052
98053
98054
98055
98056
98058
98059
98060
98061
98063
98066
98068
98069
98070
98072
98073
98076
98078
98079
98080
98081
98082
98083
98086
98087
98090
98091
98093
98095
98098
98099
98100
98103
98105
98108
98111
98112
98114
98116
98117
98118
98119
98120
98121
98122
98123
98124
98125
98126
98127
98128
98129
98130
98131
98132
98133
98134
98135
98136
98137
98138
98139
98140
98141
98142
98143
98144
98145
98147
98148
98151
98152
98153
98154
98155
98156
98157
98158
98159
98160
98161
98162
98163
98167
98168
98170
98171
98172
98173
98174
98175
98176
98177
98178
98179
98180
98182
98183
98184
98185
98186
98187
98188
98189
98191
98192
98194
98196
98197
98198
98199
98200
98201
98202
98203
98204
98205
98206
98208
98209
98211
98212
98213
98214
98215
98217
98219
98220
98221
98222
98224
98225
98226
98227
98230
98234
98236
98238
98241
98242
98245
98248
98249
98250
98251
98252
98253
98254
98255
98256
98257
98258
98259
98260
98261
98262
98263
98264
98265
98266
98267
98268
98269
98270
98271
98272
98273
98274
98275
98276
98277
98278
98279
98280
98282
98283
98284
98285
98286
98287
98288
98289
98290
98291
98292
98293
98294
98295
98296
98297
98298
98299
98300
98301
98303
98304
98305
98307
98308
98309
98310
98311
98312
98313
98315
98316
98317
98318
98319
98320
98321
98322
98325
98328
98329
98330
98331
98332
98333
98334
98335
98336
98339
98340
98341
98342
98343
98344
98346
98347
98348
98349
98351
98352
98353
98354
98356
98357
98358
98359
98361
98363
98365
98368
98373
98374
98376
98382
98385
98386
98388
98390
98391
98393
98395
98398
98401
98404
98405
98406
98407
98408
98409
98410
98411
98412
98413
98414
98415
98416
98417
98418
98419
98420
98421
98422
98423
98424
98425
98426
98427
98428
98429
98430
98431
98432
98433
98434
98435
98436
98437
98438
98439
98440
98441
98442
98443
98444
98445
98446
98447
98449
98450
98451
98452
98453
98454
98455
98456
98457
98458
98459
98460
98461
98462
98463
98464
98465
98467
98469
98470
98472
98473
98474
98475
98476
98477
98478
98479
98480
98482
98483
98485
98486
98489
98490
98491
98492
98493
98494
98495
98496
98497
98500
98501
98502
98504
98507
98509
98512
98514
98515
98516
98517
98518
98521
98523
98524
98525
98527
98528
98530
98531
98534
98535
98536
98538
98539
98540
98541
98543
98544
98545
98547
98548
98551
98553
98554
98555
98557
98559
98560
98561
98563
98564
98566
98567
98571
98574
98575
98578
98581
98584
98585
98588
98591
98593
98599
98602
98604
98605
98606
98607
98608
98609
98610
98611
98612
98613
98614
98615
98616
98617
98618
98619
98620
98621
98622
98623
98625
98626
98627
98628
98629
98630
98631
98632
98633
98634
98636
98637
98638
98639
98640
98641
98642
98644
98645
98646
98647
98648
98649
98650
98651
98653
98654
98655
98656
98657
98658
98660
98661
98662
98663
98664
98665
98667
98668
98669
98670
98671
98674
98675
98676
98677
98678
98682
98683
98684
98685
98688
98689
98690
98691
98692
98693
98694
98695
98696
98699
98702
98704
98706
98710
98711
98712
98713
98714
98715
98716
98717
98718
98719
98720
98722
98723
98724
98725
98727
98728
98730
98732
98736
98737
98738
98739
98740
98742
98744
98745
98746
98747
98748
98750
98751
98754
98756
98758
98759
98761
98762
98764
98765
98766
98767
98769
98770
98775
98779
98780
98785
98786
98787
98788
98790
98791
98792
98793
98797
98798
98800
98805
98809
98811
98815
98816
98817
98818
98819
98820
98821
98822
98823
98825
98826
98827
98828
98829
98830
98831
98832
98833
98834
98835
98836
98837
98838
98839
98840
98841
98842
98843
98845
98846
98847
98848
98849
98850
98851
98852
98853
98854
98855
98857
98858
98859
98860
98861
98863
98864
98866
98867
98868
98869
98870
98872
98873
98874
98875
98876
98879
98880
98881
98882
98884
98885
98886
98888
98890
98891
98892
98893
98895
98896
98897
98900
98902
98903
98905
98906
98907
98908
98909
98910
98911
98913
98918
98919
98920
98922
98923
98924
98926
98927
98931
98933
98934
98935
98936
98939
98943
98952
98957
98959
98960
98961
98966
98976
98979
98980
98981
98982
98983
98984
98985
98987
98988
98989
98990
98992
98995
98996
98997
98998
98999
99000
99002
99003
99004
99005
99007
99009
99010
99011
99012
99013
99014
99017
99020
99021
99022
99023
99025
99027
99029
99033
99036
99039
99040
99041
99042
99043
99045
99046
99050
99051
99052
99054
99056
99057
99058
99061
99062
99065
99067
99068
99070
99071
99072
99075
99076
99081
99085
99091
99092
99096
99097
99104
99109
99116
99117
99118
99121
99122
99123
99124
99125
99126
99127
99128
99129
99130
99131
99132
99133
99134
99135
99136
99137
99139
99140
99141
99143
99144
99145
99146
99147
99149
99151
99152
99153
99154
99155
99157
99158
99159
99160
99161
99162
99163
99165
99167
99168
99169
99170
99171
99172
99173
99174
99176
99179
99180
99181
99182
99183
99184
99185
99187
99188
99190
99191
99193
99194
99195
99196
99197
99198
99200
99201
99202
99203
99204
99205
99206
99207
99208
99210
99211
99213
99216
99217
99218
99222
99227
99230
99231
99233
99234
99235
99237
99239
99240
99242
99243
99247
99248
99250
99253
99254
99260
99267
99268
99269
99270
99272
99274
99276
99277
99279
99280
99282
99284
99285
99286
99287
99289
99290
99293
99294
99295
99296
99297
99298
99299
99301
99302
99303
99304
99309
99311
99312
99313
99314
99316
99318
99321
99322
99323
99327
99328
99331
99335
99339
99344
99346
99347
99348
99353
99357
99358
99364
99365
99370
99371
99372
99373
99375
99379
99384
99392
99393
99398
99399
99404
99417
99420
99426
99428
99431
99436
99437
99438
99439
99440
99441
99442
99443
99444
99445
99446
99447
99448
99449
99451
99452
99453
99454
99455
99456
99457
99458
99459
99460
99461
99462
99463
99464
99465
99466
99467
99468
99469
99470
99471
99472
99473
99474
99475
99476
99477
99479
99481
99484
99485
99487
99488
99489
99490
99491
99492
99493
99494
99496
99497
99498
99499
99500
99501
99502
99503
99504
99505
99506
99507
99508
99510
99511
99514
99516
99518
99519
99520
99521
99522
99523
99524
99526
99527
99528
99529
99530
99531
99533
99534
99535
99536
99537
99538
99540
99541
99542
99543
99544
99546
99547
99548
99550
99551
99553
99555
99556
99560
99561
99564
99566
99567
99570
99572
99573
99575
99576
99577
99579
99581
99582
99583
99584
99586
99588
99589
99590
99591
99593
99594
99595
99597
99600
99603
99604
99605
99608
99609
99612
99614
99615
99620
99622
99626
99627
99629
99631
99636
99638
99644
99646
99649
99651
99656
99657
99661
99669
99671
99674
99676
99677
99679
99681
99685
99686
99687
99698
99699
99700
99701
99702
99703
99704
99705
99706
99707
99708
99709
99710
99713
99714
99715
99716
99717
99718
99721
99724
99729
99731
99732
99734
99737
99739
99743
99747
99748
99752
99753
99754
99755
99759
99761
99762
99763
99764
99767
99769
99770
99771
99773
99780
99781
99785
99798
99799
99800
99802
99803
99804
99805
99806
99807
99809
99810
99812
99821
99826
99827
99828
99830
99831
99832
99835
99837
99839
99845
99848
99850
99851
99852
99855
99856
99858
99862
99863
99864
99871
99873
99875
99882
99883
99892
99917
99921
99923
99924
99925
99926
99927
99928
99929
99930
99932
99933
99935
99936
99937
99939
99940
99941
99943
99944
99945
99946
99947
99948
99949
99950
99951
99952
99953
99954
99956
99957
99958
99959
99960
99961
99962
99964
99965
99966
99967
99968
99969
99970
99971
99973
99974
99975
99976
99977
99978
99979
99980
99981
99982
99983
99984
99985
99986
99987
99988
99989
99990
99992
99993
99994
99995
99996
99997
99998
99999
100000
100001
100005
100008
100011
100012
100013
100014
100015
100016
100017
100018
100019
100021
100022
100024
100025
100026
100027
100028
100029
100032
100033
100034
100039
100042
100043
100047
100048
100052
100053
100054
100059
100063
100065
100067
100071
100074
100075
100076
100080
100083
100086
100087
100090
100091
100095
100096
100099
100101
100103
100105
100107
100109
100115
100117
100120
100127
100130
100134
100139
100141
100142
100143
100153
100165
100167
100170
100177
100186
100190
100213
100215
100216
100218
100219
100220
100222
100223
100227
100228
100229
100231
100232
100236
100239
100244
100245
100246
100247
100249
100250
100251
100254
100257
100259
100261
100262
100269
100271
100273
100276
100277
100279
100280
100283
100287
100291
100293
100294
100297
100300
100304
100305
100306
100311
100313
100316
100318
100323
100327
100332
100335
100336
100342
100343
100346
100347
100349
100358
100362
100363
100373
100376
100377
100378
100391
100397
100402
100408
100409
100414
100417
100449
100453
100459
100472
100474
100479
100488
100491
100508
100521
100532
100533
100534
100536
100537
100538
100539
100540
100542
100543
100544
100545
100546
100547
100548
100550
100552
100553
100554
100555
100556
100558
100559
100560
100561
100562
100563
100564
100565
100566
100567
100568
100569
100570
100572
100573
100574
100575
100576
100578
100579
100580
100581
100582
100583
100584
100585
100587
100589
100590
100591
100592
100593
100594
100595
100596
100597
100600
100601
100603
100604
100605
100606
100607
100608
100609
100610
100611
100612
100613
100614
100615
100616
100617
100618
100619
100620
100622
100623
100624
100625
100626
100627
100628
100629
100630
100631
100632
100634
100635
100636
100639
100641
100643
100646
100647
100651
100652
100653
100654
100657
100658
100660
100661
100662
100663
100665
100667
100668
100670
100672
100679
100681
100682
100684
100686
100687
100688
100689
100690
100691
100694
100697
100699
100700
100701
100702
100707
100712
100713
100714
100716
100717
100718
100719
100720
100721
100722
100723
100725
100726
100727
100728
100731
100732
100736
100737
100742
100744
100745
100747
100748
100749
100750
100751
100752
100753
100754
100755
100756
100757
100758
100759
100761
100765
100770
100775
100777
100779
100780
100782
100784
100786
100788
100793
100796
100797
100799
100800
100802
100804
100808
100817
100820
100821
100825
100826
100827
100829
100830
100832
100834
100836
100837
100843
100847
100851
100854
100855
100858
100862
100864
100867
100869
100870
100872
100873
100876
100880
100887
100888
100890
100896
100897
100898
100899
100900
100903
100907
100911
100914
100915
100922
100926
100933
100937
100944
100945
100953
100956
100958
100962
100978
100996
101002
101014
101016
101017
101025
101027
101038
101071
101075
101102
101122
101123
101125
101126
101127
101129
101130
101131
101133
101134
101135
101137
101139
101141
101142
101144
101145
101146
101147
101153
101154
101158
101159
101162
101163
101164
101165
101167
101169
101173
101178
101180
101184
101188
101189
101190
101191
101192
101193
101194
101195
101196
101199
101200
101202
101204
101207
101212
101214
101219
101222
101223
101224
101228
101229
101230
101232
101235
101239
101240
101246
101252
101253
101265
101270
101276
101288
101290
101291
101292
101296
101301
101306
101315
101319
101320
101322
101325
101328
101331
101335
101338
101339
101340
101361
101366
101372
101379
101383
101418
101419
101443
101472
101510
101544
101550
101560
101577
101587
101588
101589
101590
101591
101592
101593
101594
101595
101596
101597
101598
101599
101600
101601
101602
101603
101604
101605
101606
101607
101608
101609
101610
101611
101612
101613
101614
101615
101616
101617
101619
101620
101622
101623
101624
101625
101626
101627
101629
101630
101632
101634
101635
101636
101638
101639
101640
101641
101643
101644
101645
101646
101648
101650
101651
101652
101653
101654
101655
101656
101657
101660
101662
101665
101667
101668
101670
101671
101672
101673
101674
101675
101676
101677
101678
101680
101681
101683
101684
101686
101687
101688
101689
101691
101692
101694
101695
101696
101697
101698
101699
101700
101701
101702
101704
101705
101706
101707
101708
101710
101711
101713
101714
101715
101717
101721
101724
101725
101728
101729
101731
101732
101735
101736
101739
101740
101741
101742
101743
101745
101748
101749
101750
101751
101752
101753
101755
101757
101758
101759
101760
101761
101763
101764
101765
101768
101770
101772
101773
101775
101776
101778
101780
101782
101783
101784
101786
101787
101791
101792
101794
101796
101797
101799
101800
101801
101802
101803
101805
101806
101807
101808
101809
101814
101816
101817
101818
101820
101824
101825
101826
101828
101831
101833
101835
101836
101839
101841
101842
101846
101847
101848
101850
101854
101855
101858
101860
101861
101862
101865
101866
101867
101870
101871
101872
101874
101876
101878
101880
101881
101884
101885
101888
101894
101895
101897
101898
101899
101904
101905
101908
101911
101919
101920
101923
101924
101928
101931
101932
101933
101934
101935
101936
101940
101942
101944
101949
101951
101953
101960
101962
101963
101964
101965
101966
101967
101974
101975
101978
101980
101981
101983
101984
101986
101987
101988
101993
101994
101998
102001
102004
102005
102007
102009
102011
102014
102019
102023
102025
102030
102038
102044
102045
102051
102053
102054
102063
102067
102068
102069
102070
102072
102075
102079
102080
102084
102085
102092
102095
102099
102108
102112
102125
102127
102139
102147
102154
102158
102172
102173
102175
102186
102190
102196
102198
102204
102208
102209
102218
102227
102231
102233
102236
102237
102241
102242
102245
102248
102250
102254
102259
102270
102277
102280
102293
102294
102301
102324
102334
102338
102341
102363
102376
102377
102386
102388
102390
102393
102394
102403
102416
102422
102432
102436
102443
102459
102486
102488
102491
102521
102532
102550
102567
102591
102606
102613
102614
102619
102658
102701
102741
102770
102809
102894
102895
102896
102897
102899
102900
102901
102902
102904
102905
102907
102911
102912
102914
102915
102916
102919
102922
102925
102934
102937
102938
102939
102945
102953
102954
102955
102957
102959
102961
102962
102971
102973
102977
102978
102979
102980
102981
102986
102988
102989
102990
102994
103005
103011
103015
103017
103019
103021
103022
103025
103026
103027
103030
103033
103050
103060
103068
103072
103079
103081
103082
103083
103084
103086
103110
103117
103121
103124
103129
103160
103165
103167
103189
103195
103217
103219
103225
103226
103233
103265
103269
103271
103280
103293
103307
103314
103333
103343
103347
103354
103384
103390
103425
103446
103469
103489
103508
103512
103527
103533
103536
103538
103539
103540
103562
103565
103622
103625
103656
103663
103703
103704
103705
103709
103710
103711
103713
103715
103716
103717
103718
103719
103720
103722
103723
103724
103725
103726
103727
103728
103729
103730
103732
103733
103735
103737
103738
103739
103740
103741
103742
103743
103744
103746
103747
103748
103749
103751
103752
103754
103755
103758
103759
103760
103761
103764
103765
103767
103768
103769
103770
103771
103772
103773
103775
103776
103777
103779
103780
103781
103782
103783
103784
103785
103786
103787
103789
103790
103791
103793
103796
103798
103801
103802
103803
103805
103806
103808
103809
103810
103812
103813
103814
103817
103818
103819
103820
103823
103824
103825
103826
103827
103828
103833
103834
103835
103836
103837
103838
103840
103841
103842
103843
103845
103846
103848
103850
103851
103852
103853
103854
103855
103856
103861
103862
103863
103864
103865
103868
103869
103870
103871
103873
103874
103875
103878
103880
103881
103883
103887
103888
103890
103893
103895
103897
103898
103900
103901
103902
103903
103904
103905
103906
103907
103908
103910
103911
103913
103915
103916
103918
103920
103921
103922
103925
103933
103935
103936
103937
103938
103940
103941
103943
103945
103946
103949
103951
103952
103957
103961
103963
103965
103968
103969
103974
103975
103978
103982
103984
103986
103987
103991
103993
103994
103997
104000
104001
104003
104004
104006
104007
104009
104011
104013
104015
104016
104017
104018
104019
104022
104023
104025
104027
104028
104032
104033
104034
104042
104045
104046
104050
104053
104058
104062
104063
104067
104069
104073
104079
104082
104083
104084
104088
104093
104096
104099
104103
104105
104106
104111
104112
104113
104114
104115
104119
104120
104122
104123
104128
104135
104137
104138
104140
104145
104149
104150
104155
104156
104159
104161
104164
104165
104167
104169
104173
104174
104176
104182
104183
104186
104187
104188
104190
104191
104195
104198
104201
104203
104204
104206
104208
104211
104213
104214
104215
104218
104221
104223
104225
104226
104232
104234
104237
104241
104245
104252
104255
104263
104269
104277
104282
104291
104292
104296
104298
104300
104305
104306
104307
104309
104314
104323
104331
104334
104335
104336
104343
104344
104346
104347
104351
104355
104363
104366
104375
104376
104377
104381
104385
104387
104391
104392
104393
104396
104401
104402
104404
104405
104408
104415
104421
104422
104424
104426
104437
104441
104450
104453
104454
104464
104466
104474
104477
104482
104492
104493
104500
104505
104508
104509
104512
104520
104522
104525
104526
104528
104529
104533
104536
104537
104542
104546
104547
104548
104552
104558
104560
104562
104566
104574
104578
104580
104583
104584
104591
104603
104605
104606
104613
104617
104619
104626
104633
104634
104637
104639
104643
104648
104658
104662
104664
104667
104668
104670
104671
104678
104684
104686
104690
104693
104694
104698
104732
104735
104739
104741
104742
104744
104747
104752
104761
104769
104778
104782
104784
104802
104803
104804
104808
104815
104825
104828
104832
104836
104840
104854
104855
104860
104865
104869
104875
104883
104886
104896
104902
104908
104911
104912
104915
104933
104937
104942
104943
104960
104961
104977
104988
105000
105002
105003
105007
105017
105019
105022
105035
105037
105041
105046
105048
105052
105056
105065
105073
105079
105082
105083
105092
105094
105097
105098
105102
105128
105130
105143
105149
105163
105180
105193
105198
105222
105249
105256
105258
105267
105271
105290
105316
105331
105368
105380
105384
105395
105406
105422
105430
105442
105467
105500
105532
105535
105563
105573
105598
105624
105636
105680
105684
105708
105710
105742
105771
105774
105814
105865
105882
105892
105906
105918
105995
106000
106039
106042
106065
106069
106109
106209
106229
106243
106258
106281
106351
106377
106471
106491
106495
106542
106573
106622
106691
106766
107047
107226
107668
107669
107670
107671
107673
107675
107676
107677
107681
107684
107688
107689
107692
107693
107697
107698
107701
107702
107703
107710
107711
107713
107714
107718
107720
107722
107726
107727
107730
107738
107740
107743
107747
107751
107762
107767
107768
107786
107790
107793
107794
107795
107799
107803
107804
107806
107808
107809
107810
107811
107814
107817
107824
107826
107837
107838
107845
107846
107847
107867
107877
107886
107887
107895
107901
107916
107919
107941
107943
107947
107965
107978
107982
107985
107986
108008
108034
108063
108069
108074
108076
108082
108088
108098
108099
108141
108145
108154
108158
108175
108176
108189
108196
108229
108254
108258
108266
108270
108284
108306
108320
108334
108363
108365
108375
108397
108410
108485
108518
108527
108528
108529
108530
108531
108532
108533
108534
108535
108536
108537
108538
108539
108540
108542
108543
108544
108545
108547
108548
108549
108550
108552
108553
108556
108558
108559
108560
108561
108562
108563
108564
108566
108567
108568
108569
108572
108573
108575
108577
108578
108579
108580
108581
108582
108584
108585
108587
108589
108590
108591
108592
108593
108594
108596
108597
108598
108600
108601
108602
108603
108605
108607
108611
108612
108614
108615
108617
108623
108624
108628
108629
108631
108632
108634
108635
108636
108637
108638
108639
108644
108646
108647
108648
108650
108651
108653
108659
108660
108662
108663
108664
108665
108667
108668
108669
108670
108674
108675
108676
108678
108680
108681
108682
108687
108689
108691
108693
108694
108695
108698
108699
108701
108703
108706
108708
108709
108710
108713
108714
108716
108717
108719
108720
108721
108723
108727
108728
108729
108733
108734
108735
108737
108738
108741
108742
108743
108744
108749
108750
108751
108753
108756
108757
108758
108759
108760
108761
108764
108765
108769
108770
108772
108773
108774
108775
108776
108777
108781
108783
108784
108785
108786
108787
108789
108791
108795
108798
108799
108801
108802
108803
108805
108808
108812
108813
108815
108816
108819
108820
108822
108823
108824
108825
108828
108829
108831
108838
108839
108840
108844
108845
108846
108851
108852
108854
108856
108858
108859
108861
108863
108868
108872
108873
108874
108877
108878
108879
108885
108886
108888
108889
108892
108894
108895
108897
108899
108901
108902
108905
108906
108910
108913
108914
108920
108921
108923
108926
108927
108936
108937
108938
108939
108942
108943
108947
108952
108956
108959
108965
108966
108967
108968
108969
108971
108973
108975
108978
108979
108980
108982
108985
108987
108990
108992
108993
108997
108998
108999
109001
109002
109003
109004
109008
109010
109011
109012
109014
109016
109018
109020
109021
109025
109026
109027
109031
109034
109039
109041
109042
109043
109045
109048
109049
109050
109052
109053
109054
109055
109058
109059
109060
109063
109064
109066
109067
109070
109073
109078
109085
109086
109088
109089
109091
109092
109093
109096
109099
109101
109104
109109
109110
109111
109113
109117
109119
109120
109121
109123
109125
109126
109127
109128
109133
109134
109142
109143
109144
109145
109150
109151
109152
109154
109164
109169
109171
109177
109178
109183
109184
109195
109201
109204
109206
109211
109220
109222
109223
109230
109237
109238
109241
109248
109250
109262
109266
109275
109276
109279
109282
109291
109292
109299
109302
109306
109315
109316
109326
109330
109331
109336
109341
109349
109351
109354
109359
109361
109365
109373
109374
109378
109387
109390
109392
109395
109398
109404
109405
109406
109418
109419
109425
109431
109432
109433
109435
109437
109440
109441
109445
109451
109452
109455
109458
109466
109471
109473
109474
109475
109476
109485
109489
109490
109495
109496
109499
109503
109504
109506
109514
109525
109530
109531
109532
109535
109546
109549
109550
109554
109556
109564
109566
109568
109571
109579
109582
109591
109593
109608
109610
109619
109623
109633
109635
109643
109650
109653
109666
109670
109672
109675
109676
109680
109681
109682
109683
109684
109688
109692
109697
109700
109705
109707
109709
109712
109715
109720
109732
109733
109737
109738
109739
109742
109746
109750
109754
109756
109758
109760
109762
109763
109776
109781
109785
109786
109791
109796
109798
109801
109813
109817
109819
109821
109822
109832
109841
109843
109847
109849
109851
109852
109867
109872
109874
109875
109878
109882
109890
109908
109915
109916
109920
109921
109928
109931
109936
109939
109957
109973
109975
109976
109981
109987
109991
110002
110017
110021
110026
110032
110035
110038
110041
110042
110044
110045
110050
110064
110065
110079
110080
110083
110095
110104
110116
110118
110121
110126
110131
110141
110143
110161
110166
110185
110189
110190
110205
110207
110210
110212
110214
110216
110220
110237
110243
110246
110256
110264
110265
110268
110273
110278
110280
110289
110294
110296
110318
110320
110321
110327
110333
110334
110340
110344
110353
110358
110360
110362
110366
110368
110370
110373
110385
110390
110391
110396
110397
110399
110400
110401
110402
110412
110419
110430
110433
110434
110436
110442
110445
110449
110450
110451
110452
110456
110458
110460
110474
110476
110477
110479
110487
110493
110496
110498
110500
110505
110516
110528
110549
110559
110562
110567
110574
110596
110610
110625
110647
110684
110685
110687
110703
110715
110720
110723
110728
110729
110731
110733
110735
110743
110745
110746
110756
110785
110790
110801
110815
110818
110821
110825
110827
110836
110840
110855
110857
110861
110863
110865
110870
110876
110886
110911
110919
110921
110922
110926
110927
110929
110936
110946
110959
110963
110972
110976
110978
110996
110997
111006
111014
111018
111019
111023
111036
111037
111049
111052
111053
111060
111070
111082
111090
111093
111111
111123
111125
111132
111155
111156
111171
111175
111184
111200
111217
111243
111245
111247
111271
111275
111296
111330
111332
111349
111357
111379
111380
111394
111396
111406
111434
111437
111445
111447
111466
111472
111492
111503
111513
111537
111547
111551
111557
111568
111582
111607
111609
111660
111661
111667
111675
111677
111679
111682
111686
111708
111737
111742
111746
111753
111754
111755
111758
111764
111767
111769
111778
111798
111810
111815
111818
111834
111852
111853
111859
111862
111893
111898
111904
111913
111931
111932
111943
111957
111962
111971
111974
111975
111988
111990
112000
112001
112004
112013
112024
112054
112092
112101
112118
112122
112134
112144
112150
112158
112161
112200
112206
112209
112231
112238
112241
112244
112255
112280
112291
112292
112293
112301
112306
112313
112320
112328
112332
112343
112352
112372
112374
112377
112379
112417
112427
112441
112443
112464
112499
112506
112512
112543
112582
112594
112601
112637
112638
112647
112660
112670
112687
112695
112732
112734
112746
112769
112796
112808
112811
112819
112827
112831
112838
112848
112856
112880
112889
112900
112921
112931
112933
112966
112967
112999
113000
113006
113018
113030
113042
113076
113118
113132
113135
113159
113163
113182
113199
113207
113221
113226
113234
113239
113274
113284
113291
113310
113315
113317
113320
113326
113331
113351
113380
113383
113387
113398
113403
113406
113411
113413
113428
113437
113448
113461
113468
113482
113493
113498
113534
113540
113550
113553
113555
113581
113601
113605
113609
113625
113643
113652
113678
113699
113701
113726
113730
113750
113751
113758
113764
113781
113786
113797
113809
113813
113839
113848
113869
113873
113882
113885
113896
113906
113949
113951
113957
113982
114020
114032
114066
114132
114174
114183
114194
114213
114258
114285
114302
114315
114324
114352
114369
114387
114402
114404
114413
114435
114438
114448
114465
114469
114482
114486
114503
114509
114520
114545
114550
114561
114563
114569
114598
114609
114630
114667
114690
114693
114695
114723
114733
114753
114788
114819
114843
114846
114905
114906
114913
114923
114962
114965
114970
114981
114992
115026
115030
115041
115047
115058
115090
115108
115132
115136
115142
115173
115174
115178
115187
115230
115240
115267
115297
115316
115348
115350
115365
115409
115416
115421
115429
115481
115485
115489
115507
115513
115531
115554
115574
115578
115592
115658
115729
115734
115746
115775
115788
115804
115807
115840
115859
115881
115922
115968
115983
115987
115990
115992
116007
116074
116089
116090
116105
116108
116111
116158
116190
116206
116207
116219
116234
116264
116347
116455
116473
116509
116520
116525
116532
116561
116590
116595
116605
116626
116648
116656
116677
116701
116733
116738
116752
116762
116794
116821
116831
116847
116878
116914
116997
117005
117042
117060
117099
117153
117178
117183
117193
117206
117210
117251
117252
117276
117308
117330
117354
117367
117375
117409
117448
117511
117574
117585
117616
117676
117695
117745
117758
117760
117771
117795
117797
117834
117864
117867
117881
117945
118018
118020
118041
118045
118090
118120
118127
118144
118215
118221
118223
118262
118267
118310
118316
118354
118422
118456
118469
118524
118595
118605
118642
118677
118712
118720
118725
118744
118755
118849
118857
118879
118899
118918
118969
118981
119030
119079
119114
119125
119144
119158
119170
119196
119202
119228
119231
119234
119237
119296
119321
119332
119362
119404
119439
119500
119507
119520
119585
119618
119633
119649
119697
119777
119796
119871
119890
119914
119920
119977
119984
119989
119999
120055
120076
120279
120308
120315
120322
120339
120365
120387
120395
120433
120443
120453
120488
120521
120532
120555
120566
120575
120588
120603
120631
120637
120664
120702
120754
120757
120784
120798
120802
120869
120922
120957
120968
120969
120986
121057
121061
121091
121111
121136
121186
121190
121192
121203
121219
121237
121274
121322
121431
121462
121531
121545
121550
121552
121567
121597
121636
121659
121663
121680
121684
121718
121749
121784
121786
121814
121932
121939
121942
121966
121970
122101
122140
122243
122249
122356
122368
122371
122381
122386
122432
122493
122520
122539
122597
122629
122654
122662
122674
122719
122742
122769
122788
122842
122850
122895
123000
123016
123140
123156
123161
123220
123239
123289
123303
123410
123430
123534
123535
123537
123579
123629
123644
123703
123704
123763
123828
123844
123944
123994
124017
124057
124087
124094
124177
124197
124360
124370
124380
124396
124561
124585
124636
124720
124749
124753
124802
124881
124883
124898
124936
125052
125161
125256
125286
125319
125343
125435
125450
125454
125522
125601
125697
125764
125787
125848
125939
125946
126011
126117
126142
126216
126342
126466
126516
126518
126519
126530
126623
126628
126707
126733
126767
126778
126779
126839
126849
126861
126896
126912
126926
127009
127042
127054
127096
127097
127364
127412
127427
127438
127515
127549
127615
127617
127638
127694
127807
127960
128045
128198
128223
128266
128280
128354
128453
128471
128526
128576
128627
128773
128787
128855
128859
129022
129038
129080
129085
129093
129148
129184
129265
129375
129425
129447
129510
129555
129635
129642
129652
129697
129729
129736
129872
129933
129980
130083
130239
130274
130285
130303
130424
130440
130482
130602
130692
130735
130786
130852
130859
130901
130979
130989
131058
131188
131241
131270
131318
131357
131519
131562
131577
131597
131599
131645
131655
131725
131998
132075
132178
132211
132228
132265
132405
132477
132593
132614
132656
132721
132768
132824
132935
133022
133054
133213
133369
133386
133406
133486
133513
133522
133573
133604
133609
133616
133674
133680
133802
134034
134078
134137
134543
134545
134585
134799
134843
134869
134997
135152
135185
135540
135664
135824
135940
136171
136365
136415
136423
136504
136581
136729
136832
136909
137063
137216
137242
137257
137285
137305
137552
137572
137600
137615
137682
137703
137730
137819
138101
138148
138229
138323
138419
138435
138496
138634
138698
138732
138788
138805
138950
138984
139021
139171
139206
139221
139270
139696
139752
139839
139931
140005
140103
140118
140133
140146
140314
140418
140566
140627
140644
140756
141461
141614
141657
141826
141868
141987
142011
142081
142140
142161
142274
142312
142372
142453
142479
142552
142634
142923
143048
143270
143284
143333
143494
143765
143847
143947
144073
144096
144107
144187
144373
144513
144591
144645
144834
144897
144996
145007
145187
145287
145510
145532
145668
145682
145850
145942
146026
146132
146385
146673
146677
146749
146824
146965
146972
147001
147131
147187
147386
147429
147927
148124
148192
148505
148575
148587
148654
148703
148704
148738
148767
148795
148985
149115
149177
149267
149278
149303
149380
149381
149409
149469
149503
149512
149641
149643
149686
149756
149837
149851
150106
150209
150226
150259
150313
150521
150541
150581
150673
150728
150922
150999
151168
151193
151783
151863
152007
152182
152183
152193
152415
152501
152510
152511
152707
152728
153016
153022
153065
153088
153089
153162
153180
153203
153228
153254
153311
153325
153331
153359
153373
153374
153471
153509
153696
153710
153729
153733
153803
153887
153890
153918
153926
153937
153963
154078
154148
154149
154156
154229
154352
154495
154510
154519
154546
154556
154566
154723
154770
154828
154830
154833
154893
155105
155119
155127
155172
155190
155199
155334
155361
155438
155469
155510
155606
155672
155738
155823
155846
155915
155925
155965
155995
155999
156080
156086
156102
156245
156265
156284
156286
156304
156377
156383
156390
156486
156556
156570
156607
156613
156716
156718
156722
156804
156848
156868
156870
156876
156879
156885
156941
156948
156983
157009
157016
157045
157057
157115
157132
157159
157167
157194
157243
157260
157337
157439
157466
157478
157526
157612
157619
157671
157816
157827
157848
157956
157958
157988
158036
158052
158093
158129
158190
158270
158323
158386
158408
158416
158496
158653
158658
158740
158778
158838
158926
158981
159029
159034
159055
159071
159122
159134
159144
159174
159216
159220
159264
159291
159341
159378
159384
159410
159462
159475
159491
159525
159553
159555
159572
159599
159609
159637
159706
159788
159804
159813
159820
159849
159896
159917
159957
159985
159989
160037
160085
160150
160166
160174
160188
160202
160205
160209
160235
160281
160296
160311
160351
160358
160462
160481
160512
160573
160608
160609
160618
160646
160700
160709
160751
160780
160784
160830
160835
160836
160856
160857
160861
160889
160910
160912
160916
160954
161016
161036
161057
161058
161102
161129
161140
161190
161220
161228
161251
161272
161281
161312
161359
161431
161468
161483
161519
161530
161544
161564
161619
161629
161649
161704
161709
161713
161729
161763
161804
161815
161818
161847
161854
161876
161880
161931
161964
161999
162000
162019
162045
162084
162104
162118
162136
162163
162184
162208
162237
162239
162269
162279
162284
162343
162359
162368
162381
162390
162451
162525
162526
162580
162581
162611
162619
162622
162631
162640
162648
162658
162725
162728
162734
162750
162755
162812
162814
162817
162919
162941
163003
163029
163030
163037
163043
163046
163085
163144
163178
163180
163197
163212
163274
163276
163282
163460
163487
163512
163514
163528
163532
163557
163575
163585
163598
163610
163628
163700
163706
163715
163719
163749
163758
163768
163780
163791
163812
163845
163861
163888
164014
164033
164095
164119
164136
164148
164191
164196
164205
164235
164241
164260
164287
164293
164326
164332
164377
164404
164419
164454
164497
164553
164573
164586
164753
164765
164774
164780
164817
164840
164852
164914
164927
164934
165025
165076
165117
165164
165224
165278
165298
165362
165372
165409
165429
165472
165523
165595
165599
165632
165655
165660
165709
165710
165736
165750
165843
165907
165936
165951
166077
166109
166257
166305
166337
166351
166467
166500
166522
166525
166561
166565
166594
166608
166643
166645
166646
166666
166699
166746
166797
166848
166852
166917
166933
167035
167075
167128
167152
167157
167212
167233
167297
167316
167381
167412
167513
167565
167600
167647
167649
167684
167801
167818
167863
167880
167959
167967
168014
168040
168059
168087
168103
168139
168453
168517
168579
168675
168696
168705
168840
168845
168889
168891
168977
169006
169016
169022
169056
169103
169111
169121
169143
169199
169237
169246
169260
169261
169262
169286
169361
169404
169413
169450
169489
169503
169553
169575
169614
169619
169629
169665
169675
169684
169717
169730
169752
169917
169968
170074
170086
170147
170166
170286
170313
170363
170367
170393
170465
170496
170561
170643
170660
170661
170667
170728
171023
171083
171176
171270
171309
171329
171349
171381
171397
171407
171458
171461
171504
171544
171546
171573
171588
171598
171617
171635
171661
171670
171690
171709
171727
171729
171744
171777
171784
171806
171812
171822
171832
171836
171888
171893
171902
171968
171973
171974
171996
172014
172039
172065
172077
172080
172113
172118
172130
172144
172182
172195
172224
172226
172291
172293
172299
172300
172358
172359
172361
172368
172383
172417
172442
172445
172452
172493
172497
172501
172504
172508
172510
172541
172566
172567
172646
172695
172707
172708
172732
172734
172738
172759
172775
172776
172841
172856
172891
172894
172911
172938
172948
172955
172960
172966
172974
172983
172989
173020
173025
173029
173038
173085
173097
173124
173135
173140
173164
173171
173179
173196
173200
173259
173275
173351
173355
173358
173387
173401
173437
173495
173499
173530
173545
173554
173561
173574
173589
173609
173631
173651
173654
173688
173761
173762
173764
173774
173791
173798
173799
173819
173825
173828
173870
173942
173950
173970
173976
173977
174003
174007
174010
174018
174061
174125
174144
174183
174213
174232
174297
174319
174344
174349
174350
174355
174357
174362
174363
174367
174400
174402
174410
174426
174431
174448
174483
174520
174528
174540
174548
174569
174609
174633
174637
174638
174639
174681
174682
174696
174709
174710
174713
174735
174753
174764
174786
174789
174793
174795
174840
174871
174875
174877
174945
174965
174979
175009
175010
175035
175038
175065
175079
175134
175152
175179
175196
175230
175251
175253
175258
175263
175267
175273
175283
175312
175345
175346
175381
175395
175408
175410
175427
175428
175483
175495
175507
175515
175542
175548
175553
175565
175595
175613
175627
175678
175698
175714
175715
175726
175750
175762
175769
175777
175796
175800
175854
175862
175866
175874
175877
175899
175903
175960
175971
175981
175991
176048
176050
176064
176070
176077
176119
176144
176145
176163
176185
176217
176222
176270
176272
176307
176335
176379
176381
176387
176415
176418
176440
176467
176470
176489
176501
176513
176517
176526
176547
176563
176574
176576
176577
176590
176604
176605
176614
176633
176640
176647
176659
176681
176690
176702
176727
176729
176751
176787
176790
176797
176817
176822
176857
176880
176881
176884
176986
177005
177008
177025
177032
177033
177068
177069
177145
177154
177197
177198
177201
177209
177217
177244
177264
177265
177279
177280
177306
177321
177354
177408
177431
177446
177460
177470
177508
177529
177635
177648
177652
177656
177664
177681
177686
177700
177724
177770
177781
177812
177815
177818
177838
177857
177859
177869
177873
177876
177884
177885
177889
177890
177892
177922
177962
177963
178025
178071
178096
178102
178107
178114
178131
178136
178138
178157
178163
178202
178205
178213
178214
178251
178310
178326
178349
178350
178368
178385
178390
178406
178436
178439
178458
178466
178478
178499
178508
178509
178564
178573
178575
178578
178582
178589
178599
178609
178616
178633
178640
178644
178649
178654
178661
178667
178677
178757
178760
178773
178813
178891
178904
178910
178938
178949
178959
178965
178969
178976
179056
179101
179122
179129
179133
179157
179165
179189
179199
179223
179235
179242
179243
179348
179395
179418
179463
179488
179490
179499
179504
179507
179537
179543
179573
179576
179610
179619
179623
179627
179664
179666
179674
179719
179742
179761
179762
179776
179785
179797
179840
179844
179861
179865
179868
179871
179875
179882
179883
179901
179931
179954
179964
179978
179998
180018
180022
180023
180026
180033
180035
180044
180061
180065
180068
180076
180088
180101
180110
180140
180159
180256
180260
180267
180268
180308
180315
180345
180429
180436
180470
180473
180477
180479
180494
180522
180531
180533
180545
180548
180555
180584
180588
180595
180670
180685
180704
180742
180771
180791
180803
180824
180825
180826
180835
180842
180843
180855
180857
180882
180895
180959
180969
181029
181030
181063
181075
181110
181113
181115
181132
181140
181195
181218
181277
181300
181314
181321
181346
181359
181362
181404
181429
181432
181472
181476
181478
181486
181502
181504
181522
181523
181546
181555
181577
181647
181664
181682
181701
181705
181717
181727
181762
181813
181842
181879
181909
181911
181945
181954
181967
181974
182021
182028
182076
182088
182102
182141
182150
182157
182186
182207
182248
182260
182287
182309
182310
182359
182371
182383
182388
182402
182425
182434
182439
182479
182499
182531
182544
182568
182594
182612
182613
182621
182626
182640
182660
182687
182699
182740
182743
182753
182779
182780
182828
182829
182843
182848
182853
182918
182923
182959
182967
182988
183012
183044
183047
183048
183063
183069
183076
183125
183128
183146
183149
183163
183182
183185
183203
183215
183261
183269
183304
183316
183317
183357
183384
183390
183391
183398
183438
183446
183465
183504
183515
183529
183560
183562
183564
183592
183605
183609
183613
183662
183720
183724
183727
183732
183743
183744
183772
183776
183792
183802
183827
183848
183849
183931
183946
183965
183970
183980
184006
184013
184054
184076
184114
184124
184144
184237
184262
184277
184280
184283
184284
184303
184327
184329
184337
184344
184352
184356
184366
184390
184395
184417
184424
184431
184446
184479
184512
184536
184544
184545
184574
184624
184653
184669
184730
184739
184744
184745
184843
184849
184853
184925
184953
184962
184974
184976
185019
185023
185035
185038
185041
185050
185094
185150
185151
185170
185179
185195
185199
185214
185249
185273
185315
185326
185350
185366
185389
185410
185450
185451
185496
185556
185606
185628
185677
185688
185705
185746
185766
185807
185876
185890
185919
185958
185961
186043
186061
186091
186098
186101
186113
186141
186162
186167
186186
186194
186206
186232
186258
186265
186285
186301
186314
186335
186360
186368
186430
186444
186451
186480
186505
186518
186525
186535
186569
186601
186611
186612
186626
186632
186642
186697
186722
186723
186728
186735
186779
186785
186816
186852
186853
186860
186876
186881
186882
186903
186907
186910
186946
186961
186974
186976
186988
186996
187014
187089
187090
187142
187188
187221
187225
187233
187238
187257
187261
187350
187383
187451
187497
187503
187518
187525
187534
187542
187559
187564
187585
187616
187637
187652
187660
187664
187669
187676
187685
187692
187704
187732
187741
187746
187767
187796
187817
187823
187825
187843
187862
187870
187887
187888
187930
187932
187965
187980
188020
188093
188115
188144
188189
188229
188236
188262
188288
188315
188328
188351
188370
188383
188395
188410
188456
188460
188495
188510
188537
188586
188596
188631
188632
188643
188644
188647
188719
188791
188802
188818
188833
188842
188870
188877
188889
188890
188899
188912
188917
188921
188955
188994
189017
189022
189024
189035
189069
189074
189106
189108
189169
189192
189197
189200
189221
189223
189237
189239
189260
189286
189321
189333
189356
189375
189377
189388
189391
189395
189402
189404
189412
189422
189438
189452
189454
189468
189489
189531
189540
189551
189572
189577
189586
189638
189646
189665
189692
189717
189748
189766
189781
189809
189816
189848
189861
189867
189956
189965
189973
189995
189997
190000
190053
190066
190071
190077
190099
190112
190153
190170
190183
190187
190204
190286
190322
190420
190509
190519
190538
190543
190559
190583
190616
190632
190634
190657
190666
190705
190722
190728
190736
190755
190785
190821
190848
190850
190858
190867
190899
190957
190971
190986
190987
190992
191056
191072
191126
191162
191163
191187
191196
191197
191214
191226
191241
191259
191270
191278
191280
191296
191320
191404
191414
191418
191441
191466
191484
191486
191492
191500
191545
191553
191567
191585
191622
191624
191703
191707
191771
191789
191792
191796
191812
191827
191833
191839
191854
191858
191890
191942
192026
192115
192123
192129
192146
192248
192250
192282
192283
192315
192367
192370
192380
192398
192459
192479
192493
192535
192575
192615
192709
192754
192787
192788
192808
192816
192822
192859
192862
192864
192881
192899
192911
192939
192957
192999
193076
193080
193086
193095
193099
193108
193160
193183
193197
193230
193233
193260
193271
193280
193285
193288
193319
193385
193387
193395
193400
193446
193461
193506
193510
193553
193569
193576
193630
193638
193663
193678
193698
193699
193714
193739
193740
193746
193772
193798
193808
193824
193854
193899
193900
193926
193940
193946
193964
193993
194027
194100
194104
194114
194139
194146
194166
194175
194179
194193
194201
194214
194215
194217
194226
194276
194292
194307
194320
194341
194356
194365
194422
194437
194440
194448
194455
194458
194525
194535
194546
194589
194606
194679
194680
194694
194728
194797
194806
194820
194821
194833
194838
194907
194915
194933
194960
195011
195016
195036
195080
195107
195126
195162
195177
195190
195215
195243
195277
195307
195327
195354
195355
195377
195390
195401
195406
195470
195508
195514
195519
195545
195564
195651
195674
195695
195699
195701
195711
195745
195747
195753
195765
195834
195865
195870
195885
195910
195921
195934
195936
195944
195961
195976
195978
195982
196057
196081
196086
196093
196118
196151
196154
196166
196173
196182
196198
196208
196369
196414
196422
196454
196471
196472
196505
196521
196532
196614
196639
196703
196712
196718
196780
196800
196812
196829
196845
196848
196891
196952
196975
196985
196999
197013
197055
197073
197110
197121
197125
197129
197137
197170
197180
197201
197237
197279
197290
197291
197338
197345
197354
197369
197378
197397
197427
197437
197455
197461
197468
197479
197483
197528
197536
197561
197562
197569
197574
197593
197611
197635
197727
197759
197793
197819
197827
197852
197876
197926
197955
198002
198016
198075
198076
198111
198115
198144
198258
198280
198304
198346
198404
198520
198521
198538
198543
198547
198560
198565
198590
198611
198618
198619
198651
198734
198848
198863
198875
198877
198883
198887
198914
198980
199024
199096
199103
199119
199130
199176
199178
199194
199252
199256
199406
199419
199445
199451
199515
199538
199564
199567
199572
199585
199587
199588
199639
199659
199662
199702
199703
199705
199724
199745
199751
199762
199771
199793
199823
199836
199841
199844
199875
199927
199969
199980
199989
200061
200159
200172
200211
200217
200248
200255
200288
200305
200377
200416
200428
200451
200474
200504
200520
200545
200567
200572
200597
200602
200609
200652
200666
200667
200702
200709
200748
200753
200781
200794
200805
200847
200867
200881
200889
200912
200914
200929
200930
200952
200974
200982
200997
201011
201039
201057
201067
201069
201096
201113
201175
201189
201224
201226
201252
201259
201277
201292
201304
201319
201343
201364
201365
201387
201388
201403
201404
201413
201449
201457
201465
201485
201499
201511
201540
201606
201618
201663
201673
201691
201699
201736
201811
201815
201828
201843
201886
201894
201896
201900
201959
201973
202024
202055
202078
202104
202110
202137
202162
202201
202222
202242
202249
202280
202304
202314
202319
202344
202353
202357
202363
202364
202366
202382
202385
202428
202476
202478
202490
202517
202523
202570
202575
202678
202684
202735
202744
202745
202780
202844
202845
202865
202879
202909
202974
202992
203020
203038
203065
203072
203089
203092
203093
203118
203143
203148
203195
203270
203278
203298
203299
203329
203332
203335
203384
203397
203417
203424
203436
203477
203481
203506
203509
203582
203611
203635
203666
203675
203676
203694
203709
203736
203750
203754
203798
203857
203868
203881
203890
203916
203960
203968
203972
204023
204084
204128
204175
204180
204186
204189
204252
204277
204339
204366
204389
204400
204411
204444
204459
204494
204505
204513
204514
204533
204574
204594
204714
204759
204760
204762
204904
204980
204993
205011
205057
205062
205097
205126
205137
205172
205190
205213
205228
205270
205316
205337
205338
205340
205384
205419
205428
205452
205453
205463
205480
205497
205532
205586
205615
205686
205694
205699
205772
205774
205838
205931
205939
206029
206040
206048
206066
206092
206103
206137
206138
206357
206383
206385
206437
206446
206492
206518
206563
206565
206595
206626
206663
206672
206714
206718
206737
206755
206813
206830
206832
206840
206851
206853
206871
206877
206880
206883
206914
206980
206982
206991
206995
207013
207016
207046
207069
207090
207114
207180
207195
207273
207286
207287
207297
207298
207322
207379
207383
207402
207411
207468
207482
207492
207521
207565
207620
207633
207651
207675
207784
207814
207823
207860
207861
207877
207880
207943
207975
208006
208016
208137
208168
208170
208201
208251
208285
208288
208306
208312
208424
208442
208452
208489
208519
208559
208572
208601
208627
208649
208656
208665
208683
208707
208709
208711
208731
208756
208781
208861
208890
208910
208912
208954
208983
208985
209175
209218
209266
209281
209292
209312
209394
209402
209403
209412
209477
209480
209539
209568
209579
209608
209619
209638
209696
209715
209720
209778
209813
209840
209893
209904
209926
209933
209935
209944
209955
209963
209985
210053
210058
210077
210100
210103
210119
210126
210127
210141
210159
210177
210191
210298
210314
210320
210349
210373
210401
210436
210444
210513
210523
210529
210553
210583
210600
210659
210660
210662
210673
210719
210829
210836
210857
210890
210891
210940
210994
211062
211073
211125
211149
211169
211178
211258
211271
211334
211342
211360
211370
211375
211441
211451
211474
211479
211527
211533
211559
211579
211582
211608
211610
211614
211635
211638
211643
211645
211652
211673
211777
211785
211840
211841
211870
211871
211936
211942
211992
211998
212049
212094
212098
212103
212114
212170
212193
212247
212251
212306
212414
212478
212496
212525
212564
212635
212654
212689
212725
212760
212806
212837
212846
212852
212924
212930
212946
212988
213017
213042
213108
213112
213132
213213
213261
213273
213303
213325
213333
213359
213382
213414
213495
213556
213596
213649
213672
213675
213681
213723
213752
213778
213784
213814
213889
213898
213931
213966
214010
214017
214070
214093
214127
214192
214201
214221
214240
214315
214324
214336
214351
214367
214387
214467
214494
214557
214562
214581
214607
214665
214703
214704
214714
214773
214775
214818
214852
214913
214917
214932
214945
215096
215113
215138
215174
215231
215233
215244
215261
215286
215310
215311
215319
215327
215332
215342
215393
215430
215442
215476
215495
215514
215539
215543
215617
215689
215762
215792
215959
216007
216028
216073
216129
216136
216166
216177
216189
216267
216284
216378
216387
216389
216434
216495
216520
216532
216559
216572
216604
216618
216805
216811
216834
216846
216931
216935
216990
216996
217048
217081
217082
217105
217137
217158
217173
217185
217222
217230
217252
217330
217373
217388
217415
217433
217452
217506
217514
217559
217569
217585
217589
217638
217640
217651
217654
217694
217730
217790
217794
217796
217809
217813
217935
217956
218005
218017
218020
218089
218108
218134
218140
218153
218167
218210
218246
218313
218337
218362
218367
218382
218406
218492
218515
218526
218556
218561
218581
218586
218593
218644
218671
218693
218752
218758
218759
218784
218806
218809
218853
218854
218864
218894
218898
218917
218940
219030
219063
219076
219136
219192
219193
219214
219231
219232
219345
219426
219491
219515
219530
219606
219612
219679
219798
219817
219821
219822
219823
219830
219859
219966
220021
220057
220101
220105
220111
220112
220154
220159
220168
220182
220186
220251
220348
220369
220389
220421
220441
220473
220491
220493
220497
220511
220517
220597
220622
220668
220763
220769
220799
220830
220838
220844
220867
220897
220921
221009
221027
221060
221083
221092
221149
221152
221230
221235
221247
221265
221324
221362
221369
221374
221405
221409
221433
221483
221501
221535
221587
221629
221653
221668
221719
221758
221794
221882
221932
221948
222064
222084
222108
222110
222186
222220
222234
222266
222280
222310
222316
222386
222390
222452
222458
222475
222479
222534
222543
222554
222568
222584
222605
222612
222636
222658
222659
222678
222693
222866
222868
222898
222927
222931
222957
222962
222967
222973
222998
223112
223166
223172
223237
223271
223453
223496
223528
223533
223569
223603
223655
223672
223685
223693
223705
223731
223755
223803
223884
223980
223986
223997
224083
224123
224131
224137
224156
224158
224162
224173
224195
224244
224291
224308
224365
224397
224511
224514
224522
224603
224604
224612
224662
224667
224699
224702
224718
224738
224804
224923
224998
225059
225085
225144
225185
225280
225290
225296
225323
225336
225341
225356
225495
225505
225508
225604
225621
225653
225704
225710
225762
225802
225857
225859
225902
225912
225913
225917
225935
225977
226001
226100
226116
226156
226230
226235
226319
226336
226338
226369
226412
226444
226504
226542
226553
226699
226713
226788
226808
226901
226958
226967
226972
227002
227016
227074
227156
227168
227198
227218
227228
227229
227236
227333
227343
227364
227537
227622
227628
227710
227761
227780
227840
227862
227885
227911
227916
227931
228022
228034
228081
228134
228202
228269
228332
228367
228409
228476
228524
228529
228581
228676
228701
228717
228734
228744
228747
228753
228769
228777
228820
228824
228901
228906
228934
228947
228984
229056
229078
229090
229102
229212
229245
229248
229249
229253
229294
229336
229345
229346
229475
229488
229523
229528
229538
229546
229583
229588
229660
229662
229724
229748
229774
229801
229835
229855
229856
229888
229901
229932
229956
229998
230069
230149
230177
230234
230237
230281
230294
230326
230387
230388
230419
230461
230463
230468
230472
230500
230558
230638
230642
230677
230722
230737
230825
230842
230856
230870
230908
230912
230918
230942
231064
231105
231131
231138
231150
231151
231158
231169
231194
231269
231272
231302
231329
231390
231510
231513
231523
231534
231723
231724
231787
231799
231807
231859
231861
231864
231865
231892
232002
232078
232082
232097
232160
232170
232182
232245
232328
232364
232382
232393
232396
232438
232580
232611
232642
232644
232701
232757
232787
232814
232827
232857
232896
232940
233000
233071
233137
233151
233233
233237
233250
233254
233286
233300
233325
233378
233396
233428
233433
233467
233472
233531
233558
233583
233618
233632
233671
233676
233684
233688
233694
233700
233723
233737
233765
233774
233810
233837
233841
233864
233869
233874
233922
233965
233984
234008
234052
234087
234105
234155
234179
234292
234300
234333
234339
234370
234402
234419
234458
234511
234549
234570
234582
234630
234657
234686
234724
234764
234786
234801
234843
234879
234893
234916
234937
235039
235043
235116
235120
235181
235190
235192
235245
235249
235269
235300
235304
235333
235441
235461
235489
235516
235519
235535
235538
235549
235560
235777
235783
235801
235829
235833
235877
235884
235893
235915
235938
235941
235983
236004
236022
236033
236108
236144
236145
236161
236200
236218
236230
236300
236350
236370
236387
236399
236437
236481
236524
236534
236545
236607
236633
236636
236718
236802
236823
236849
236881
236884
236894
236908
236927
236943
236944
236966
236985
237001
237084
237099
237111
237114
237124
237200
237206
237267
237322
237338
237344
237353
237396
237486
237494
237511
237593
237689
237766
237830
237887
237898
237924
237926
237969
237983
238027
238029
238189
238199
238215
238341
238369
238421
238423
238432
238448
238473
238519
238561
238619
238663
238692
238830
238845
238847
238904
238940
238958
238968
238972
238981
239004
239034
239041
239098
239110
239134
239135
239181
239182
239198
239261
239350
239351
239397
239496
239573
239646
239662
239684
239702
239722
239748
239784
239804
239835
239853
239857
239882
239890
239958
239995
240013
240017
240030
240107
240145
240194
240206
240260
240333
240334
240385
240389
240448
240450
240459
240511
240524
240536
240554
240574
240629
240640
240642
240656
240675
240676
240759
240864
240943
240955
240975
240976
240978
240994
241007
241010
241022
241035
241066
241119
241125
241199
241212
241213
241216
241234
241264
241271
241272
241345
241378
241421
241422
241444
241474
241475
241489
241549
241591
241598
241624
241686
241818
241821
241890
241932
241936
241938
241977
241980
242044
242115
242126
242170
242214
242332
242333
242335
242343
242406
242418
242440
242479
242491
242522
242573
242602
242650
242700
242834
242974
242984
243004
243014
243025
243080
243187
243193
243210
243246
243264
243308
243315
243319
243394
243413
243418
243444
243471
243513
243528
243564
243571
243591
243693
243740
243748
243797
243819
243929
243941
243969
243993
244039
244087
244090
244146
244148
244158
244237
244249
244288
244315
244398
244441
244462
244476
244484
244518
244532
244534
244632
244662
244843
244883
245002
245056
245083
245091
245128
245129
245147
245191
245199
245224
245226
245243
245244
245286
245294
245302
245320
245342
245362
245376
245384
245402
245416
245480
245486
245513
245522
245547
245580
245721
245744
245796
245875
245961
245982
245995
246024
246040
246053
246081
246131
246189
246225
246234
246260
246280
246389
246400
246465
246522
246561
246610
246684
246686
246688
246696
246746
246753
246798
246853
246886
246932
247033
247065
247146
247195
247256
247272
247320
247430
248044
248045
248046
248047
248048
248049
248050
248051
248052
248053
248054
248055
248056
248057
248058
248059
248060
248061
248062
248063
248064
248065
248066
248067
248068
248069
248070
248071
248072
248073
248074
248075
248076
